#
# There is insufficient memory for the Java Runtime Environment to continue.
# Native memory allocation (mmap) failed to map 65536 bytes for Failed to commit metaspace.
# Possible reasons:
#   The system is out of physical RAM or swap space
#   The process is running with CompressedOops enabled, and the Java Heap may be blocking the growth of the native heap
# Possible solutions:
#   Reduce memory load on the system
#   Increase physical memory or swap space
#   Check if swap backing store is full
#   Decrease Java heap size (-Xmx/-Xms)
#   Decrease number of Java threads
#   Decrease Java thread stack sizes (-Xss)
#   Set larger code cache with -XX:ReservedCodeCacheSize=
#   JVM is running with Unscaled Compressed Oops mode in which the Java heap is
#     placed in the first 4GB address space. The Java Heap base address is the
#     maximum limit for the native heap growth. Please use -XX:HeapBaseMinAddress
#     to set the Java Heap base and to place the Java Heap above 4GB virtual address.
# This output file may be truncated or incomplete.
#
#  Out of Memory Error (virtualSpaceNode.cpp:112), pid=15020, tid=22480
#
# JRE version: Java(TM) SE Runtime Environment (21.0.10+8) (build 21.0.10+8-LTS-217)
# Java VM: Java HotSpot(TM) 64-Bit Server VM (21.0.10+8-LTS-217, mixed mode, sharing, tiered, compressed oops, compressed class ptrs, g1 gc, windows-amd64)
# No core dump will be written. Minidumps are not enabled by default on client versions of Windows
#

---------------  S U M M A R Y ------------

Command Line: --add-opens=java.base/java.lang=ALL-UNNAMED --add-opens=java.base/java.lang.invoke=ALL-UNNAMED --add-opens=java.base/java.util=ALL-UNNAMED --add-opens=java.prefs/java.util.prefs=ALL-UNNAMED --add-exports=jdk.compiler/com.sun.tools.javac.api=ALL-UNNAMED --add-exports=jdk.compiler/com.sun.tools.javac.util=ALL-UNNAMED --add-opens=java.base/java.util=ALL-UNNAMED --add-opens=java.prefs/java.util.prefs=ALL-UNNAMED --add-opens=java.base/java.nio.charset=ALL-UNNAMED --add-opens=java.base/java.net=ALL-UNNAMED --add-opens=java.base/java.util.concurrent.atomic=ALL-UNNAMED --add-opens=java.xml/javax.xml.namespace=ALL-UNNAMED -XX:MaxMetaspaceSize=512m -Xmx2048m -Dfile.encoding=UTF-8 -Duser.country=US -Duser.language=en -Duser.variant -javaagent:C:\Users\ngotr\.gradle\wrapper\dists\gradle-8.14.3-bin\cv11ve7ro1n3o1j4so8xd9n66\gradle-8.14.3\lib\agents\gradle-instrumentation-agent-8.14.3.jar org.gradle.launcher.daemon.bootstrap.GradleDaemon 8.14.3

Host: AMD Ryzen 7 7735HS with Radeon Graphics        , 16 cores, 13G,  Windows 11 , 64 bit Build 26100 (10.0.26100.9168)
Time: Thu Sep  3 15:17:10 2026 SE Asia Standard Time elapsed time: 105.171756 seconds (0d 0h 1m 45s)

---------------  T H R E A D  ---------------

Current thread (0x000001592f1fc390):  JavaThread "Daemon worker"        [_thread_in_vm, id=22480, stack(0x000000435ea00000,0x000000435eb00000) (1024K)]

Stack: [0x000000435ea00000,0x000000435eb00000]
Native frames: (J=compiled Java code, j=interpreted, Vv=VM code, C=native code)
V  [jvm.dll+0x6d0b59]
V  [jvm.dll+0x85fd56]
V  [jvm.dll+0x86224e]
V  [jvm.dll+0x862923]
V  [jvm.dll+0x282a16]
V  [jvm.dll+0x85bade]
V  [jvm.dll+0x674a44]
V  [jvm.dll+0x1e7c48]
V  [jvm.dll+0x1e7a0e]
V  [jvm.dll+0x67736f]
V  [jvm.dll+0x6771a2]
V  [jvm.dll+0x67541e]
V  [jvm.dll+0x26cf60]
V  [jvm.dll+0x67f635]
V  [jvm.dll+0x218c6e]
V  [jvm.dll+0x219115]
V  [jvm.dll+0x219b1b]
V  [jvm.dll+0x20ec2e]
V  [jvm.dll+0x5b291f]
V  [jvm.dll+0x7d9d26]
V  [jvm.dll+0x475878]
V  [jvm.dll+0x47b4c8]
C  [java.dll+0x1818]

Java frames: (J=compiled Java code, j=interpreted, Vv=VM code)
J 905  java.lang.ClassLoader.defineClass1(Ljava/lang/ClassLoader;Ljava/lang/String;[BIILjava/security/ProtectionDomain;Ljava/lang/String;)Ljava/lang/Class; java.base@21.0.10 (0 bytes) @ 0x0000015907bf9991 [0x0000015907bf98c0+0x00000000000000d1]
J 12622 c2 java.security.SecureClassLoader.defineClass(Ljava/lang/String;[BIILjava/security/CodeSource;)Ljava/lang/Class; java.base@21.0.10 (16 bytes) @ 0x0000015907fa125c [0x0000015907fa10c0+0x000000000000019c]
J 19764 c2 java.net.URLClassLoader.defineClass(Ljava/lang/String;Ljdk/internal/loader/Resource;)Ljava/lang/Class; java.base@21.0.10 (224 bytes) @ 0x0000015908663184 [0x00000159086626c0+0x0000000000000ac4]
J 9591 c2 java.net.URLClassLoader$1.run()Ljava/lang/Class; java.base@21.0.10 (81 bytes) @ 0x0000015907f72588 [0x0000015907f71da0+0x00000000000007e8]
J 20147 c2 java.net.URLClassLoader$1.run()Ljava/lang/Object; java.base@21.0.10 (5 bytes) @ 0x00000159086b2160 [0x00000159086b2120+0x0000000000000040]
J 5455 c2 java.net.URLClassLoader.findClass(Ljava/lang/String;)Ljava/lang/Class; java.base@21.0.10 (47 bytes) @ 0x0000015907eae91c [0x0000015907eae860+0x00000000000000bc]
J 19753 c1 org.gradle.internal.classloader.VisitableURLClassLoader$InstrumentingVisitableURLClassLoader.findClass(Ljava/lang/String;)Ljava/lang/Class; (36 bytes) @ 0x0000015901d86b7c [0x0000015901d86aa0+0x00000000000000dc]
J 8060 c2 java.lang.ClassLoader.loadClass(Ljava/lang/String;Z)Ljava/lang/Class; java.base@21.0.10 (121 bytes) @ 0x00000159084ee2a4 [0x00000159084edd80+0x0000000000000524]
J 3667 c2 java.lang.ClassLoader.loadClass(Ljava/lang/String;)Ljava/lang/Class; java.base@21.0.10 (7 bytes) @ 0x0000015907db3c6c [0x0000015907db3c20+0x000000000000004c]
v  ~StubRoutines::call_stub 0x000001590745100d
j  com.android.prefs.PathLocator.singlePathOf([Lcom/android/prefs/Global;)Ljava/nio/file/Path;+10
j  com.android.prefs.AbstractAndroidLocations.computeAndroidFolder()Ljava/nio/file/Path;+61
j  com.android.build.gradle.internal.services.AndroidLocationsBuildService$androidLocations$1$1.execute(Lorg/gradle/api/provider/ValueSourceSpec;)V+22
j  com.android.build.gradle.internal.services.AndroidLocationsBuildService$androidLocations$1$1.execute(Ljava/lang/Object;)V+5
J 35384 c1 org.gradle.api.internal.provider.DefaultValueSourceProviderFactory.configureParameters(Lorg/gradle/api/provider/ValueSourceParameters;Lorg/gradle/api/Action;)V (34 bytes) @ 0x0000015903b8e4cc [0x0000015903b8e000+0x00000000000004cc]
J 26955 c1 org.gradle.api.internal.provider.DefaultValueSourceProviderFactory.createProviderOf(Ljava/lang/Class;Lorg/gradle/api/Action;)Lorg/gradle/api/provider/Provider; (67 bytes) @ 0x00000159031fc90c [0x00000159031fc520+0x00000000000003ec]
J 26954 c1 org.gradle.api.internal.provider.DefaultProviderFactory.of(Ljava/lang/Class;Lorg/gradle/api/Action;)Lorg/gradle/api/provider/Provider; (27 bytes) @ 0x00000159031f9de4 [0x00000159031f9ce0+0x0000000000000104]
j  com.android.build.gradle.internal.services.AndroidLocationsBuildService.<init>(Lorg/gradle/api/provider/ProviderFactory;)V+73
j  com.android.build.gradle.internal.services.AndroidLocationsBuildService$Inject.<init>(Lorg/gradle/api/provider/ProviderFactory;)V+2
J 3930 c2 java.lang.invoke.DirectMethodHandle$Holder.newInvokeSpecial(Ljava/lang/Object;Ljava/lang/Object;)Ljava/lang/Object; java.base@21.0.10 (21 bytes) @ 0x0000015907dd197c [0x0000015907dd1840+0x000000000000013c]
J 27802 c2 java.lang.invoke.LambdaForm$MH+0x0000015910018000.invoke(Ljava/lang/Object;Ljava/lang/Object;)Ljava/lang/Object; java.base@21.0.10 (35 bytes) @ 0x0000015907f8b94c [0x0000015907f8b8c0+0x000000000000008c]
J 25574 c2 java.lang.reflect.Constructor.newInstanceWithCaller([Ljava/lang/Object;ZLjava/lang/Class;)Ljava/lang/Object; java.base@21.0.10 (51 bytes) @ 0x0000015907f942e4 [0x0000015907f93580+0x0000000000000d64]
J 32463 c2 org.gradle.internal.instantiation.generator.AbstractClassGenerator$GeneratedClassImpl$GeneratedConstructorImpl.newInstance(Lorg/gradle/internal/service/ServiceLookup;Lorg/gradle/internal/instantiation/InstanceGenerator;Lorg/gradle/api/Describable;[Ljava/lang/Object;)Ljava/lang/Object; (15 bytes) @ 0x0000015908de4fd8 [0x0000015908de4be0+0x00000000000003f8]
J 34235 c2 org.gradle.internal.instantiation.generator.DependencyInjectingInstantiator.doCreate(Ljava/lang/Class;Lorg/gradle/api/Describable;[Ljava/lang/Object;)Ljava/lang/Object; (64 bytes) @ 0x00000159090bf9cc [0x00000159090bf5a0+0x000000000000042c]
J 34402 c2 org.gradle.internal.instantiation.generator.DependencyInjectingInstantiator.newInstance(Ljava/lang/Class;[Ljava/lang/Object;)Ljava/lang/Object; (8 bytes) @ 0x0000015909126568 [0x0000015909126520+0x0000000000000048]
j  org.gradle.api.services.internal.RegisteredBuildServiceProvider.instantiate(Lorg/gradle/internal/service/ServiceLookup;)Lorg/gradle/api/services/BuildService;+23
j  org.gradle.api.services.internal.RegisteredBuildServiceProvider.instantiate()Lorg/gradle/internal/Try;+30
J 27624 c1 org.gradle.api.services.internal.RegisteredBuildServiceProvider.getInstance()Lorg/gradle/api/services/BuildService; (50 bytes) @ 0x0000015900ca9bbc [0x0000015900ca9a00+0x00000000000001bc]
J 27626 c1 org.gradle.api.services.internal.RegisteredBuildServiceProvider.calculateOwnValue(Lorg/gradle/api/internal/provider/ValueSupplier$ValueConsumer;)Lorg/gradle/api/internal/provider/ValueSupplier$Value; (8 bytes) @ 0x0000015900d03104 [0x0000015900d03080+0x0000000000000084]
J 34635 c2 org.gradle.api.internal.provider.AbstractMinimalProvider.get()Ljava/lang/Object; (10 bytes) @ 0x000001590918ae98 [0x000001590918ae40+0x0000000000000058]
j  com.android.build.gradle.internal.plugins.BasePlugin.configureProject(Lorg/gradle/api/Project;)V+175
j  com.android.build.gradle.internal.plugins.AndroidPluginBaseServices$basePluginApply$2.call()V+8
j  com.android.build.gradle.internal.profile.NoOpAnalyticsConfiguratorService.recordBlock(Lcom/google/wireless/android/sdk/stats/GradleBuildProfileSpan$ExecutionType;Ljava/lang/String;Ljava/lang/String;Lcom/android/builder/profile/Recorder$VoidBlock;)V+21
j  com.android.build.gradle.internal.plugins.AndroidPluginBaseServices.basePluginApply(Lorg/gradle/api/Project;Lorg/gradle/api/configuration/BuildFeatures;)V+414
j  com.android.build.gradle.internal.plugins.BasePlugin$apply$1.run()V+15
j  com.android.build.gradle.internal.crash.CrashReporting.runAction(Ljava/lang/Runnable;)V+8
j  com.android.build.gradle.internal.plugins.BasePlugin.apply(Lorg/gradle/api/Project;)V+19
j  com.android.build.gradle.internal.plugins.BasePlugin.apply(Ljava/lang/Object;)V+5
j  org.gradle.api.internal.plugins.ImperativeOnlyPluginTarget.applyImperative(Ljava/lang/String;Lorg/gradle/api/Plugin;)V+13
j  org.gradle.api.internal.plugins.RuleBasedPluginTarget.applyImperative(Ljava/lang/String;Lorg/gradle/api/Plugin;)V+6
j  org.gradle.api.internal.plugins.DefaultPluginManager.addPlugin(Ljava/lang/Runnable;Lorg/gradle/api/internal/plugins/PluginImplementation;Ljava/lang/String;Ljava/lang/Class;)V+54
j  org.gradle.api.internal.plugins.DefaultPluginManager.access$100(Lorg/gradle/api/internal/plugins/DefaultPluginManager;Ljava/lang/Runnable;Lorg/gradle/api/internal/plugins/PluginImplementation;Ljava/lang/String;Ljava/lang/Class;)V+6
j  org.gradle.api.internal.plugins.DefaultPluginManager$AddPluginBuildOperation.run(Lorg/gradle/internal/operations/BuildOperationContext;)V+20
J 23739 c1 org.gradle.internal.operations.DefaultBuildOperationRunner$1.execute(Lorg/gradle/internal/operations/BuildOperation;Lorg/gradle/internal/operations/BuildOperationContext;)V (10 bytes) @ 0x0000015902956a44 [0x00000159029567e0+0x0000000000000264]
J 34000 c2 org.gradle.internal.operations.DefaultBuildOperationRunner.execute(Lorg/gradle/internal/operations/BuildOperation;Lorg/gradle/internal/operations/BuildOperationWorker;Lorg/gradle/internal/operations/BuildOperationState;)V (23 bytes) @ 0x000001590905ff28 [0x000001590905e3c0+0x0000000000001b68]
J 23738 c1 org.gradle.internal.operations.DefaultBuildOperationRunner.run(Lorg/gradle/internal/operations/RunnableBuildOperation;)V (13 bytes) @ 0x0000015902955e5c [0x0000015902955a80+0x00000000000003dc]
j  org.gradle.api.internal.plugins.DefaultPluginManager.lambda$doApply$0(Ljava/lang/Runnable;Lorg/gradle/api/internal/plugins/PluginImplementation;Ljava/lang/String;Ljava/lang/Class;Lorg/gradle/internal/code/UserCodeApplicationId;)V+20
j  org.gradle.api.internal.plugins.DefaultPluginManager$$Lambda+0x0000015910fdfa20.execute(Ljava/lang/Object;)V+24
j  org.gradle.internal.code.DefaultUserCodeApplicationContext.apply(Lorg/gradle/internal/code/UserCodeSource;Lorg/gradle/api/Action;)V+37
j  org.gradle.api.internal.plugins.DefaultPluginManager.doApply(Lorg/gradle/api/internal/plugins/PluginImplementation;)V+144
j  org.gradle.api.internal.plugins.DefaultPluginManager.apply(Ljava/lang/String;)V+52
j  org.gradle.api.internal.plugins.DefaultObjectConfigurationAction.applyType(Ljava/lang/String;)V+43
j  org.gradle.api.internal.plugins.DefaultObjectConfigurationAction.access$200(Lorg/gradle/api/internal/plugins/DefaultObjectConfigurationAction;Ljava/lang/String;)V+2
j  org.gradle.api.internal.plugins.DefaultObjectConfigurationAction$3.run()V+8
j  org.gradle.api.internal.plugins.DefaultObjectConfigurationAction.execute()V+58
j  org.gradle.api.internal.project.AbstractPluginAware.apply(Ljava/util/Map;)V+12
j  org.gradle.api.internal.project.DefaultProject.apply(Ljava/util/Map;)V+6
j  com.android.build.gradle.AppPlugin.apply(Lorg/gradle/api/Project;)V+15
j  com.android.build.gradle.AppPlugin.apply(Ljava/lang/Object;)V+5
j  org.gradle.api.internal.plugins.ImperativeOnlyPluginTarget.applyImperative(Ljava/lang/String;Lorg/gradle/api/Plugin;)V+13
j  org.gradle.api.internal.plugins.RuleBasedPluginTarget.applyImperative(Ljava/lang/String;Lorg/gradle/api/Plugin;)V+6
j  org.gradle.api.internal.plugins.DefaultPluginManager.addPlugin(Ljava/lang/Runnable;Lorg/gradle/api/internal/plugins/PluginImplementation;Ljava/lang/String;Ljava/lang/Class;)V+54
j  org.gradle.api.internal.plugins.DefaultPluginManager.access$100(Lorg/gradle/api/internal/plugins/DefaultPluginManager;Ljava/lang/Runnable;Lorg/gradle/api/internal/plugins/PluginImplementation;Ljava/lang/String;Ljava/lang/Class;)V+6
j  org.gradle.api.internal.plugins.DefaultPluginManager$AddPluginBuildOperation.run(Lorg/gradle/internal/operations/BuildOperationContext;)V+20
J 23739 c1 org.gradle.internal.operations.DefaultBuildOperationRunner$1.execute(Lorg/gradle/internal/operations/BuildOperation;Lorg/gradle/internal/operations/BuildOperationContext;)V (10 bytes) @ 0x0000015902956a44 [0x00000159029567e0+0x0000000000000264]
J 34000 c2 org.gradle.internal.operations.DefaultBuildOperationRunner.execute(Lorg/gradle/internal/operations/BuildOperation;Lorg/gradle/internal/operations/BuildOperationWorker;Lorg/gradle/internal/operations/BuildOperationState;)V (23 bytes) @ 0x000001590905ff28 [0x000001590905e3c0+0x0000000000001b68]
J 23738 c1 org.gradle.internal.operations.DefaultBuildOperationRunner.run(Lorg/gradle/internal/operations/RunnableBuildOperation;)V (13 bytes) @ 0x0000015902955e5c [0x0000015902955a80+0x00000000000003dc]
j  org.gradle.api.internal.plugins.DefaultPluginManager.lambda$doApply$0(Ljava/lang/Runnable;Lorg/gradle/api/internal/plugins/PluginImplementation;Ljava/lang/String;Ljava/lang/Class;Lorg/gradle/internal/code/UserCodeApplicationId;)V+20
j  org.gradle.api.internal.plugins.DefaultPluginManager$$Lambda+0x0000015910fdfa20.execute(Ljava/lang/Object;)V+24
j  org.gradle.internal.code.DefaultUserCodeApplicationContext.apply(Lorg/gradle/internal/code/UserCodeSource;Lorg/gradle/api/Action;)V+37
j  org.gradle.api.internal.plugins.DefaultPluginManager.doApply(Lorg/gradle/api/internal/plugins/PluginImplementation;)V+144
j  org.gradle.api.internal.plugins.DefaultPluginManager.apply(Ljava/lang/String;)V+52
j  org.gradle.api.internal.plugins.DefaultObjectConfigurationAction.applyType(Ljava/lang/String;)V+43
j  org.gradle.api.internal.plugins.DefaultObjectConfigurationAction.access$200(Lorg/gradle/api/internal/plugins/DefaultObjectConfigurationAction;Ljava/lang/String;)V+2
j  org.gradle.api.internal.plugins.DefaultObjectConfigurationAction$3.run()V+8
j  org.gradle.api.internal.plugins.DefaultObjectConfigurationAction.execute()V+58
j  org.gradle.api.internal.project.AbstractPluginAware.apply(Ljava/util/Map;)V+12
j  org.gradle.api.internal.project.DefaultProject.apply(Ljava/util/Map;)V+6
j  org.gradle.api.internal.project.ProjectScript.apply(Ljava/util/Map;)V+5
j  org.gradle.api.Script$apply$0.callCurrent(Lgroovy/lang/GroovyObject;[Ljava/lang/Object;)Ljava/lang/Object;+19
j  org.codehaus.groovy.runtime.callsite.CallSiteArray.defaultCallCurrent(Lorg/codehaus/groovy/runtime/callsite/CallSite;Lgroovy/lang/GroovyObject;[Ljava/lang/Object;)Ljava/lang/Object;+17
j  org.codehaus.groovy.runtime.callsite.AbstractCallSite.callCurrent(Lgroovy/lang/GroovyObject;[Ljava/lang/Object;)Ljava/lang/Object;+3
j  org.codehaus.groovy.runtime.callsite.AbstractCallSite.callCurrent(Lgroovy/lang/GroovyObject;Ljava/lang/Object;)Ljava/lang/Object;+33
j  build_b49dgdx6iza6na4a88rbdahwv.run()Ljava/lang/Object;+27
j  org.gradle.groovy.scripts.internal.DefaultScriptRunnerFactory$ScriptRunnerImpl.run(Ljava/lang/Object;Lorg/gradle/internal/service/ServiceRegistry;)V+57
j  org.gradle.configuration.DefaultScriptPluginFactory$ScriptPluginImpl.lambda$apply$1(Lorg/gradle/groovy/scripts/ScriptRunner;Ljava/lang/Object;Lorg/gradle/internal/service/CloseableServiceRegistry;)V+3
j  org.gradle.configuration.DefaultScriptPluginFactory$ScriptPluginImpl$$Lambda+0x00000159115d72a8.run()V+12
j  org.gradle.configuration.ProjectScriptTarget.addConfiguration(Ljava/lang/Runnable;Z)V+18
j  org.gradle.configuration.DefaultScriptPluginFactory$ScriptPluginImpl.apply(Ljava/lang/Object;)V+342
j  org.gradle.configuration.BuildOperationScriptPlugin$1.run(Lorg/gradle/internal/operations/BuildOperationContext;)V+11
J 23739 c1 org.gradle.internal.operations.DefaultBuildOperationRunner$1.execute(Lorg/gradle/internal/operations/BuildOperation;Lorg/gradle/internal/operations/BuildOperationContext;)V (10 bytes) @ 0x0000015902956a44 [0x00000159029567e0+0x0000000000000264]
J 34000 c2 org.gradle.internal.operations.DefaultBuildOperationRunner.execute(Lorg/gradle/internal/operations/BuildOperation;Lorg/gradle/internal/operations/BuildOperationWorker;Lorg/gradle/internal/operations/BuildOperationState;)V (23 bytes) @ 0x000001590905ff28 [0x000001590905e3c0+0x0000000000001b68]
J 23738 c1 org.gradle.internal.operations.DefaultBuildOperationRunner.run(Lorg/gradle/internal/operations/RunnableBuildOperation;)V (13 bytes) @ 0x0000015902955e5c [0x0000015902955a80+0x00000000000003dc]
j  org.gradle.configuration.BuildOperationScriptPlugin.lambda$apply$0(Ljava/lang/Object;Lorg/gradle/internal/code/UserCodeApplicationId;)V+14
j  org.gradle.configuration.BuildOperationScriptPlugin$$Lambda+0x00000159104b1378.execute(Ljava/lang/Object;)V+12
j  org.gradle.internal.code.DefaultUserCodeApplicationContext.apply(Lorg/gradle/internal/code/UserCodeSource;Lorg/gradle/api/Action;)V+37
j  org.gradle.configuration.BuildOperationScriptPlugin.apply(Ljava/lang/Object;)V+71
j  org.gradle.configuration.project.BuildScriptProcessor$$Lambda+0x00000159111ea6a0.accept(Ljava/lang/Object;)V+8
j  org.gradle.api.internal.project.DefaultProjectStateRegistry$ProjectStateImpl.lambda$applyToMutableState$1(Ljava/util/function/Consumer;Lorg/gradle/api/internal/project/ProjectInternal;)Ljava/lang/Object;+2
j  org.gradle.api.internal.project.DefaultProjectStateRegistry$ProjectStateImpl$$Lambda+0x00000159111a1fe8.apply(Ljava/lang/Object;)Ljava/lang/Object;+8
j  org.gradle.api.internal.project.DefaultProjectStateRegistry$ProjectStateImpl.fromMutableState(Ljava/util/function/Function;)Ljava/lang/Object;+97
j  org.gradle.api.internal.project.DefaultProjectStateRegistry$ProjectStateImpl.applyToMutableState(Ljava/util/function/Consumer;)V+7
j  org.gradle.configuration.project.BuildScriptProcessor.execute(Lorg/gradle/api/internal/project/ProjectInternal;)V+88
j  org.gradle.configuration.project.BuildScriptProcessor.execute(Ljava/lang/Object;)V+5
j  org.gradle.configuration.project.ConfigureActionsProjectEvaluator.evaluate(Lorg/gradle/api/internal/project/ProjectInternal;Lorg/gradle/api/internal/project/ProjectStateInternal;)V+33
j  org.gradle.configuration.project.LifecycleProjectEvaluator$EvaluateProject.lambda$run$0(Lorg/gradle/internal/operations/BuildOperationContext;Lorg/gradle/api/internal/project/ProjectInternal;)V+67
j  org.gradle.configuration.project.LifecycleProjectEvaluator$EvaluateProject$$Lambda+0x00000159111a1dc0.accept(Ljava/lang/Object;)V+12
j  org.gradle.api.internal.project.DefaultProjectStateRegistry$ProjectStateImpl.lambda$applyToMutableState$1(Ljava/util/function/Consumer;Lorg/gradle/api/internal/project/ProjectInternal;)Ljava/lang/Object;+2
j  org.gradle.api.internal.project.DefaultProjectStateRegistry$ProjectStateImpl$$Lambda+0x00000159111a1fe8.apply(Ljava/lang/Object;)Ljava/lang/Object;+8
j  org.gradle.api.internal.project.DefaultProjectStateRegistry$ProjectStateImpl.fromMutableState(Ljava/util/function/Function;)Ljava/lang/Object;+97
j  org.gradle.api.internal.project.DefaultProjectStateRegistry$ProjectStateImpl.applyToMutableState(Ljava/util/function/Consumer;)V+7
j  org.gradle.configuration.project.LifecycleProjectEvaluator$EvaluateProject.run(Lorg/gradle/internal/operations/BuildOperationContext;)V+16
J 23739 c1 org.gradle.internal.operations.DefaultBuildOperationRunner$1.execute(Lorg/gradle/internal/operations/BuildOperation;Lorg/gradle/internal/operations/BuildOperationContext;)V (10 bytes) @ 0x0000015902956a44 [0x00000159029567e0+0x0000000000000264]
J 34000 c2 org.gradle.internal.operations.DefaultBuildOperationRunner.execute(Lorg/gradle/internal/operations/BuildOperation;Lorg/gradle/internal/operations/BuildOperationWorker;Lorg/gradle/internal/operations/BuildOperationState;)V (23 bytes) @ 0x000001590905ff28 [0x000001590905e3c0+0x0000000000001b68]
J 23738 c1 org.gradle.internal.operations.DefaultBuildOperationRunner.run(Lorg/gradle/internal/operations/RunnableBuildOperation;)V (13 bytes) @ 0x0000015902955e5c [0x0000015902955a80+0x00000000000003dc]
j  org.gradle.configuration.project.LifecycleProjectEvaluator.evaluate(Lorg/gradle/api/internal/project/ProjectInternal;Lorg/gradle/api/internal/project/ProjectStateInternal;)V+42
j  org.gradle.api.internal.project.DefaultProject.evaluateUnchecked()Lorg/gradle/api/internal/project/ProjectInternal;+20
j  org.gradle.api.internal.project.ProjectLifecycleController.lambda$ensureSelfConfigured$2()V+4
j  org.gradle.api.internal.project.ProjectLifecycleController$$Lambda+0x00000159111a0410.run()V+4
j  org.gradle.internal.model.StateTransitionController.lambda$doTransition$14(Ljava/lang/Runnable;)Lorg/gradle/internal/build/ExecutionResult;+1
j  org.gradle.internal.model.StateTransitionController$$Lambda+0x00000159103ca800.get()Ljava/lang/Object;+4
j  org.gradle.internal.model.StateTransitionController.doTransition(Lorg/gradle/internal/model/StateTransitionController$State;Lorg/gradle/internal/model/StateTransitionController$State;Ljava/util/function/Supplier;)Lorg/gradle/internal/build/ExecutionResult;+24
j  org.gradle.internal.model.StateTransitionController.doTransition(Lorg/gradle/internal/model/StateTransitionController$State;Lorg/gradle/internal/model/StateTransitionController$State;Ljava/lang/Runnable;)V+9
j  org.gradle.internal.model.StateTransitionController.lambda$maybeTransitionIfNotCurrentlyTransitioning$10(Lorg/gradle/internal/model/StateTransitionController$State;Lorg/gradle/internal/model/StateTransitionController$State;Ljava/lang/Runnable;)V+16
j  org.gradle.internal.model.StateTransitionController$$Lambda+0x00000159111a0628.run()V+16
j  org.gradle.internal.work.DefaultSynchronizer.withLock(Ljava/lang/Runnable;)V+6
j  org.gradle.internal.model.StateTransitionController.maybeTransitionIfNotCurrentlyTransitioning(Lorg/gradle/internal/model/StateTransitionController$State;Lorg/gradle/internal/model/StateTransitionController$State;Ljava/lang/Runnable;)V+13
j  org.gradle.api.internal.project.ProjectLifecycleController.ensureSelfConfigured()V+16
j  org.gradle.api.internal.project.DefaultProjectStateRegistry$ProjectStateImpl.ensureConfigured()V+19
j  org.gradle.api.internal.project.DefaultProject.evaluationDependsOn(Lorg/gradle/api/internal/project/ProjectInternal;)Lorg/gradle/api/Project;+44
j  org.gradle.api.internal.project.DefaultProject.evaluationDependsOn(Ljava/lang/String;)Lorg/gradle/api/Project;+26
j  com.facebook.react.ReactRootProjectPlugin.apply$lambda$0(Lorg/gradle/api/Project;)Lkotlin/Unit;+17
j  com.facebook.react.ReactRootProjectPlugin$$Lambda+0x00000159115d2a10.invoke(Ljava/lang/Object;)Ljava/lang/Object;+4
j  com.facebook.react.ReactRootProjectPlugin.apply$lambda$1(Lkotlin/jvm/functions/Function1;Ljava/lang/Object;)V+2
j  com.facebook.react.ReactRootProjectPlugin$$Lambda+0x00000159115d2c20.execute(Ljava/lang/Object;)V+5
J 25599 c1 org.gradle.api.internal.DefaultMutationGuard$1.execute(Ljava/lang/Object;)V (67 bytes) @ 0x00000159004268b4 [0x0000015900426440+0x0000000000000474]
j  org.gradle.internal.Actions.with(Ljava/lang/Object;Lorg/gradle/api/Action;)Ljava/lang/Object;+2
j  org.gradle.api.internal.project.BuildOperationCrossProjectConfigurator$1.run(Lorg/gradle/internal/operations/BuildOperationContext;)V+20
J 23739 c1 org.gradle.internal.operations.DefaultBuildOperationRunner$1.execute(Lorg/gradle/internal/operations/BuildOperation;Lorg/gradle/internal/operations/BuildOperationContext;)V (10 bytes) @ 0x0000015902956a44 [0x00000159029567e0+0x0000000000000264]
J 34000 c2 org.gradle.internal.operations.DefaultBuildOperationRunner.execute(Lorg/gradle/internal/operations/BuildOperation;Lorg/gradle/internal/operations/BuildOperationWorker;Lorg/gradle/internal/operations/BuildOperationState;)V (23 bytes) @ 0x000001590905ff28 [0x000001590905e3c0+0x0000000000001b68]
J 23738 c1 org.gradle.internal.operations.DefaultBuildOperationRunner.run(Lorg/gradle/internal/operations/RunnableBuildOperation;)V (13 bytes) @ 0x0000015902955e5c [0x0000015902955a80+0x00000000000003dc]
j  org.gradle.api.internal.project.BuildOperationCrossProjectConfigurator.lambda$runProjectConfigureAction$0(Lorg/gradle/api/internal/project/ProjectInternal;Lorg/gradle/api/Action;Lorg/gradle/api/internal/project/ProjectInternal;)V+15
j  org.gradle.api.internal.project.BuildOperationCrossProjectConfigurator$$Lambda+0x00000159115fdd20.accept(Ljava/lang/Object;)V+16
j  org.gradle.api.internal.project.DefaultProjectStateRegistry$ProjectStateImpl.lambda$applyToMutableState$1(Ljava/util/function/Consumer;Lorg/gradle/api/internal/project/ProjectInternal;)Ljava/lang/Object;+2
j  org.gradle.api.internal.project.DefaultProjectStateRegistry$ProjectStateImpl$$Lambda+0x00000159111a1fe8.apply(Ljava/lang/Object;)Ljava/lang/Object;+8
j  org.gradle.api.internal.project.DefaultProjectStateRegistry$ProjectStateImpl.fromMutableState(Ljava/util/function/Function;)Ljava/lang/Object;+97
j  org.gradle.api.internal.project.DefaultProjectStateRegistry$ProjectStateImpl.applyToMutableState(Ljava/util/function/Consumer;)V+7
j  org.gradle.api.internal.project.BuildOperationCrossProjectConfigurator.runProjectConfigureAction(Lorg/gradle/api/internal/project/ProjectInternal;Lorg/gradle/api/Action;)V+14
j  org.gradle.api.internal.project.BuildOperationCrossProjectConfigurator.access$100(Lorg/gradle/api/internal/project/BuildOperationCrossProjectConfigurator;Lorg/gradle/api/internal/project/ProjectInternal;Lorg/gradle/api/Action;)V+3
j  org.gradle.api.internal.project.BuildOperationCrossProjectConfigurator$BlockConfigureBuildOperation.run(Lorg/gradle/internal/operations/BuildOperationContext;)V+38
J 23739 c1 org.gradle.internal.operations.DefaultBuildOperationRunner$1.execute(Lorg/gradle/internal/operations/BuildOperation;Lorg/gradle/internal/operations/BuildOperationContext;)V (10 bytes) @ 0x0000015902956a44 [0x00000159029567e0+0x0000000000000264]
J 34000 c2 org.gradle.internal.operations.DefaultBuildOperationRunner.execute(Lorg/gradle/internal/operations/BuildOperation;Lorg/gradle/internal/operations/BuildOperationWorker;Lorg/gradle/internal/operations/BuildOperationState;)V (23 bytes) @ 0x000001590905ff28 [0x000001590905e3c0+0x0000000000001b68]
J 23738 c1 org.gradle.internal.operations.DefaultBuildOperationRunner.run(Lorg/gradle/internal/operations/RunnableBuildOperation;)V (13 bytes) @ 0x0000015902955e5c [0x0000015902955a80+0x00000000000003dc]
j  org.gradle.api.internal.project.BuildOperationCrossProjectConfigurator.runBlockConfigureAction(Lorg/gradle/internal/operations/BuildOperationDescriptor$Builder;Ljava/lang/Iterable;Lorg/gradle/api/Action;)V+16
j  org.gradle.api.internal.project.BuildOperationCrossProjectConfigurator.subprojects(Ljava/lang/Iterable;Lorg/gradle/api/Action;)V+6
j  org.gradle.api.internal.project.DefaultProject.subprojects(Lorg/gradle/api/internal/project/ProjectInternal;Lorg/gradle/api/Action;)V+10
j  org.gradle.api.internal.project.DefaultProject.subprojects(Lorg/gradle/api/Action;)V+3
j  com.facebook.react.ReactRootProjectPlugin.apply(Lorg/gradle/api/Project;)V+17
j  com.facebook.react.ReactRootProjectPlugin.apply(Ljava/lang/Object;)V+5
j  org.gradle.api.internal.plugins.ImperativeOnlyPluginTarget.applyImperative(Ljava/lang/String;Lorg/gradle/api/Plugin;)V+13
j  org.gradle.api.internal.plugins.RuleBasedPluginTarget.applyImperative(Ljava/lang/String;Lorg/gradle/api/Plugin;)V+6
j  org.gradle.api.internal.plugins.DefaultPluginManager.addPlugin(Ljava/lang/Runnable;Lorg/gradle/api/internal/plugins/PluginImplementation;Ljava/lang/String;Ljava/lang/Class;)V+54
j  org.gradle.api.internal.plugins.DefaultPluginManager.access$100(Lorg/gradle/api/internal/plugins/DefaultPluginManager;Ljava/lang/Runnable;Lorg/gradle/api/internal/plugins/PluginImplementation;Ljava/lang/String;Ljava/lang/Class;)V+6
j  org.gradle.api.internal.plugins.DefaultPluginManager$AddPluginBuildOperation.run(Lorg/gradle/internal/operations/BuildOperationContext;)V+20
J 23739 c1 org.gradle.internal.operations.DefaultBuildOperationRunner$1.execute(Lorg/gradle/internal/operations/BuildOperation;Lorg/gradle/internal/operations/BuildOperationContext;)V (10 bytes) @ 0x0000015902956a44 [0x00000159029567e0+0x0000000000000264]
J 34000 c2 org.gradle.internal.operations.DefaultBuildOperationRunner.execute(Lorg/gradle/internal/operations/BuildOperation;Lorg/gradle/internal/operations/BuildOperationWorker;Lorg/gradle/internal/operations/BuildOperationState;)V (23 bytes) @ 0x000001590905ff28 [0x000001590905e3c0+0x0000000000001b68]
J 23738 c1 org.gradle.internal.operations.DefaultBuildOperationRunner.run(Lorg/gradle/internal/operations/RunnableBuildOperation;)V (13 bytes) @ 0x0000015902955e5c [0x0000015902955a80+0x00000000000003dc]
j  org.gradle.api.internal.plugins.DefaultPluginManager.lambda$doApply$0(Ljava/lang/Runnable;Lorg/gradle/api/internal/plugins/PluginImplementation;Ljava/lang/String;Ljava/lang/Class;Lorg/gradle/internal/code/UserCodeApplicationId;)V+20
j  org.gradle.api.internal.plugins.DefaultPluginManager$$Lambda+0x0000015910fdfa20.execute(Ljava/lang/Object;)V+24
j  org.gradle.internal.code.DefaultUserCodeApplicationContext.apply(Lorg/gradle/internal/code/UserCodeSource;Lorg/gradle/api/Action;)V+37
j  org.gradle.api.internal.plugins.DefaultPluginManager.doApply(Lorg/gradle/api/internal/plugins/PluginImplementation;)V+144
j  org.gradle.api.internal.plugins.DefaultPluginManager.apply(Ljava/lang/String;)V+52
j  org.gradle.api.internal.plugins.DefaultObjectConfigurationAction.applyType(Ljava/lang/String;)V+43
j  org.gradle.api.internal.plugins.DefaultObjectConfigurationAction.access$200(Lorg/gradle/api/internal/plugins/DefaultObjectConfigurationAction;Ljava/lang/String;)V+2
j  org.gradle.api.internal.plugins.DefaultObjectConfigurationAction$3.run()V+8
j  org.gradle.api.internal.plugins.DefaultObjectConfigurationAction.execute()V+58
j  org.gradle.api.internal.project.AbstractPluginAware.apply(Ljava/util/Map;)V+12
j  org.gradle.api.internal.project.DefaultProject.apply(Ljava/util/Map;)V+6
j  org.gradle.api.internal.project.ProjectScript.apply(Ljava/util/Map;)V+5
j  org.gradle.api.Script$apply$0.callCurrent(Lgroovy/lang/GroovyObject;[Ljava/lang/Object;)Ljava/lang/Object;+19
j  org.codehaus.groovy.runtime.callsite.CallSiteArray.defaultCallCurrent(Lorg/codehaus/groovy/runtime/callsite/CallSite;Lgroovy/lang/GroovyObject;[Ljava/lang/Object;)Ljava/lang/Object;+17
j  org.codehaus.groovy.runtime.callsite.AbstractCallSite.callCurrent(Lgroovy/lang/GroovyObject;[Ljava/lang/Object;)Ljava/lang/Object;+3
j  org.codehaus.groovy.runtime.callsite.AbstractCallSite.callCurrent(Lgroovy/lang/GroovyObject;Ljava/lang/Object;)Ljava/lang/Object;+33
j  build_9hi71ucgqnyu0t44xu2mt22o3.run()Ljava/lang/Object;+27
j  org.gradle.groovy.scripts.internal.DefaultScriptRunnerFactory$ScriptRunnerImpl.run(Ljava/lang/Object;Lorg/gradle/internal/service/ServiceRegistry;)V+57
j  org.gradle.configuration.DefaultScriptPluginFactory$ScriptPluginImpl.lambda$apply$1(Lorg/gradle/groovy/scripts/ScriptRunner;Ljava/lang/Object;Lorg/gradle/internal/service/CloseableServiceRegistry;)V+3
j  org.gradle.configuration.DefaultScriptPluginFactory$ScriptPluginImpl$$Lambda+0x00000159115d72a8.run()V+12
j  org.gradle.configuration.ProjectScriptTarget.addConfiguration(Ljava/lang/Runnable;Z)V+18
j  org.gradle.configuration.DefaultScriptPluginFactory$ScriptPluginImpl.apply(Ljava/lang/Object;)V+342
j  org.gradle.configuration.BuildOperationScriptPlugin$1.run(Lorg/gradle/internal/operations/BuildOperationContext;)V+11
J 23739 c1 org.gradle.internal.operations.DefaultBuildOperationRunner$1.execute(Lorg/gradle/internal/operations/BuildOperation;Lorg/gradle/internal/operations/BuildOperationContext;)V (10 bytes) @ 0x0000015902956a44 [0x00000159029567e0+0x0000000000000264]
J 16600 c1 org.gradle.internal.operations.DefaultBuildOperationRunner$2.execute(Lorg/gradle/internal/operations/BuildOperationDescriptor;Lorg/gradle/internal/operations/BuildOperationState;Lorg/gradle/internal/operations/BuildOperationState;Lorg/gradle/internal/operations/DefaultBuildOperationRunner$ReadableBuildOperationContext;Lorg/gradle/internal/operations/DefaultBuildOperationRunner$BuildOperationExecutionListener;)Lorg/gradle/internal/operations/BuildOperation; (110 bytes) @ 0x0000015901b33144 [0x0000015901b32f40+0x0000000000000204]
J 16291 c1 org.gradle.internal.operations.DefaultBuildOperationRunner$2.execute(Lorg/gradle/internal/operations/BuildOperationDescriptor;Lorg/gradle/internal/operations/BuildOperationState;Lorg/gradle/internal/operations/BuildOperationState;Lorg/gradle/internal/operations/DefaultBuildOperationRunner$ReadableBuildOperationContext;Lorg/gradle/internal/operations/DefaultBuildOperationRunner$BuildOperationExecutionListener;)Ljava/lang/Object; (12 bytes) @ 0x0000015901ae31cc [0x0000015901ae3140+0x000000000000008c]
J 16248 c1 org.gradle.internal.operations.DefaultBuildOperationRunner.execute(Lorg/gradle/internal/operations/BuildOperationDescriptor$Builder;Lorg/gradle/internal/operations/BuildOperationState;Lorg/gradle/internal/operations/DefaultBuildOperationRunner$BuildOperationExecution;)Ljava/lang/Object; (147 bytes) @ 0x0000015901acb224 [0x0000015901aca680+0x0000000000000ba4]
J 16290 c1 org.gradle.internal.operations.DefaultBuildOperationRunner.execute(Lorg/gradle/internal/operations/BuildOperation;Lorg/gradle/internal/operations/BuildOperationWorker;Lorg/gradle/internal/operations/BuildOperationState;)V (23 bytes) @ 0x0000015901ae3814 [0x0000015901ae3560+0x00000000000002b4]
J 23738 c1 org.gradle.internal.operations.DefaultBuildOperationRunner.run(Lorg/gradle/internal/operations/RunnableBuildOperation;)V (13 bytes) @ 0x0000015902955e5c [0x0000015902955a80+0x00000000000003dc]
j  org.gradle.configuration.BuildOperationScriptPlugin.lambda$apply$0(Ljava/lang/Object;Lorg/gradle/internal/code/UserCodeApplicationId;)V+14
j  org.gradle.configuration.BuildOperationScriptPlugin$$Lambda+0x00000159104b1378.execute(Ljava/lang/Object;)V+12
j  org.gradle.internal.code.DefaultUserCodeApplicationContext.apply(Lorg/gradle/internal/code/UserCodeSource;Lorg/gradle/api/Action;)V+37
j  org.gradle.configuration.BuildOperationScriptPlugin.apply(Ljava/lang/Object;)V+71
j  org.gradle.configuration.project.BuildScriptProcessor$$Lambda+0x00000159111ea6a0.accept(Ljava/lang/Object;)V+8
j  org.gradle.api.internal.project.DefaultProjectStateRegistry$ProjectStateImpl.lambda$applyToMutableState$1(Ljava/util/function/Consumer;Lorg/gradle/api/internal/project/ProjectInternal;)Ljava/lang/Object;+2
j  org.gradle.api.internal.project.DefaultProjectStateRegistry$ProjectStateImpl$$Lambda+0x00000159111a1fe8.apply(Ljava/lang/Object;)Ljava/lang/Object;+8
j  org.gradle.api.internal.project.DefaultProjectStateRegistry$ProjectStateImpl.fromMutableState(Ljava/util/function/Function;)Ljava/lang/Object;+97
j  org.gradle.api.internal.project.DefaultProjectStateRegistry$ProjectStateImpl.applyToMutableState(Ljava/util/function/Consumer;)V+7
j  org.gradle.configuration.project.BuildScriptProcessor.execute(Lorg/gradle/api/internal/project/ProjectInternal;)V+88
j  org.gradle.configuration.project.BuildScriptProcessor.execute(Ljava/lang/Object;)V+5
j  org.gradle.configuration.project.ConfigureActionsProjectEvaluator.evaluate(Lorg/gradle/api/internal/project/ProjectInternal;Lorg/gradle/api/internal/project/ProjectStateInternal;)V+33
j  org.gradle.configuration.project.LifecycleProjectEvaluator$EvaluateProject.lambda$run$0(Lorg/gradle/internal/operations/BuildOperationContext;Lorg/gradle/api/internal/project/ProjectInternal;)V+67
j  org.gradle.configuration.project.LifecycleProjectEvaluator$EvaluateProject$$Lambda+0x00000159111a1dc0.accept(Ljava/lang/Object;)V+12
j  org.gradle.api.internal.project.DefaultProjectStateRegistry$ProjectStateImpl.lambda$applyToMutableState$1(Ljava/util/function/Consumer;Lorg/gradle/api/internal/project/ProjectInternal;)Ljava/lang/Object;+2
j  org.gradle.api.internal.project.DefaultProjectStateRegistry$ProjectStateImpl$$Lambda+0x00000159111a1fe8.apply(Ljava/lang/Object;)Ljava/lang/Object;+8
j  org.gradle.api.internal.project.DefaultProjectStateRegistry$ProjectStateImpl.lambda$fromMutableState$2(Ljava/util/function/Function;)Ljava/lang/Object;+5
j  org.gradle.api.internal.project.DefaultProjectStateRegistry$ProjectStateImpl$$Lambda+0x00000159111a2220.create()Ljava/lang/Object;+8
j  org.gradle.internal.work.DefaultWorkerLeaseService.withReplacedLocks(Ljava/util/Collection;Lorg/gradle/internal/resources/ResourceLock;Lorg/gradle/internal/Factory;)Ljava/lang/Object;+40
j  org.gradle.api.internal.project.DefaultProjectStateRegistry$ProjectStateImpl.fromMutableState(Ljava/util/function/Function;)Ljava/lang/Object;+133
j  org.gradle.api.internal.project.DefaultProjectStateRegistry$ProjectStateImpl.applyToMutableState(Ljava/util/function/Consumer;)V+7
j  org.gradle.configuration.project.LifecycleProjectEvaluator$EvaluateProject.run(Lorg/gradle/internal/operations/BuildOperationContext;)V+16
J 23739 c1 org.gradle.internal.operations.DefaultBuildOperationRunner$1.execute(Lorg/gradle/internal/operations/BuildOperation;Lorg/gradle/internal/operations/BuildOperationContext;)V (10 bytes) @ 0x0000015902956a44 [0x00000159029567e0+0x0000000000000264]
J 16600 c1 org.gradle.internal.operations.DefaultBuildOperationRunner$2.execute(Lorg/gradle/internal/operations/BuildOperationDescriptor;Lorg/gradle/internal/operations/BuildOperationState;Lorg/gradle/internal/operations/BuildOperationState;Lorg/gradle/internal/operations/DefaultBuildOperationRunner$ReadableBuildOperationContext;Lorg/gradle/internal/operations/DefaultBuildOperationRunner$BuildOperationExecutionListener;)Lorg/gradle/internal/operations/BuildOperation; (110 bytes) @ 0x0000015901b33144 [0x0000015901b32f40+0x0000000000000204]
J 16291 c1 org.gradle.internal.operations.DefaultBuildOperationRunner$2.execute(Lorg/gradle/internal/operations/BuildOperationDescriptor;Lorg/gradle/internal/operations/BuildOperationState;Lorg/gradle/internal/operations/BuildOperationState;Lorg/gradle/internal/operations/DefaultBuildOperationRunner$ReadableBuildOperationContext;Lorg/gradle/internal/operations/DefaultBuildOperationRunner$BuildOperationExecutionListener;)Ljava/lang/Object; (12 bytes) @ 0x0000015901ae31cc [0x0000015901ae3140+0x000000000000008c]
J 16248 c1 org.gradle.internal.operations.DefaultBuildOperationRunner.execute(Lorg/gradle/internal/operations/BuildOperationDescriptor$Builder;Lorg/gradle/internal/operations/BuildOperationState;Lorg/gradle/internal/operations/DefaultBuildOperationRunner$BuildOperationExecution;)Ljava/lang/Object; (147 bytes) @ 0x0000015901acb224 [0x0000015901aca680+0x0000000000000ba4]
J 16290 c1 org.gradle.internal.operations.DefaultBuildOperationRunner.execute(Lorg/gradle/internal/operations/BuildOperation;Lorg/gradle/internal/operations/BuildOperationWorker;Lorg/gradle/internal/operations/BuildOperationState;)V (23 bytes) @ 0x0000015901ae3814 [0x0000015901ae3560+0x00000000000002b4]
J 23738 c1 org.gradle.internal.operations.DefaultBuildOperationRunner.run(Lorg/gradle/internal/operations/RunnableBuildOperation;)V (13 bytes) @ 0x0000015902955e5c [0x0000015902955a80+0x00000000000003dc]
j  org.gradle.configuration.project.LifecycleProjectEvaluator.evaluate(Lorg/gradle/api/internal/project/ProjectInternal;Lorg/gradle/api/internal/project/ProjectStateInternal;)V+42
j  org.gradle.api.internal.project.DefaultProject.evaluateUnchecked()Lorg/gradle/api/internal/project/ProjectInternal;+20
j  org.gradle.api.internal.project.ProjectLifecycleController.lambda$ensureSelfConfigured$2()V+4
j  org.gradle.api.internal.project.ProjectLifecycleController$$Lambda+0x00000159111a0410.run()V+4
j  org.gradle.internal.model.StateTransitionController.lambda$doTransition$14(Ljava/lang/Runnable;)Lorg/gradle/internal/build/ExecutionResult;+1
j  org.gradle.internal.model.StateTransitionController$$Lambda+0x00000159103ca800.get()Ljava/lang/Object;+4
j  org.gradle.internal.model.StateTransitionController.doTransition(Lorg/gradle/internal/model/StateTransitionController$State;Lorg/gradle/internal/model/StateTransitionController$State;Ljava/util/function/Supplier;)Lorg/gradle/internal/build/ExecutionResult;+24
j  org.gradle.internal.model.StateTransitionController.doTransition(Lorg/gradle/internal/model/StateTransitionController$State;Lorg/gradle/internal/model/StateTransitionController$State;Ljava/lang/Runnable;)V+9
j  org.gradle.internal.model.StateTransitionController.lambda$maybeTransitionIfNotCurrentlyTransitioning$10(Lorg/gradle/internal/model/StateTransitionController$State;Lorg/gradle/internal/model/StateTransitionController$State;Ljava/lang/Runnable;)V+16
j  org.gradle.internal.model.StateTransitionController$$Lambda+0x00000159111a0628.run()V+16
j  org.gradle.internal.work.DefaultSynchronizer.withLock(Ljava/lang/Runnable;)V+6
j  org.gradle.internal.model.StateTransitionController.maybeTransitionIfNotCurrentlyTransitioning(Lorg/gradle/internal/model/StateTransitionController$State;Lorg/gradle/internal/model/StateTransitionController$State;Ljava/lang/Runnable;)V+13
j  org.gradle.api.internal.project.ProjectLifecycleController.ensureSelfConfigured()V+16
j  org.gradle.api.internal.project.DefaultProjectStateRegistry$ProjectStateImpl.ensureConfigured()V+19
j  org.gradle.execution.TaskPathProjectEvaluator.configure(Lorg/gradle/api/internal/project/ProjectInternal;)V+6
j  org.gradle.execution.TaskPathProjectEvaluator.configureHierarchy(Lorg/gradle/api/internal/project/ProjectInternal;)V+2
j  org.gradle.configuration.DefaultProjectsPreparer.prepareProjects(Lorg/gradle/api/internal/GradleInternal;)V+52
j  org.gradle.configuration.BuildTreePreparingProjectsPreparer.prepareProjects(Lorg/gradle/api/internal/GradleInternal;)V+114
j  org.gradle.configuration.BuildOperationFiringProjectsPreparer$ConfigureBuild.run(Lorg/gradle/internal/operations/BuildOperationContext;)V+11
J 23739 c1 org.gradle.internal.operations.DefaultBuildOperationRunner$1.execute(Lorg/gradle/internal/operations/BuildOperation;Lorg/gradle/internal/operations/BuildOperationContext;)V (10 bytes) @ 0x0000015902956a44 [0x00000159029567e0+0x0000000000000264]
J 16600 c1 org.gradle.internal.operations.DefaultBuildOperationRunner$2.execute(Lorg/gradle/internal/operations/BuildOperationDescriptor;Lorg/gradle/internal/operations/BuildOperationState;Lorg/gradle/internal/operations/BuildOperationState;Lorg/gradle/internal/operations/DefaultBuildOperationRunner$ReadableBuildOperationContext;Lorg/gradle/internal/operations/DefaultBuildOperationRunner$BuildOperationExecutionListener;)Lorg/gradle/internal/operations/BuildOperation; (110 bytes) @ 0x0000015901b33144 [0x0000015901b32f40+0x0000000000000204]
J 16291 c1 org.gradle.internal.operations.DefaultBuildOperationRunner$2.execute(Lorg/gradle/internal/operations/BuildOperationDescriptor;Lorg/gradle/internal/operations/BuildOperationState;Lorg/gradle/internal/operations/BuildOperationState;Lorg/gradle/internal/operations/DefaultBuildOperationRunner$ReadableBuildOperationContext;Lorg/gradle/internal/operations/DefaultBuildOperationRunner$BuildOperationExecutionListener;)Ljava/lang/Object; (12 bytes) @ 0x0000015901ae31cc [0x0000015901ae3140+0x000000000000008c]
J 16248 c1 org.gradle.internal.operations.DefaultBuildOperationRunner.execute(Lorg/gradle/internal/operations/BuildOperationDescriptor$Builder;Lorg/gradle/internal/operations/BuildOperationState;Lorg/gradle/internal/operations/DefaultBuildOperationRunner$BuildOperationExecution;)Ljava/lang/Object; (147 bytes) @ 0x0000015901acb224 [0x0000015901aca680+0x0000000000000ba4]
J 16290 c1 org.gradle.internal.operations.DefaultBuildOperationRunner.execute(Lorg/gradle/internal/operations/BuildOperation;Lorg/gradle/internal/operations/BuildOperationWorker;Lorg/gradle/internal/operations/BuildOperationState;)V (23 bytes) @ 0x0000015901ae3814 [0x0000015901ae3560+0x00000000000002b4]
J 23738 c1 org.gradle.internal.operations.DefaultBuildOperationRunner.run(Lorg/gradle/internal/operations/RunnableBuildOperation;)V (13 bytes) @ 0x0000015902955e5c [0x0000015902955a80+0x00000000000003dc]
j  org.gradle.configuration.BuildOperationFiringProjectsPreparer.prepareProjects(Lorg/gradle/api/internal/GradleInternal;)V+13
j  org.gradle.initialization.VintageBuildModelController.lambda$prepareProjects$2()V+8
j  org.gradle.initialization.VintageBuildModelController$$Lambda+0x000001591102c0a0.run()V+4
j  org.gradle.internal.model.StateTransitionController.lambda$doTransition$14(Ljava/lang/Runnable;)Lorg/gradle/internal/build/ExecutionResult;+1
j  org.gradle.internal.model.StateTransitionController$$Lambda+0x00000159103ca800.get()Ljava/lang/Object;+4
j  org.gradle.internal.model.StateTransitionController.doTransition(Lorg/gradle/internal/model/StateTransitionController$State;Lorg/gradle/internal/model/StateTransitionController$State;Ljava/util/function/Supplier;)Lorg/gradle/internal/build/ExecutionResult;+24
j  org.gradle.internal.model.StateTransitionController.doTransition(Lorg/gradle/internal/model/StateTransitionController$State;Lorg/gradle/internal/model/StateTransitionController$State;Ljava/lang/Runnable;)V+9
j  org.gradle.internal.model.StateTransitionController.lambda$transitionIfNotPreviously$11(Lorg/gradle/internal/model/StateTransitionController$State;Lorg/gradle/internal/model/StateTransitionController$State;Ljava/lang/Runnable;)V+16
j  org.gradle.internal.model.StateTransitionController$$Lambda+0x00000159103cac30.run()V+16
j  org.gradle.internal.work.DefaultSynchronizer.withLock(Ljava/lang/Runnable;)V+6
j  org.gradle.internal.model.StateTransitionController.transitionIfNotPreviously(Lorg/gradle/internal/model/StateTransitionController$State;Lorg/gradle/internal/model/StateTransitionController$State;Ljava/lang/Runnable;)V+13
j  org.gradle.initialization.VintageBuildModelController.prepareProjects()V+16
j  org.gradle.initialization.VintageBuildModelController.prepareToScheduleTasks()V+5
j  org.gradle.internal.build.DefaultBuildLifecycleController.lambda$prepareToScheduleTasks$6()V+9
j  org.gradle.internal.build.DefaultBuildLifecycleController$$Lambda+0x00000159103ca3d0.run()V+4
j  org.gradle.internal.model.StateTransitionController.lambda$doTransition$14(Ljava/lang/Runnable;)Lorg/gradle/internal/build/ExecutionResult;+1
j  org.gradle.internal.model.StateTransitionController$$Lambda+0x00000159103ca800.get()Ljava/lang/Object;+4
j  org.gradle.internal.model.StateTransitionController.doTransition(Lorg/gradle/internal/model/StateTransitionController$State;Lorg/gradle/internal/model/StateTransitionController$State;Ljava/util/function/Supplier;)Lorg/gradle/internal/build/ExecutionResult;+24
j  org.gradle.internal.model.StateTransitionController.doTransition(Lorg/gradle/internal/model/StateTransitionController$State;Lorg/gradle/internal/model/StateTransitionController$State;Ljava/lang/Runnable;)V+9
j  org.gradle.internal.model.StateTransitionController.lambda$maybeTransition$9(Lorg/gradle/internal/model/StateTransitionController$State;Lorg/gradle/internal/model/StateTransitionController$State;Ljava/lang/Runnable;)V+16
j  org.gradle.internal.model.StateTransitionController$$Lambda+0x00000159103ca5e8.run()V+16
j  org.gradle.internal.work.DefaultSynchronizer.withLock(Ljava/lang/Runnable;)V+6
j  org.gradle.internal.model.StateTransitionController.maybeTransition(Lorg/gradle/internal/model/StateTransitionController$State;Lorg/gradle/internal/model/StateTransitionController$State;Ljava/lang/Runnable;)V+13
j  org.gradle.internal.build.DefaultBuildLifecycleController.prepareToScheduleTasks()V+16
j  org.gradle.internal.buildtree.DefaultBuildTreeWorkPreparer.scheduleRequestedTasks(Lorg/gradle/internal/buildtree/BuildTreeWorkGraph;Lorg/gradle/execution/EntryTaskSelector;)Lorg/gradle/internal/buildtree/BuildTreeWorkGraph$FinalizedGraph;+4
j  org.gradle.internal.cc.impl.VintageBuildTreeWorkController$scheduleAndRunRequestedTasks$1.apply(Lorg/gradle/internal/buildtree/BuildTreeWorkGraph;)Lorg/gradle/internal/build/ExecutionResult;+18
j  org.gradle.internal.cc.impl.VintageBuildTreeWorkController$scheduleAndRunRequestedTasks$1.apply(Ljava/lang/Object;)Ljava/lang/Object;+5
j  org.gradle.composite.internal.DefaultIncludedBuildTaskGraph.withNewWorkGraph(Ljava/util/function/Function;)Ljava/lang/Object;+30
j  org.gradle.internal.cc.impl.VintageBuildTreeWorkController.scheduleAndRunRequestedTasks(Lorg/gradle/execution/EntryTaskSelector;)Lorg/gradle/internal/build/ExecutionResult;+16
j  org.gradle.internal.buildtree.DefaultBuildTreeLifecycleController.lambda$scheduleAndRunTasks$1(Lorg/gradle/execution/EntryTaskSelector;)Lorg/gradle/internal/build/ExecutionResult;+5
j  org.gradle.internal.buildtree.DefaultBuildTreeLifecycleController$$Lambda+0x00000159103c95a0.get()Ljava/lang/Object;+8
j  org.gradle.internal.buildtree.DefaultBuildTreeLifecycleController.lambda$runBuild$4(Ljava/util/function/Supplier;)Ljava/lang/Object;+1
j  org.gradle.internal.buildtree.DefaultBuildTreeLifecycleController$$Lambda+0x00000159103c97b8.get()Ljava/lang/Object;+8
j  org.gradle.internal.model.StateTransitionController.lambda$transition$6(Ljava/util/function/Supplier;)Lorg/gradle/internal/build/ExecutionResult;+1
j  org.gradle.internal.model.StateTransitionController$$Lambda+0x00000159103c9be8.get()Ljava/lang/Object;+4
j  org.gradle.internal.model.StateTransitionController.doTransition(Lorg/gradle/internal/model/StateTransitionController$State;Lorg/gradle/internal/model/StateTransitionController$State;Ljava/util/function/Supplier;)Lorg/gradle/internal/build/ExecutionResult;+24
j  org.gradle.internal.model.StateTransitionController.lambda$transition$7(Lorg/gradle/internal/model/StateTransitionController$State;Lorg/gradle/internal/model/StateTransitionController$State;Ljava/util/function/Supplier;)Ljava/lang/Object;+9
j  org.gradle.internal.model.StateTransitionController$$Lambda+0x00000159103c99d0.create()Ljava/lang/Object;+16
j  org.gradle.internal.work.DefaultSynchronizer.withLock(Lorg/gradle/internal/Factory;)Ljava/lang/Object;+6
j  org.gradle.internal.model.StateTransitionController.transition(Lorg/gradle/internal/model/StateTransitionController$State;Lorg/gradle/internal/model/StateTransitionController$State;Ljava/util/function/Supplier;)Ljava/lang/Object;+13
j  org.gradle.internal.buildtree.DefaultBuildTreeLifecycleController.runBuild(Ljava/util/function/Supplier;)Ljava/lang/Object;+17
j  org.gradle.internal.buildtree.DefaultBuildTreeLifecycleController.scheduleAndRunTasks(Lorg/gradle/execution/EntryTaskSelector;)V+8
j  org.gradle.internal.buildtree.DefaultBuildTreeLifecycleController.scheduleAndRunTasks()V+2
j  org.gradle.tooling.internal.provider.ExecuteBuildActionRunner.run(Lorg/gradle/internal/invocation/BuildAction;Lorg/gradle/internal/buildtree/BuildTreeLifecycleController;)Lorg/gradle/internal/buildtree/BuildActionRunner$Result;+12
j  org.gradle.launcher.exec.ChainingBuildActionRunner.run(Lorg/gradle/internal/invocation/BuildAction;Lorg/gradle/internal/buildtree/BuildTreeLifecycleController;)Lorg/gradle/internal/buildtree/BuildActionRunner$Result;+34
j  org.gradle.internal.buildtree.ProblemReportingBuildActionRunner.run(Lorg/gradle/internal/invocation/BuildAction;Lorg/gradle/internal/buildtree/BuildTreeLifecycleController;)Lorg/gradle/internal/buildtree/BuildActionRunner$Result;+12
j  org.gradle.launcher.exec.BuildOutcomeReportingBuildActionRunner.run(Lorg/gradle/internal/invocation/BuildAction;Lorg/gradle/internal/buildtree/BuildTreeLifecycleController;)Lorg/gradle/internal/buildtree/BuildActionRunner$Result;+69
j  org.gradle.tooling.internal.provider.FileSystemWatchingBuildActionRunner.run(Lorg/gradle/internal/invocation/BuildAction;Lorg/gradle/internal/buildtree/BuildTreeLifecycleController;)Lorg/gradle/internal/buildtree/BuildActionRunner$Result;+317
j  org.gradle.launcher.exec.BuildCompletionNotifyingBuildActionRunner.run(Lorg/gradle/internal/invocation/BuildAction;Lorg/gradle/internal/buildtree/BuildTreeLifecycleController;)Lorg/gradle/internal/buildtree/BuildActionRunner$Result;+6
j  org.gradle.launcher.exec.RootBuildLifecycleBuildActionExecutor.lambda$execute$0(Lorg/gradle/internal/invocation/BuildAction;Lorg/gradle/internal/buildtree/BuildTreeLifecycleController;)Lorg/gradle/internal/buildtree/BuildActionRunner$Result;+6
j  org.gradle.launcher.exec.RootBuildLifecycleBuildActionExecutor$$Lambda+0x00000159103b62f0.apply(Ljava/lang/Object;)Ljava/lang/Object;+12
j  org.gradle.composite.internal.DefaultRootBuildState.run(Ljava/util/function/Function;)Ljava/lang/Object;+87
j  org.gradle.launcher.exec.RootBuildLifecycleBuildActionExecutor.execute(Lorg/gradle/internal/invocation/BuildAction;Lorg/gradle/internal/buildtree/BuildTreeContext;)Lorg/gradle/internal/buildtree/BuildActionRunner$Result;+75
j  org.gradle.internal.buildtree.InitDeprecationLoggingActionExecutor.execute(Lorg/gradle/internal/invocation/BuildAction;Lorg/gradle/internal/buildtree/BuildTreeContext;)Lorg/gradle/internal/buildtree/BuildActionRunner$Result;+83
j  org.gradle.internal.buildtree.InitProblems.execute(Lorg/gradle/internal/invocation/BuildAction;Lorg/gradle/internal/buildtree/BuildTreeContext;)Lorg/gradle/internal/buildtree/BuildActionRunner$Result;+13
j  org.gradle.internal.buildtree.DefaultBuildTreeContext.execute(Lorg/gradle/internal/invocation/BuildAction;)Lorg/gradle/internal/buildtree/BuildActionRunner$Result;+64
j  org.gradle.launcher.exec.BuildTreeLifecycleBuildActionExecutor.lambda$execute$0(Lorg/gradle/internal/invocation/BuildAction;Lorg/gradle/internal/buildtree/BuildTreeContext;)Lorg/gradle/internal/buildtree/BuildActionRunner$Result;+2
j  org.gradle.launcher.exec.BuildTreeLifecycleBuildActionExecutor$$Lambda+0x00000159102a8220.apply(Ljava/lang/Object;)Ljava/lang/Object;+8
j  org.gradle.internal.buildtree.BuildTreeState.run(Ljava/util/function/Function;)Ljava/lang/Object;+47
j  org.gradle.launcher.exec.BuildTreeLifecycleBuildActionExecutor.execute(Lorg/gradle/internal/invocation/BuildAction;Lorg/gradle/internal/session/BuildSessionContext;)Lorg/gradle/internal/buildtree/BuildActionRunner$Result;+74
j  org.gradle.launcher.exec.RunAsBuildOperationBuildActionExecutor$2.call(Lorg/gradle/internal/operations/BuildOperationContext;)Lorg/gradle/internal/buildtree/BuildActionRunner$Result;+25
j  org.gradle.launcher.exec.RunAsBuildOperationBuildActionExecutor$2.call(Lorg/gradle/internal/operations/BuildOperationContext;)Ljava/lang/Object;+2
j  org.gradle.internal.operations.DefaultBuildOperationRunner$CallableBuildOperationWorker.execute(Lorg/gradle/internal/operations/CallableBuildOperation;Lorg/gradle/internal/operations/BuildOperationContext;)V+3
j  org.gradle.internal.operations.DefaultBuildOperationRunner$CallableBuildOperationWorker.execute(Lorg/gradle/internal/operations/BuildOperation;Lorg/gradle/internal/operations/BuildOperationContext;)V+6
j  org.gradle.internal.operations.DefaultBuildOperationRunner$2.execute(Lorg/gradle/internal/operations/BuildOperationDescriptor;Lorg/gradle/internal/operations/BuildOperationState;Lorg/gradle/internal/operations/BuildOperationState;Lorg/gradle/internal/operations/DefaultBuildOperationRunner$ReadableBuildOperationContext;Lorg/gradle/internal/operations/DefaultBuildOperationRunner$BuildOperationExecutionListener;)Lorg/gradle/internal/operations/BuildOperation;+22
j  org.gradle.internal.operations.DefaultBuildOperationRunner$2.execute(Lorg/gradle/internal/operations/BuildOperationDescriptor;Lorg/gradle/internal/operations/BuildOperationState;Lorg/gradle/internal/operations/BuildOperationState;Lorg/gradle/internal/operations/DefaultBuildOperationRunner$ReadableBuildOperationContext;Lorg/gradle/internal/operations/DefaultBuildOperationRunner$BuildOperationExecutionListener;)Ljava/lang/Object;+8
j  org.gradle.internal.operations.DefaultBuildOperationRunner.execute(Lorg/gradle/internal/operations/BuildOperationDescriptor$Builder;Lorg/gradle/internal/operations/BuildOperationState;Lorg/gradle/internal/operations/DefaultBuildOperationRunner$BuildOperationExecution;)Ljava/lang/Object;+141
j  org.gradle.internal.operations.DefaultBuildOperationRunner.execute(Lorg/gradle/internal/operations/BuildOperation;Lorg/gradle/internal/operations/BuildOperationWorker;Lorg/gradle/internal/operations/BuildOperationState;)V+18
j  org.gradle.internal.operations.DefaultBuildOperationRunner.call(Lorg/gradle/internal/operations/CallableBuildOperation;)Ljava/lang/Object;+16
j  org.gradle.launcher.exec.RunAsBuildOperationBuildActionExecutor.execute(Lorg/gradle/internal/invocation/BuildAction;Lorg/gradle/internal/session/BuildSessionContext;)Lorg/gradle/internal/buildtree/BuildActionRunner$Result;+23
j  org.gradle.launcher.exec.RunAsWorkerThreadBuildActionExecutor.lambda$execute$0(Lorg/gradle/internal/invocation/BuildAction;Lorg/gradle/internal/session/BuildSessionContext;)Lorg/gradle/internal/buildtree/BuildActionRunner$Result;+6
j  org.gradle.launcher.exec.RunAsWorkerThreadBuildActionExecutor$$Lambda+0x0000015910279648.create()Ljava/lang/Object;+12
j  org.gradle.internal.work.DefaultWorkerLeaseService.withLocks(Ljava/util/Collection;Lorg/gradle/internal/Factory;)Ljava/lang/Object;+28
j  org.gradle.internal.work.DefaultWorkerLeaseService.runAsWorkerThread(Lorg/gradle/internal/Factory;)Ljava/lang/Object;+33
j  org.gradle.launcher.exec.RunAsWorkerThreadBuildActionExecutor.execute(Lorg/gradle/internal/invocation/BuildAction;Lorg/gradle/internal/session/BuildSessionContext;)Lorg/gradle/internal/buildtree/BuildActionRunner$Result;+12
j  org.gradle.tooling.internal.provider.continuous.ContinuousBuildActionExecutor.execute(Lorg/gradle/internal/invocation/BuildAction;Lorg/gradle/internal/session/BuildSessionContext;)Lorg/gradle/internal/buildtree/BuildActionRunner$Result;+58
j  org.gradle.tooling.internal.provider.SubscribableBuildActionExecutor.execute(Lorg/gradle/internal/invocation/BuildAction;Lorg/gradle/internal/session/BuildSessionContext;)Lorg/gradle/internal/buildtree/BuildActionRunner$Result;+30
j  org.gradle.internal.session.DefaultBuildSessionContext.execute(Lorg/gradle/internal/invocation/BuildAction;)Lorg/gradle/internal/buildtree/BuildActionRunner$Result;+64
j  org.gradle.internal.buildprocess.execution.BuildSessionLifecycleBuildActionExecutor$ActionImpl.apply(Lorg/gradle/internal/session/BuildSessionContext;)Lorg/gradle/launcher/exec/BuildActionResult;+6
j  org.gradle.internal.buildprocess.execution.BuildSessionLifecycleBuildActionExecutor$ActionImpl.apply(Ljava/lang/Object;)Ljava/lang/Object;+5
j  org.gradle.internal.session.BuildSessionState.run(Ljava/util/function/Function;)Ljava/lang/Object;+5
j  org.gradle.internal.buildprocess.execution.BuildSessionLifecycleBuildActionExecutor.execute(Lorg/gradle/internal/invocation/BuildAction;Lorg/gradle/launcher/exec/BuildActionParameters;Lorg/gradle/initialization/BuildRequestContext;)Lorg/gradle/launcher/exec/BuildActionResult;+95
j  org.gradle.internal.buildprocess.execution.BuildSessionLifecycleBuildActionExecutor.execute(Lorg/gradle/internal/invocation/BuildAction;Ljava/lang/Object;Ljava/lang/Object;)Lorg/gradle/launcher/exec/BuildActionResult;+10
j  org.gradle.internal.buildprocess.execution.StartParamsValidatingActionExecutor.execute(Lorg/gradle/internal/invocation/BuildAction;Lorg/gradle/launcher/exec/BuildActionParameters;Lorg/gradle/initialization/BuildRequestContext;)Lorg/gradle/launcher/exec/BuildActionResult;+203
j  org.gradle.internal.buildprocess.execution.StartParamsValidatingActionExecutor.execute(Lorg/gradle/internal/invocation/BuildAction;Ljava/lang/Object;Ljava/lang/Object;)Lorg/gradle/launcher/exec/BuildActionResult;+10
j  org.gradle.internal.buildprocess.execution.SessionFailureReportingActionExecutor.execute(Lorg/gradle/internal/invocation/BuildAction;Lorg/gradle/launcher/exec/BuildActionParameters;Lorg/gradle/initialization/BuildRequestContext;)Lorg/gradle/launcher/exec/BuildActionResult;+7
j  org.gradle.internal.buildprocess.execution.SessionFailureReportingActionExecutor.execute(Lorg/gradle/internal/invocation/BuildAction;Ljava/lang/Object;Ljava/lang/Object;)Lorg/gradle/launcher/exec/BuildActionResult;+10
j  org.gradle.internal.buildprocess.execution.SetupLoggingActionExecutor.execute(Lorg/gradle/internal/invocation/BuildAction;Lorg/gradle/launcher/exec/BuildActionParameters;Lorg/gradle/initialization/BuildRequestContext;)Lorg/gradle/launcher/exec/BuildActionResult;+50
j  org.gradle.internal.buildprocess.execution.SetupLoggingActionExecutor.execute(Lorg/gradle/internal/invocation/BuildAction;Ljava/lang/Object;Ljava/lang/Object;)Lorg/gradle/launcher/exec/BuildActionResult;+10
j  org.gradle.launcher.daemon.server.exec.ExecuteBuild.doBuild(Lorg/gradle/launcher/daemon/server/api/DaemonCommandExecution;Lorg/gradle/launcher/daemon/protocol/Build;)V+147
j  org.gradle.launcher.daemon.server.exec.BuildCommandOnly.execute(Lorg/gradle/launcher/daemon/server/api/DaemonCommandExecution;)V+49
j  org.gradle.launcher.daemon.server.api.DaemonCommandExecution.proceed()Z+23
j  org.gradle.launcher.daemon.server.exec.WatchForDisconnection.execute(Lorg/gradle/launcher/daemon/server/api/DaemonCommandExecution;)V+19
j  org.gradle.launcher.daemon.server.api.DaemonCommandExecution.proceed()Z+23
j  org.gradle.launcher.daemon.server.exec.ResetDeprecationLogger.execute(Lorg/gradle/launcher/daemon/server/api/DaemonCommandExecution;)V+7
j  org.gradle.launcher.daemon.server.api.DaemonCommandExecution.proceed()Z+23
j  org.gradle.launcher.daemon.server.exec.RequestStopIfSingleUsedDaemon.execute(Lorg/gradle/launcher/daemon/server/api/DaemonCommandExecution;)V+33
j  org.gradle.launcher.daemon.server.api.DaemonCommandExecution.proceed()Z+23
j  org.gradle.launcher.daemon.server.exec.ForwardClientInput.lambda$execute$0(Lorg/gradle/launcher/daemon/server/api/DaemonCommandExecution;Lorg/gradle/internal/daemon/clientinput/StdinHandler;)Ljava/lang/Object;+11
j  org.gradle.launcher.daemon.server.exec.ForwardClientInput$$Lambda+0x0000015910186b58.apply(Ljava/lang/Object;)Ljava/lang/Object;+8
j  org.gradle.internal.daemon.clientinput.ClientInputForwarder.forwardInput(Ljava/util/function/Function;)Ljava/lang/Object;+46
j  org.gradle.launcher.daemon.server.exec.ForwardClientInput.execute(Lorg/gradle/launcher/daemon/server/api/DaemonCommandExecution;)V+10
j  org.gradle.launcher.daemon.server.api.DaemonCommandExecution.proceed()Z+23
j  org.gradle.launcher.daemon.server.exec.LogAndCheckHealth.execute(Lorg/gradle/launcher/daemon/server/api/DaemonCommandExecution;)V+51
j  org.gradle.launcher.daemon.server.api.DaemonCommandExecution.proceed()Z+23
j  org.gradle.launcher.daemon.server.exec.LogToClient.doBuild(Lorg/gradle/launcher/daemon/server/api/DaemonCommandExecution;Lorg/gradle/launcher/daemon/protocol/Build;)V+87
j  org.gradle.launcher.daemon.server.exec.BuildCommandOnly.execute(Lorg/gradle/launcher/daemon/server/api/DaemonCommandExecution;)V+49
j  org.gradle.launcher.daemon.server.api.DaemonCommandExecution.proceed()Z+23
j  org.gradle.launcher.daemon.server.exec.EstablishBuildEnvironment.doBuild(Lorg/gradle/launcher/daemon/server/api/DaemonCommandExecution;Lorg/gradle/launcher/daemon/protocol/Build;)V+356
j  org.gradle.launcher.daemon.server.exec.BuildCommandOnly.execute(Lorg/gradle/launcher/daemon/server/api/DaemonCommandExecution;)V+49
j  org.gradle.launcher.daemon.server.api.DaemonCommandExecution.proceed()Z+23
j  org.gradle.launcher.daemon.server.exec.StartBuildOrRespondWithBusy$1.run()V+44
j  org.gradle.launcher.daemon.server.DaemonStateCoordinator.lambda$runCommand$0(Ljava/lang/Runnable;)V+1
j  org.gradle.launcher.daemon.server.DaemonStateCoordinator$$Lambda+0x0000015910183778.run()V+8
j  org.gradle.internal.concurrent.ExecutorPolicy$CatchAndRecordFailures.onExecute(Ljava/lang/Runnable;)V+1
j  org.gradle.internal.concurrent.AbstractManagedExecutor$1.run()V+25
j  java.util.concurrent.ThreadPoolExecutor.runWorker(Ljava/util/concurrent/ThreadPoolExecutor$Worker;)V+92 java.base@21.0.10
j  java.util.concurrent.ThreadPoolExecutor$Worker.run()V+5 java.base@21.0.10
j  java.lang.Thread.runWith(Ljava/lang/Object;Ljava/lang/Runnable;)V+5 java.base@21.0.10
j  java.lang.Thread.run()V+19 java.base@21.0.10
v  ~StubRoutines::call_stub 0x000001590745100d

Compiled method (n/a)  105240  905     n 0       java.lang.ClassLoader::defineClass1 (native)
 total in heap  [0x0000015907bf9710,0x0000015907bf9d70] = 1632
 relocation     [0x0000015907bf9870,0x0000015907bf98a8] = 56
 main code      [0x0000015907bf98c0,0x0000015907bf9d6f] = 1199
 stub code      [0x0000015907bf9d6f,0x0000015907bf9d70] = 1

[Constant Pool (empty)]

[MachCode]
[Entry Point]
  # {method} {0x000001590f4396f0} 'defineClass1' '(Ljava/lang/ClassLoader;Ljava/lang/String;[BIILjava/security/ProtectionDomain;Ljava/lang/String;)Ljava/lang/Class;' in 'java/lang/ClassLoader'
  # parm0:    rdx:rdx   = 'java/lang/ClassLoader'
  # parm1:    r8:r8     = 'java/lang/String'
  # parm2:    r9:r9     = '[B'
  # parm3:    rdi       = int
  # parm4:    rsi       = int
  # parm5:    rcx:rcx   = 'java/security/ProtectionDomain'
  # parm6:    [sp+0xa0]   = 'java/lang/String'  (sp of caller)
  0x0000015907bf98c0: 448b 5208 | 49bb 0000 | 000f 5901 | 0000 4d03 | d349 3bc2 | 0f84 0600 

  0x0000015907bf98d8: ;   {runtime_call ic_miss_stub}
  0x0000015907bf98d8: 0000 e9a1 | 4e8a ff90 
[Verified Entry Point]
  0x0000015907bf98e0: 8984 2400 | 80ff ff55 | 488b ec48 | 81ec 9000 | 0000 6690 | 4181 7f20 | 2b00 0000 

  0x0000015907bf98fc: ;   {runtime_call StubRoutines (final stubs)}
  0x0000015907bf98fc: 7405 e85d | b488 ff48 | 837d 1000 | 488d 4510 | 480f 4445 | 1048 8944 | 2440 4889 | 4c24 7048 
  0x0000015907bf991c: 83f9 0048 | 8d44 2470 | 480f 4444 | 2470 4889 | 4424 3848 | 8974 2430 | 4889 7c24 | 284c 894c 
  0x0000015907bf993c: 2458 4983 | f900 488d | 4424 5848 | 0f44 4424 | 5848 8944 | 2420 4c89 | 4424 5049 | 83f8 004c 
  0x0000015907bf995c: 8d4c 2450 | 4c0f 444c | 2450 4889 | 5424 4848 | 83fa 004c | 8d44 2448 | 4c0f 4444 

  0x0000015907bf9978: ;   {oop(a 'java/lang/Class'{0x0000000080566d10} = 'java/lang/ClassLoader')}
  0x0000015907bf9978: 2448 49be | 106d 5680 | 0000 0000 | 4c89 7424 | 784c 8d74 | 2478 498b | d6c5 f877 

  0x0000015907bf9994: ;   {internal_word}
  0x0000015907bf9994: 49ba 9199 | bf07 5901 | 0000 4d89 | 97a8 0300 | 0049 89a7 | a003 0000 

  0x0000015907bf99ac: ;   {external_word}
  0x0000015907bf99ac: 49ba a318 | 7477 fe7f | 0000 4180 | 3a00 0f84 | 4e00 0000 | 5241 5041 

  0x0000015907bf99c4: ;   {metadata({method} {0x000001590f4396f0} 'defineClass1' '(Ljava/lang/ClassLoader;Ljava/lang/String;[BIILjava/security/ProtectionDomain;Ljava/lang/String;)Ljava/lang/Class;' in 'java/lang/ClassLoader')}
  0x0000015907bf99c4: 5148 bae8 | 9643 0f59 | 0100 0049 | 8bcf 4883 | ec20 40f6 | c40f 0f84 | 1900 0000 | 4883 ec08 
  0x0000015907bf99e4: ;   {runtime_call}
  0x0000015907bf99e4: 48b8 1079 | 2477 fe7f | 0000 ffd0 | 4883 c408 | e90c 0000 

  0x0000015907bf99f8: ;   {runtime_call}
  0x0000015907bf99f8: 0048 b810 | 7924 77fe | 7f00 00ff | d048 83c4 | 2041 5941 | 585a 498d | 8fc0 0300 | 0041 c787 
  0x0000015907bf9a18: 4c04 0000 | 0400 0000 

  0x0000015907bf9a20: ;   {runtime_call}
  0x0000015907bf9a20: 48b8 d016 | 868d fe7f | 0000 ffd0 | c5f8 7741 | c787 4c04 | 0000 0500 | 0000 f083 | 4424 c000 
  0x0000015907bf9a40: 493b af50 | 0400 000f | 870e 0000 | 0041 83bf | 4804 0000 | 000f 842b | 0000 00c5 | f877 4889 
  0x0000015907bf9a60: 45f8 498b | cf4c 8be4 | 4883 ec20 | 4883 e4f0 

  0x0000015907bf9a70: ;   {runtime_call}
  0x0000015907bf9a70: 48b8 501b | f076 fe7f | 0000 ffd0 | 498b e44d | 33e4 488b | 45f8 41c7 | 874c 0400 | 0008 0000 
  0x0000015907bf9a90: 0041 83bf | c804 0000 | 020f 84a3 

  0x0000015907bf9a9c: ;   {external_word}
  0x0000015907bf9a9c: 0200 0049 | baa3 1874 | 77fe 7f00 | 0041 803a | 000f 844c | 0000 0048 

  0x0000015907bf9ab4: ;   {metadata({method} {0x000001590f4396f0} 'defineClass1' '(Ljava/lang/ClassLoader;Ljava/lang/String;[BIILjava/security/ProtectionDomain;Ljava/lang/String;)Ljava/lang/Class;' in 'java/lang/ClassLoader')}
  0x0000015907bf9ab4: 8945 f848 | bae8 9643 | 0f59 0100 | 0049 8bcf | 4883 ec20 | 40f6 c40f | 0f84 1900 | 0000 4883 
  0x0000015907bf9ad4: ;   {runtime_call}
  0x0000015907bf9ad4: ec08 48b8 | 1079 2477 | fe7f 0000 | ffd0 4883 | c408 e90c 

  0x0000015907bf9ae8: ;   {runtime_call}
  0x0000015907bf9ae8: 0000 0048 | b810 7924 | 77fe 7f00 | 00ff d048 | 83c4 2048 | 8b45 f849 | c787 a003 | 0000 0000 
  0x0000015907bf9b08: 0000 49c7 | 87a8 0300 | 0000 0000 | 00c5 f877 | 4885 c00f | 84fe 0100 | 00a8 030f | 8508 0000 
  0x0000015907bf9b28: 0048 8b00 | e9ee 0100 | 00a8 010f | 8509 0000 | 0048 8b40 | fee9 dd01 | 0000 488b | 40ff 4180 
  0x0000015907bf9b48: 7f40 000f | 84ce 0100 | 0048 83f8 | 000f 84c4 | 0100 0049 | 8b4f 2848 | 83f9 000f | 8414 0000 
  0x0000015907bf9b68: 0048 83e9 | 0849 894f | 2849 034f | 3848 8901 | e9a2 0100 | 0048 81ec | d000 0000 | 4889 0424 
  0x0000015907bf9b88: 4889 4c24 | 0848 8954 | 2410 4889 | 7424 1848 | 897c 2420 | 4c89 4424 | 284c 894c | 2430 4c89 
  0x0000015907bf9ba8: 5424 384c | 895c 2440 | c5fb 1144 | 2450 c5fb | 114c 2458 | c5fb 1154 | 2460 c5fb | 115c 2468 
  0x0000015907bf9bc8: c5fb 1164 | 2470 c5fb | 116c 2478 | c5fb 11b4 | 2480 0000 | 00c5 fb11 | bc24 8800 | 0000 c57b 
  0x0000015907bf9be8: ;   {no_reloc}
  0x0000015907bf9be8: 1184 2490 | 0000 00c5 | 7b11 8c24 | 9800 0000 | c57b 1194 | 24a0 0000 | 00c5 7b11 | 9c24 a800 
  0x0000015907bf9c08: 0000 c57b | 11a4 24b0 | 0000 00c5 | 7b11 ac24 | b800 0000 | c57b 11b4 | 24c0 0000 | 00c5 7b11 
  0x0000015907bf9c28: bc24 c800 | 0000 498b | d748 8bc8 | 4883 ec20 | 40f6 c40f | 0f84 1900 | 0000 4883 

  0x0000015907bf9c44: ;   {runtime_call}
  0x0000015907bf9c44: ec08 48b8 | 206b e376 | fe7f 0000 | ffd0 4883 | c408 e90c 

  0x0000015907bf9c58: ;   {runtime_call}
  0x0000015907bf9c58: 0000 0048 | b820 6be3 | 76fe 7f00 | 00ff d048 | 83c4 20c5 | 7b10 bc24 | c800 0000 | c57b 10b4 
  0x0000015907bf9c78: 24c0 0000 | 00c5 7b10 | ac24 b800 | 0000 c57b | 10a4 24b0 | 0000 00c5 | 7b10 9c24 | a800 0000 
  0x0000015907bf9c98: c57b 1094 | 24a0 0000 | 00c5 7b10 | 8c24 9800 | 0000 c57b | 1084 2490 | 0000 00c5 | fb10 bc24 
  0x0000015907bf9cb8: 8800 0000 | c5fb 10b4 | 2480 0000 | 00c5 fb10 | 6c24 78c5 | fb10 6424 | 70c5 fb10 | 5c24 68c5 
  0x0000015907bf9cd8: fb10 5424 | 60c5 fb10 | 4c24 58c5 | fb10 4424 | 504c 8b5c | 2440 4c8b | 5424 384c | 8b4c 2430 
  0x0000015907bf9cf8: 4c8b 4424 | 2848 8b7c | 2420 488b | 7424 1848 | 8b54 2410 | 488b 4c24 | 0848 8b04 | 2448 81c4 
  0x0000015907bf9d18: d000 0000 | c5f8 7749 | 8b8f 3004 | 0000 c781 | 0001 0000 | 0000 0000 | c949 837f | 0800 0f85 
  0x0000015907bf9d38: 0100 0000 

  0x0000015907bf9d3c: ;   {runtime_call StubRoutines (initial stubs)}
  0x0000015907bf9d3c: c3e9 be71 | 85ff c5f8 | 7748 8945 | f84c 8be4 | 4883 ec20 | 4883 e4f0 

  0x0000015907bf9d54: ;   {runtime_call}
  0x0000015907bf9d54: 48b8 70b0 | 2477 fe7f | 0000 ffd0 | 498b e44d | 33e4 488b | 45f8 e930 | fdff fff4 
[/MachCode]


Compiled method (c2)  105262 12622       4       java.security.SecureClassLoader::defineClass (16 bytes)
 total in heap  [0x0000015907fa0d10,0x0000015907fa3ba0] = 11920
 relocation     [0x0000015907fa0e70,0x0000015907fa10b8] = 584
 main code      [0x0000015907fa10c0,0x0000015907fa28a8] = 6120
 stub code      [0x0000015907fa28a8,0x0000015907fa29d0] = 296
 oops           [0x0000015907fa29d0,0x0000015907fa29d8] = 8
 metadata       [0x0000015907fa29d8,0x0000015907fa2b10] = 312
 scopes data    [0x0000015907fa2b10,0x0000015907fa3410] = 2304
 scopes pcs     [0x0000015907fa3410,0x0000015907fa3890] = 1152
 dependencies   [0x0000015907fa3890,0x0000015907fa38a0] = 16
 handler table  [0x0000015907fa38a0,0x0000015907fa3b28] = 648
 nul chk table  [0x0000015907fa3b28,0x0000015907fa3ba0] = 120

[Constant Pool (empty)]

[MachCode]
[Entry Point]
  # {method} {0x000001590f04d4c0} 'defineClass' '(Ljava/lang/String;[BIILjava/security/CodeSource;)Ljava/lang/Class;' in 'java/security/SecureClassLoader'
  # this:     rdx:rdx   = 'java/security/SecureClassLoader'
  # parm0:    r8:r8     = 'java/lang/String'
  # parm1:    r9:r9     = '[B'
  # parm2:    rdi       = int
  # parm3:    rsi       = int
  # parm4:    rcx:rcx   = 'java/security/CodeSource'
  #           [sp+0xc0]  (sp of caller)
  0x0000015907fa10c0: 448b 5208 | 49bb 0000 | 000f 5901 | 0000 4d03 | d349 3bc2 

  0x0000015907fa10d4: ;   {runtime_call ic_miss_stub}
  0x0000015907fa10d4: 0f85 a6d6 | 4fff 6690 | 0f1f 4000 
[Verified Entry Point]
  0x0000015907fa10e0: 8984 2400 | 80ff ff55 | 4881 ecb0 | 0000 0090 | 4181 7f20 | 2b00 0000 | 0f85 9e17 | 0000 8974 
  0x0000015907fa1100: 243c 897c | 2438 4c89 | 4c24 284c | 8944 2420 | 4889 5424 | 3048 8be9 | 4885 c90f | 8437 1200 
  0x0000015907fa1120: 004d 8b87 | b801 0000 | 4d8b d049 | 83c2 104d | 3b97 c801 | 0000 0f83 | d10d 0000 | 4d89 97b8 
  0x0000015907fa1140: 0100 0041 | 0f18 8200 | 0100 0049 | c700 0100 

  0x0000015907fa1150: ;   {metadata('java/security/SecureClassLoader$CodeSourceKey')}
  0x0000015907fa1150: 0000 41c7 | 4008 d0de | 1100 4c8b | dd45 8958 | 0c4d 8b8f | b801 0000 | 4c8b 5424 | 3041 8b6a 
  0x0000015907fa1170: 504d 8bd1 | 4983 c210 | 4d3b 97c8 | 0100 000f | 835b 0d00 | 004d 8997 | b801 0000 | 410f 1882 
  0x0000015907fa1190: 0001 0000 | 49c7 0101 

  0x0000015907fa1198: ;   {metadata('java/security/SecureClassLoader$1')}
  0x0000015907fa1198: 0000 0041 | c741 0858 | e411 004c | 8b54 2430 | 4d8b da45 | 8959 0c44 

  0x0000015907fa11b0: ;   {metadata('java/util/concurrent/ConcurrentHashMap')}
  0x0000015907fa11b0: 8b5d 0841 | 81fb 9050 | 0600 0f85 | dc10 0000 | 488b d590 

  0x0000015907fa11c4: ;   {optimized virtual_call}
  0x0000015907fa11c4: c5f8 77e8 

  0x0000015907fa11c8: ; ImmutableOopMap {[32]=Oop [40]=Oop [48]=Oop }
                      ;*invokeinterface computeIfAbsent {reexecute=0 rethrow=0 return_oop=1}
                      ; - java.security.SecureClassLoader::getProtectionDomain@28 (line 222)
                      ; - java.security.SecureClassLoader::defineClass@9 (line 150)
  0x0000015907fa11c8: b45b 8dfb 

  0x0000015907fa11cc: ;   {other}
  0x0000015907fa11cc: 0f1f 8400 | bc04 0000 

  0x0000015907fa11d4: ; implicit exception: dispatches to 0x0000015907fa26b8
  0x0000015907fa11d4: 448b 5008 

  0x0000015907fa11d8: ;   {metadata('java/security/ProtectionDomain')}
  0x0000015907fa11d8: 4181 faa8 | 5700 000f | 857f 1400 | 004c 8bc8 | 488b 5424 | 304c 8b44 | 2420 6690 

  0x0000015907fa11f4: ;   {optimized virtual_call}
  0x0000015907fa11f4: c5f8 77e8 

  0x0000015907fa11f8: ; ImmutableOopMap {[32]=Oop [40]=Oop [48]=Oop }
                      ;*invokevirtual preDefineClass {reexecute=0 rethrow=0 return_oop=1}
                      ; - java.lang.ClassLoader::defineClass@4 (line 1025)
                      ; - java.security.SecureClassLoader::defineClass@12 (line 150)
  0x0000015907fa11f8: 245f 5800 

  0x0000015907fa11fc: ;   {other}
  0x0000015907fa11fc: 0f1f 8400 | ec04 0001 | 4889 4424 | 4044 8b50 | 1041 8b6a | 0c44 8b55 | 3845 85d2 | 0f84 6610 
  0x0000015907fa121c: 0000 498b | d24c 8bc5 

  0x0000015907fa1224: ;   {optimized virtual_call}
  0x0000015907fa1224: c5f8 77e8 

  0x0000015907fa1228: ; ImmutableOopMap {[32]=Oop [40]=Oop [48]=Oop [64]=Oop }
                      ;*invokevirtual toExternalForm {reexecute=0 rethrow=0 return_oop=1}
                      ; - java.net.URL::toExternalForm@5 (line 1203)
                      ; - java.net.URL::toString@1 (line 1189)
                      ; - java.lang.ClassLoader::defineClassSourceLocation@22 (line 927)
                      ; - java.lang.ClassLoader::defineClass@12 (line 1026)
                      ; - java.security.SecureClassLoader::defineClass@12 (line 150)
  0x0000015907fa1228: 3441 e3ff 

  0x0000015907fa122c: ;   {other}
  0x0000015907fa122c: 0f1f 8400 | 1c05 0002 | 488b 5424 | 304c 8b44 | 2420 4c8b | 4c24 288b | 7c24 388b | 7424 3c48 
  0x0000015907fa124c: 8b4c 2440 | 4889 0424 

  0x0000015907fa1254: ;   {static_call}
  0x0000015907fa1254: c5f8 77e8 

  0x0000015907fa1258: ; ImmutableOopMap {[48]=Oop [64]=Oop }
                      ;*invokestatic defineClass1 {reexecute=0 rethrow=0 return_oop=1}
                      ; - java.lang.ClassLoader::defineClass@27 (line 1027)
                      ; - java.security.SecureClassLoader::defineClass@12 (line 150)
  0x0000015907fa1258: 8486 c5ff 

  0x0000015907fa125c: ;   {other}
  0x0000015907fa125c: 0f1f 8400 | 4c05 0003 | 4889 4424 | 3844 8b50 | 3c45 85d2 | 7417 498b | da49 ba00 | 00b8 7859 
  0x0000015907fa127c: 0100 004c | 8954 2448 | e99c 0200 | 004c 8b50 | 1045 8b5a | 0845 85db | 0f8c 5610 | 0000 448b 
  0x0000015907fa129c: 502c 4585 | d275 4148 | 8bd0 4c8b | 5424 304c | 8954 2420 | 488b e890 

  0x0000015907fa12b4: ;   {optimized virtual_call}
  0x0000015907fa12b4: c5f8 77e8 

  0x0000015907fa12b8: ; ImmutableOopMap {rbp=Oop [32]=Oop [48]=Oop [56]=Oop [64]=Oop }
                      ;*invokevirtual initClassName {reexecute=0 rethrow=0 return_oop=1}
                      ; - java.lang.Class::getName@14 (line 950)
                      ; - java.lang.Class::getPackageName@40 (line 1169)
                      ; - java.lang.ClassLoader::postDefineClass@2 (line 934)
                      ; - java.lang.ClassLoader::defineClass@37 (line 1028)
                      ; - java.security.SecureClassLoader::defineClass@12 (line 150)
  0x0000015907fa12b8: a480 c3ff 

  0x0000015907fa12bc: ;   {other}
  0x0000015907fa12bc: 0f1f 8400 | ac05 0004 | 4c8b d848 | 85c0 751b | baf6 ffff | ff66 6690 

  0x0000015907fa12d4: ;   {runtime_call UncommonTrapBlob}
  0x0000015907fa12d4: c5f8 77e8 

  0x0000015907fa12d8: ; ImmutableOopMap {}
                      ;*invokevirtual lastIndexOf {reexecute=0 rethrow=0 return_oop=0}
                      ; - java.lang.Class::getPackageName@47 (line 1170)
                      ; - java.lang.ClassLoader::postDefineClass@2 (line 934)
                      ; - java.lang.ClassLoader::defineClass@37 (line 1028)
                      ; - java.security.SecureClassLoader::defineClass@12 (line 150)
  0x0000015907fa12d8: 2433 50ff 

  0x0000015907fa12dc: ;   {other}
  0x0000015907fa12dc: 0f1f 8400 | cc05 0005 | 4d8b da41 | 8b6b 148b | 5d0c 450f | be43 10c4 | 623a f7cb | 41ff c945 
  0x0000015907fa12fc: 85c0 0f85 | 9c0e 0000 | 8d4b ff41 | 3bc9 410f | 4fc9 85c9 | 0f8c eb07 | 0000 4c8b | cd49 ba00 
  0x0000015907fa131c: 00b8 7859 | 0100 004c | 8954 2448 | 0f1f 8400 | 0000 0000 | 3bcb 0f83 | 3e0e 0000 | 807c 0d10 
  0x0000015907fa133c: 2e74 1949 | 8bbf 5804 | 0000 ffc9 | 4c8b 5424 

  0x0000015907fa134c: ; ImmutableOopMap {r10=Oop r11=Oop r9=Oop rbp=NarrowOop [48]=Oop [56]=Oop [64]=Oop }
                      ;*goto {reexecute=1 rethrow=0 return_oop=0}
                      ; - (reexecute) java.lang.StringLatin1::lastIndexOf@35 (line 289)
                      ; - java.lang.String::lastIndexOf@13 (line 2562)
                      ; - java.lang.String::lastIndexOf@8 (line 2524)
                      ; - java.lang.Class::getPackageName@47 (line 1170)
                      ; - java.lang.ClassLoader::postDefineClass@2 (line 934)
                      ; - java.lang.ClassLoader::defineClass@37 (line 1028)
                      ; - java.security.SecureClassLoader::defineClass@12 (line 150)
                      ;   {poll}
  0x0000015907fa134c: 3885 0785 | c97d ddb9 | ffff ffff | 83f9 ff0f | 84b4 0700 | 0045 8b43 | 1445 8b50 | 0c45 0fbe 
  0x0000015907fa136c: 4b10 c4c2 | 32f7 ea85 | c90f 8c49 | 1000 003b | cd0f 8f65 | 1000 003b | cd0f 846c | 0600 0045 
  0x0000015907fa138c: 85c9 0f85 | 3b07 0000 | 85c9 0f84 | db0c 0000 | 498b 9fb8 | 0100 004c | 8bdb 4983 | c318 4d3b 
  0x0000015907fa13ac: 9fc8 0100 | 000f 834e | 0c00 004d | 899f b801 | 0000 410f | 1883 0001 | 0000 48c7 | 0301 0000 
  0x0000015907fa13cc: ;   {metadata('java/lang/String')}
  0x0000015907fa13cc: 00c7 4308 | 58e5 0000 | 4489 630c | 4c89 6310 | 4d8b d84c | 899c 2490 | 0000 004d | 8d58 1041 
  0x0000015907fa13ec: 3bca 0f85 | 0b06 0000 | 4963 fa41 | 81fa 0000 | 1000 0f87 | 820c 0000 | 498b b7b8 | 0100 004c 
  0x0000015907fa140c: 8d4f 1749 | 83e1 f848 | 8bce 4903 | c949 3b8f | c801 0000 | 0f83 600c | 0000 4989 | 8fb8 0100 
  0x0000015907fa142c: 000f 1881 | 0001 0000 | 48c7 0601 | 0000 000f | 1881 4001 

  0x0000015907fa1440: ;   {metadata({type array byte})}
  0x0000015907fa1440: 0000 c746 | 0868 2200 | 0044 8956 | 0c0f 1881 | 8001 0000 | 488b d648 | 83c2 1048 | 83c7 0748 
  0x0000015907fa1460: c1ef 0349 | 8bcb 4c8b | c7c5 f877 | 49ba 6033 | 4807 5901 | 0000 41ff 

  0x0000015907fa1478: ;   {other}
  0x0000015907fa1478: d20f 1f84 | 0000 0000 | 0041 807f | 4000 0f85 | 2107 0000 | 4c8b d34c | 8bc6 4489 | 4314 4c8b 
  0x0000015907fa1498: de4d 33da | 49c1 eb14 | 4d85 db74 | 1a49 c1ea | 0948 b900 | 00b8 7859 | 0100 0049 | 03ca 8039 
  0x0000015907fa14b8: 020f 8521 | 0700 0044 | 8863 1048 | 8bd3 6690 

  0x0000015907fa14c8: ;   {optimized virtual_call}
  0x0000015907fa14c8: c5f8 77e8 

  0x0000015907fa14cc: ; ImmutableOopMap {[48]=Oop [56]=Oop [64]=Oop }
                      ;*invokevirtual intern {reexecute=0 rethrow=0 return_oop=1}
                      ; - java.lang.Class::getPackageName@65 (line 1171)
                      ; - java.lang.ClassLoader::postDefineClass@2 (line 934)
                      ; - java.lang.ClassLoader::defineClass@37 (line 1028)
                      ; - java.security.SecureClassLoader::defineClass@12 (line 150)
  0x0000015907fa14cc: 1076 c1ff 

  0x0000015907fa14d0: ;   {other}
  0x0000015907fa14d0: 0f1f 8400 | c007 0007 | 488b d841 | 807f 4000 | 0f85 3e06 | 0000 4c8b | 5424 384c | 8bc3 4c8b 
  0x0000015907fa14f0: 5c24 3845 | 8943 3c4c | 8bdb 4d33 | da49 c1eb | 144d 85db | 741f 4885 | db74 1a49 | c1ea 0948 
  0x0000015907fa1510: b900 00b8 | 7859 0100 | 0049 03ca | 8039 020f | 8537 0600 | 004c 8b54 | 2430 458b | 5238 458b 
  0x0000015907fa1530: 4a08 4c8b | 5c24 3845 

  0x0000015907fa1538: ;   {metadata('java/util/concurrent/ConcurrentHashMap')}
  0x0000015907fa1538: 8b43 3041 | 81f9 9050 | 0600 0f85 | 740d 0000 | 4c8b cb8b | 430c 498b | ea85 c00f | 8448 0400 
  0x0000015907fa1558: 008b 5d28 | 85db 0f84 | a400 0000 | 448b 530c | 4585 d20f | 86b3 0d00 | 0044 8bd8 | 41c1 eb10 
  0x0000015907fa1578: 4433 d841 | ffca 4181 | e3ff ffff | 7f45 23d3 | 4d63 d246 | 8b6c 9310 | 4585 ed74 | 7345 8b55 
  0x0000015907fa1598: 0c45 3bd3 | 744e 4585 | d20f 8df9 | 0200 0041 

  0x0000015907fa15a8: ;   {metadata('java/util/concurrent/ConcurrentHashMap$ReservationNode')}
  0x0000015907fa15a8: 8b4d 0881 | f998 b717 | 0074 55ba | deff ffff | 488b 6c24 | 384c 8b54 | 2440 4c89 | 5424 3844 
  0x0000015907fa15c8: 8944 2448 | 4489 6c24 | 4c44 895c | 2450 4c89 | 4c24 5890 

  0x0000015907fa15dc: ;   {runtime_call UncommonTrapBlob}
  0x0000015907fa15dc: c5f8 77e8 

  0x0000015907fa15e0: ; ImmutableOopMap {rbp=Oop [48]=Oop [56]=Oop [72]=NarrowOop [76]=NarrowOop [88]=Oop }
                      ;*invokevirtual find {reexecute=0 rethrow=0 return_oop=0}
                      ; - java.util.concurrent.ConcurrentHashMap::get@93 (line 944)
                      ; - java.lang.ClassLoader::getNamedPackage@5 (line 341)
                      ; - java.lang.ClassLoader::postDefineClass@9 (line 934)
                      ; - java.lang.ClassLoader::defineClass@37 (line 1028)
                      ; - java.security.SecureClassLoader::defineClass@12 (line 150)
  0x0000015907fa15e0: 1c30 50ff 

  0x0000015907fa15e4: ;   {other}
  0x0000015907fa15e4: 0f1f 8400 | d408 0008 | 418b 6d10 | 4c8b d54d | 3bd1 0f85 | 9401 0000 | 418b 6d14 | 85ed 0f85 
  0x0000015907fa1604: 3203 0000 | 498b 87b8 | 0100 004c | 8bd0 4983 | c218 4d3b | 97c8 0100 | 000f 83e1 | 0a00 004d 
  0x0000015907fa1624: 8997 b801 | 0000 410f | 1882 0001 | 0000 48c7 | 0001 0000 

  0x0000015907fa1638: ;   {metadata('java/lang/NamedPackage')}
  0x0000015907fa1638: 00c7 4008 | c0ba 0100 | 4489 600c | 4c89 6010 | 458b 5914 

  0x0000015907fa164c: ; implicit exception: dispatches to 0x0000015907fa27d4
  0x0000015907fa164c: 458b 530c | 4585 d20f | 86f5 0600 | 004c 894c | 2420 4889 | 4424 5049 | 8be8 4489 | 4424 2848 
  0x0000015907fa166c: 8b54 2420 

  0x0000015907fa1670: ;   {optimized virtual_call}
  0x0000015907fa1670: c5f8 77e8 

  0x0000015907fa1674: ; ImmutableOopMap {rbp=Oop [32]=Oop [40]=NarrowOop [48]=Oop [56]=Oop [64]=Oop [80]=Oop }
                      ;*invokevirtual intern {reexecute=0 rethrow=0 return_oop=1}
                      ; - java.lang.NamedPackage::<init>@47 (line 51)
                      ; - java.lang.ClassLoader::getNamedPackage@22 (line 343)
                      ; - java.lang.ClassLoader::postDefineClass@9 (line 934)
                      ; - java.lang.ClassLoader::defineClass@37 (line 1028)
                      ; - java.security.SecureClassLoader::defineClass@12 (line 150)
  0x0000015907fa1674: 6874 c1ff 

  0x0000015907fa1678: ;   {other}
  0x0000015907fa1678: 0f1f 8400 | 6809 0009 | 488b d841 | 807f 4000 | 0f85 db05 | 0000 4c8b | db4c 8b54 | 2450 4589 
  0x0000015907fa1698: 5a0c 4c8b | db4d 33da | 49c1 eb14 | 4d85 db74 | 1f48 85db | 741a 49c1 | ea09 48b9 | 0000 b878 
  0x0000015907fa16b8: 5901 0000 | 4903 ca80 | 3902 0f85 | 2e06 0000 | 4180 7f40 | 000f 855e | 0500 004c | 8b54 2450 
  0x0000015907fa16d8: 448b 5c24 | 2845 895a | 104c 8bd5 | 4c8b 5c24 | 504d 33d3 | 49c1 ea14 | 4d85 d274 | 2044 8b44 
  0x0000015907fa16f8: 2428 4585 | c074 1649 | c1eb 094c | 8b44 2448 | 4d03 c341 | 8038 020f | 858c 0500 | 004c 8b54 
  0x0000015907fa1718: 2430 458b | 5a38 4585 | db0f 8449 | 0c00 0049 | 8bd3 4c8b | 4424 204c | 8b4c 2450 

  0x0000015907fa1734: ;   {optimized virtual_call}
  0x0000015907fa1734: c5f8 77e8 

  0x0000015907fa1738: ; ImmutableOopMap {[40]=NarrowOop [48]=Oop [56]=Oop [64]=Oop [80]=Oop }
                      ;*invokevirtual putIfAbsent {reexecute=0 rethrow=0 return_oop=1}
                      ; - java.lang.ClassLoader::getNamedPackage@32 (line 345)
                      ; - java.lang.ClassLoader::postDefineClass@9 (line 934)
                      ; - java.lang.ClassLoader::defineClass@37 (line 1028)
                      ; - java.security.SecureClassLoader::defineClass@12 (line 150)
  0x0000015907fa1738: 04d0 cdff 

  0x0000015907fa173c: ;   {other}
  0x0000015907fa173c: 0f1f 8400 | 2c0a 000a | 4885 c00f | 8415 0200 | 0044 8b58 | 0849 ba00 | 0000 0f59 | 0100 004d 
  0x0000015907fa175c: 03d3 4d8b 

  0x0000015907fa1760: ;   {metadata('java/lang/NamedPackage')}
  0x0000015907fa1760: 5238 49bb | c0ba 010f | 5901 0000 | 4d3b d30f | 8417 0c00 | 00ba deff | ffff 488b | e866 6690 
  0x0000015907fa1780: ;   {runtime_call UncommonTrapBlob}
  0x0000015907fa1780: c5f8 77e8 

  0x0000015907fa1784: ; ImmutableOopMap {rbp=Oop }
                      ;*checkcast {reexecute=0 rethrow=0 return_oop=0}
                      ; - java.lang.ClassLoader::getNamedPackage@35 (line 345)
                      ; - java.lang.ClassLoader::postDefineClass@9 (line 934)
                      ; - java.lang.ClassLoader::defineClass@37 (line 1028)
                      ; - java.security.SecureClassLoader::defineClass@12 (line 150)
  0x0000015907fa1784: 782e 50ff 

  0x0000015907fa1788: ;   {other}
  0x0000015907fa1788: 0f1f 8400 | 780a 000b 

  0x0000015907fa1790: ; implicit exception: dispatches to 0x0000015907fa2808
  0x0000015907fa1790: 448b 5508 | 488b dd4c | 3bcb 0f84 | 5cfe ffff 

  0x0000015907fa17a0: ;   {metadata('java/lang/String')}
  0x0000015907fa17a0: 4181 fa58 | e500 000f | 85f3 0000 | 0041 0fbe | 4910 0fbe | 6b10 3bcd | 0f85 0e0d | 0000 8b7b 
  0x0000015907fa17c0: 1445 8b51 | 148b 5f0c | 418b 4a0c | 3bcb 0f85 | cc00 0000 | 488b df48 | 8d77 1049 | 8bda 498d 
  0x0000015907fa17e0: 7a10 85c9 | 0f84 9d00 | 0000 8bc1 | 83e0 1f83 | e1e0 0f84 | 4b00 0000 | 488d 3c0f | 488d 340e 
  0x0000015907fa1800: 48f7 d9c5 | fe6f 040f | c5fe 6f0c | 0ec5 fdef | c1c4 e27d | 17c0 0f85 | 7200 0000 | 4883 c120 
  0x0000015907fa1820: 75e1 85c0 | 0f84 5d00 | 0000 c5fe | 6f44 07e0 | c5fe 6f4c | 06e0 c5fd | efc1 c4e2 | 7d17 c075 
  0x0000015907fa1840: 4deb 448b | c883 e1fc | 7419 488d | 3c0f 488d | 340e 48f7 | d98b 1c0f | 3b1c 0e75 | 3148 83c1 
  0x0000015907fa1860: 0475 f2a8 | 0274 120f | b71f 0fb7 | 0e3b d975 | 1d48 8d7f | 0248 8d76 | 02a8 0174 | 0a0f b61f 
  0x0000015907fa1880: 0fb6 0e3b | d975 07b8 | 0100 0000 | eb02 33c0 | c5fd efc0 | c5f5 efc9 | 85c0 0f85 

  0x0000015907fa189c: ;   {no_reloc}
  0x0000015907fa189c: 5cfd ffff | 4d8b d541 | 8b4a 1885 | c90f 8459 | fdff ff48 | 8bf9 498b | 9758 0400 

  0x0000015907fa18b8: ; ImmutableOopMap {r8=NarrowOop r9=Oop rdi=Oop [48]=Oop [56]=Oop [64]=Oop }
                      ;*if_icmpne {reexecute=1 rethrow=0 return_oop=0}
                      ; - (reexecute) java.util.concurrent.ConcurrentHashMap::get@127 (line 946)
                      ; - java.lang.ClassLoader::getNamedPackage@5 (line 341)
                      ; - java.lang.ClassLoader::postDefineClass@9 (line 934)
                      ; - java.lang.ClassLoader::defineClass@37 (line 1028)
                      ; - java.security.SecureClassLoader::defineClass@12 (line 150)
  0x0000015907fa18b8: 008b 5f0c 

  0x0000015907fa18bc: ;   {poll}
  0x0000015907fa18bc: 8502 413b | db74 1244 | 8b57 1845 | 85d2 0f84 | 38fd ffff | 498b faeb | dd8b 6f10 | 4c8b d54d 
  0x0000015907fa18dc: 3bd1 744f | 85ed 0f84 | ac0c 0000 | 4889 7c24 | 5044 895c | 242c 4489 | 4424 284c | 8bc5 498b 
  0x0000015907fa18fc: d149 8be9 

  0x0000015907fa1900: ;   {optimized virtual_call}
  0x0000015907fa1900: c5f8 77e8 

  0x0000015907fa1904: ; ImmutableOopMap {rbp=Oop [40]=NarrowOop [48]=Oop [56]=Oop [64]=Oop [80]=Oop }
                      ;*invokevirtual equals {reexecute=0 rethrow=0 return_oop=0}
                      ; - java.util.concurrent.ConcurrentHashMap::get@149 (line 947)
                      ; - java.lang.ClassLoader::getNamedPackage@5 (line 341)
                      ; - java.lang.ClassLoader::postDefineClass@9 (line 934)
                      ; - java.lang.ClassLoader::defineClass@37 (line 1028)
                      ; - java.security.SecureClassLoader::defineClass@12 (line 150)
  0x0000015907fa1904: b877 e5ff 

  0x0000015907fa1908: ;   {other}
  0x0000015907fa1908: 0f1f 8400 | f80b 000d | 4d8b 9758 

  0x0000015907fa1914: ; ImmutableOopMap {rbp=Oop [40]=NarrowOop [48]=Oop [56]=Oop [64]=Oop [80]=Oop }
                      ;*ifeq {reexecute=1 rethrow=0 return_oop=0}
                      ; - (reexecute) java.util.concurrent.ConcurrentHashMap::get@152 (line 947)
                      ; - java.lang.ClassLoader::getNamedPackage@5 (line 341)
                      ; - java.lang.ClassLoader::postDefineClass@9 (line 934)
                      ; - java.lang.ClassLoader::defineClass@37 (line 1028)
                      ; - java.security.SecureClassLoader::defineClass@12 (line 150)
                      ;   {poll}
  0x0000015907fa1914: 0400 0041 | 8502 85c0 | 0f84 a705 | 0000 4c8b | cd44 8b44 | 2428 488b | 7c24 508b | 6f14 85ed 
  0x0000015907fa1934: 0f84 cefc | ffff 448b | 5508 49bb | 0000 000f | 5901 0000 | 4d03 da4d 

  0x0000015907fa194c: ;   {metadata('java/lang/NamedPackage')}
  0x0000015907fa194c: 8b53 3849 | bbc0 ba01 | 0f59 0100 | 004d 3bd3 | 0f85 aa09 | 0000 4c8b | 5424 4045 | 8b5a 1041 
  0x0000015907fa196c: 8b6b 1485 | ed0f 85b5 | 0a00 0041 | 8b6b 1085 | ed0f 85d9 | 0a00 0048 | 8b44 2438 | c5f8 7748 
  0x0000015907fa198c: 81c4 b000 

  0x0000015907fa1990: ;   {poll_return}
  0x0000015907fa1990: 0000 5d49 | 3ba7 5004 | 0000 0f87 | e60e 0000 | c344 0fb6 | 5b11 4585 | db0f 8598 | 0300 0044 
  0x0000015907fa19b0: 8b5b 1449 | 8bd3 807b | 1000 0f85 | 2406 0000 | 4489 4424 | 2848 895c | 2420 6690 

  0x0000015907fa19cc: ;   {static_call}
  0x0000015907fa19cc: c5f8 77e8 

  0x0000015907fa19d0: ; ImmutableOopMap {rbp=Oop [32]=Oop [40]=NarrowOop [48]=Oop [56]=Oop [64]=Oop }
                      ;*invokestatic hashCode {reexecute=0 rethrow=0 return_oop=0}
                      ; - java.lang.String::hashCode@27 (line 2358)
                      ; - java.util.concurrent.ConcurrentHashMap::get@1 (line 936)
                      ; - java.lang.ClassLoader::getNamedPackage@5 (line 341)
                      ; - java.lang.ClassLoader::postDefineClass@9 (line 934)
                      ; - java.lang.ClassLoader::defineClass@37 (line 1028)
                      ; - java.security.SecureClassLoader::defineClass@12 (line 150)
  0x0000015907fa19d0: ec60 c2ff 

  0x0000015907fa19d4: ;   {other}
  0x0000015907fa19d4: 0f1f 8400 | c40c 000f | 85c0 0f84 | ea05 0000 | 4c8b 4c24 | 2041 8941 | 0c44 8b44 | 2428 e962 
  0x0000015907fa19f4: fbff ff49 | 8bdb e9c4 | faff ff81 | f900 0010 | 000f 87f1 | 0a00 004c | 63c9 443b | d141 8bea 
  0x0000015907fa1a14: 0f4f e944 | 3bd5 0f82 | 500b 0000 | 3bcd 0f82 | 480b 0000 | 4983 c117 | 4d8b c149 | 83e0 f881 
  0x0000015907fa1a34: f900 0010 | 000f 87c8 | 0700 0049 | 8bb7 b801 | 0000 4c8b | d64d 03d0 | 4d3b 97c8 | 0100 000f 
  0x0000015907fa1a54: 83ae 0700 | 004d 8997 | b801 0000 | 410f 1882 | 0001 0000 | 48c7 0601 | 0000 0041 | 0f18 8240 
  0x0000015907fa1a74: ;   {metadata({type array byte})}
  0x0000015907fa1a74: 0100 00c7 | 4608 6822 | 0000 894e | 0c41 0f18 | 8280 0100 | 004c 8bd6 | 4983 c210 | 49c1 e903 
  0x0000015907fa1a94: 85ed 0f84 | 680a 0000 | 3be9 0f8c | 8c04 0000 | 4983 c0f0 | 49c1 e803 | 498b cb49 | 8bd2 c5f8 
  0x0000015907fa1ab4: 7749 ba60 | 3348 0759 | 0100 0041 

  0x0000015907fa1ac0: ;   {other}
  0x0000015907fa1ac0: ffd2 0f1f | 8400 0000 | 0000 e9b2 | f9ff ff49 | 8bd0 4533 | c044 8bc9 | 488b 6c24 | 3866 6690 
  0x0000015907fa1ae0: ;   {static_call}
  0x0000015907fa1ae0: c5f8 77e8 

  0x0000015907fa1ae4: ; ImmutableOopMap {rbp=Oop [48]=Oop [56]=Oop [64]=Oop }
                      ;*invokestatic newString {reexecute=0 rethrow=0 return_oop=1}
                      ; - java.lang.String::substring@54 (line 2829)
                      ; - java.lang.Class::getPackageName@62 (line 1171)
                      ; - java.lang.ClassLoader::postDefineClass@2 (line 934)
                      ; - java.lang.ClassLoader::defineClass@37 (line 1028)
                      ; - java.security.SecureClassLoader::defineClass@12 (line 150)
  0x0000015907fa1ae4: 98d5 4fff 

  0x0000015907fa1ae8: ;   {other}
  0x0000015907fa1ae8: 0f1f 8400 | d80d 0010 | 4885 c00f | 8408 0b00 | 0048 8bd8 | e9c2 f9ff | ff49 ba00 | 00b8 7859 
  0x0000015907fa1b08: 0100 004c | 8954 2448 | e93e f8ff 

  0x0000015907fa1b14: ;   {oop(""{0x0000000080566ee0})}
  0x0000015907fa1b14: ff48 bbe0 | 6e56 8000 | 0000 00e9 | b7f9 ffff | 4c8b 5424 | 3845 8b52 | 3c45 85d2 | 0f84 b0f9 
  0x0000015907fa1b34: ffff 4d8b | 5f28 498b | ca4d 85db | 0f84 5e08 | 0000 4d8b | 5738 4b89 | 4c1a f849 | 83c3 f84d 
  0x0000015907fa1b54: 895f 28e9 | 8af9 ffff | 4d8b 5748 | 4d8b 5f58 | f083 4424 | c000 8039 | 000f 84b2 | f9ff ff44 
  0x0000015907fa1b74: 8821 4d85 | d275 2049 | 8bd7 c5f8 | 7749 ba00 | 6be3 76fe | 7f00 0041 

  0x0000015907fa1b8c: ;   {other}
  0x0000015907fa1b8c: ffd2 0f1f | 8400 0000 | 0000 e98a | f9ff ff4b | 894c 13f8 | 4983 c2f8 | 4d89 5748 | e978 f9ff 
  0x0000015907fa1bac: ff44 8b53 | 1445 85d2 | 0f84 d2f8 | ffff 4d8b | 5f28 498b | ca4d 85db | 0f84 4208 | 0000 4d8b 
  0x0000015907fa1bcc: 5738 4b89 | 4c1a f849 | 83c3 f84d | 895f 28e9 | acf8 ffff | 4d8b 5748 | 4d8b 5f58 | f083 4424 
  0x0000015907fa1bec: c000 8039 | 000f 84c8 | f8ff ff44 | 8821 4d85 | d275 2049 | 8bd7 c5f8 | 7749 ba00 | 6be3 76fe 
  0x0000015907fa1c0c: 7f00 0041 

  0x0000015907fa1c10: ;   {other}
  0x0000015907fa1c10: ffd2 0f1f | 8400 0000 | 0000 e9a0 | f8ff ff4b | 894c 13f8 | 4983 c2f8 | 4d89 5748 | e98e f8ff 
  0x0000015907fa1c30: ff4c 8b54 | 2450 458b | 5a10 4585 | db0f 8490 | faff ff4d | 8b57 2849 | 8bcb 4d85 | d20f 8439 
  0x0000015907fa1c50: 0800 004d | 8b5f 384b | 894c 13f8 | 4983 c2f8 | 4d89 5728 | e96a faff | ff4c 8b54 | 2450 458b 
  0x0000015907fa1c70: 520c 4585 | d20f 8413 | faff ff4d | 8b5f 2849 | 8bca 4d85 | db0f 8421 | 0800 004d | 8b57 384b 
  0x0000015907fa1c90: 894c 1af8 | 4983 c3f8 | 4d89 5f28 | e9ed f9ff | ff4d 8b57 | 484d 8b5f | 58f0 8344 | 24c0 0041 
  0x0000015907fa1cb0: 8038 000f | 845c faff | ff45 8820 | 4d85 d275 | 2349 8bc8 | 498b d7c5 | f877 49ba | 006b e376 
  0x0000015907fa1cd0: fe7f 0000 

  0x0000015907fa1cd4: ;   {other}
  0x0000015907fa1cd4: 41ff d20f | 1f84 0000 | 0000 00e9 | 31fa ffff | 4f89 4413 | f849 83c2 | f84d 8957 | 48e9 1ffa 
  0x0000015907fa1cf4: ffff 4d8b | 5758 4d8b | 5f48 f083 | 4424 c000 | 8039 000f | 84bb f9ff | ff44 8821 | 4d85 db75 
  0x0000015907fa1d14: 2049 8bd7 | c5f8 7749 | ba00 6be3 | 76fe 7f00 | 0041 ffd2 

  0x0000015907fa1d28: ;   {other}
  0x0000015907fa1d28: 0f1f 8400 | 0000 0000 | e993 f9ff | ff4b 894c | 1af8 4983 | c3f8 4d89 | 5f48 e981 | f9ff ff33 
  0x0000015907fa1d48: c0e9 0bf8 | ffff 4585 | c00f 84c1 | 0800 0048 | 8944 2450 | 4c89 4c24 | 204d 8bd0 | 4c89 5424 
  0x0000015907fa1d68: 5844 8944 | 2428 498b | d266 6690 

  0x0000015907fa1d74: ;   {optimized virtual_call}
  0x0000015907fa1d74: c5f8 77e8 

  0x0000015907fa1d78: ; ImmutableOopMap {[32]=Oop [40]=NarrowOop [48]=Oop [56]=Oop [64]=Oop [80]=Oop [88]=Oop }
                      ;*invokevirtual isNamed {reexecute=0 rethrow=0 return_oop=0}
                      ; - java.lang.NamedPackage::<init>@12 (line 48)
                      ; - java.lang.ClassLoader::getNamedPackage@22 (line 343)
                      ; - java.lang.ClassLoader::postDefineClass@9 (line 934)
                      ; - java.lang.ClassLoader::defineClass@37 (line 1028)
                      ; - java.security.SecureClassLoader::defineClass@12 (line 150)
  0x0000015907fa1d78: 4428 ebff 

  0x0000015907fa1d7c: ;   {other}
  0x0000015907fa1d7c: 0f1f 8400 | 6c10 0011 | 85c0 0f84 | e003 0000 | 498b 87b8 | 0100 004c | 8bd0 4983 | c228 4d3b 
  0x0000015907fa1d9c: 97c8 0100 | 000f 8319 | 0800 004d | 8997 b801 | 0000 410f | 1882 0001 | 0000 48c7 | 0001 0000 
  0x0000015907fa1dbc: ;   {metadata('java/lang/InternalError')}
  0x0000015907fa1dbc: 00c7 4008 | 8803 0100 | 4489 600c | 4c89 6010 | 4c89 6018 | 4c89 6020 | 4c8b d04c | 8954 2468 
  0x0000015907fa1ddc: 498b 87b8 | 0100 004c | 8bd0 4983 | c218 4d3b | 97c8 0100 | 000f 83ea | 0700 004d | 8997 b801 
  0x0000015907fa1dfc: 0000 410f | 1882 0001 | 0000 48c7 | 0001 0000 

  0x0000015907fa1e0c: ;   {metadata('java/lang/StringBuilder')}
  0x0000015907fa1e0c: 00c7 4008 | 307e 0000 | 4489 600c | 4c89 6010 | 488b e848 | 8bd5 6690 

  0x0000015907fa1e24: ;   {optimized virtual_call}
  0x0000015907fa1e24: c5f8 77e8 

  0x0000015907fa1e28: ; ImmutableOopMap {rbp=Oop [32]=Oop [40]=NarrowOop [48]=Oop [56]=Oop [64]=Oop [80]=Oop [88]=Oop [104]=Oop }
                      ;*invokespecial <init> {reexecute=0 rethrow=0 return_oop=0}
                      ; - java.lang.NamedPackage::<init>@26 (line 49)
                      ; - java.lang.ClassLoader::getNamedPackage@22 (line 343)
                      ; - java.lang.ClassLoader::postDefineClass@9 (line 934)
                      ; - java.lang.ClassLoader::defineClass@37 (line 1028)
                      ; - java.security.SecureClassLoader::defineClass@12 (line 150)
  0x0000015907fa1e28: 54cc 4fff 

  0x0000015907fa1e2c: ;   {other}
  0x0000015907fa1e2c: 0f1f 8400 | 1c11 0012 

  0x0000015907fa1e34: ;   {oop("unnamed package in  "{0x0000000080566c20})}
  0x0000015907fa1e34: 49b8 206c | 5680 0000 | 0000 488b | d566 6690 

  0x0000015907fa1e44: ;   {optimized virtual_call}
  0x0000015907fa1e44: c5f8 77e8 

  0x0000015907fa1e48: ; ImmutableOopMap {[32]=Oop [40]=NarrowOop [48]=Oop [56]=Oop [64]=Oop [80]=Oop [88]=Oop [104]=Oop }
                      ;*invokevirtual append {reexecute=0 rethrow=0 return_oop=1}
                      ; - java.lang.NamedPackage::<init>@31 (line 49)
                      ; - java.lang.ClassLoader::getNamedPackage@22 (line 343)
                      ; - java.lang.ClassLoader::postDefineClass@9 (line 934)
                      ; - java.lang.ClassLoader::defineClass@37 (line 1028)
                      ; - java.security.SecureClassLoader::defineClass@12 (line 150)
  0x0000015907fa1e48: 34cc 4fff 

  0x0000015907fa1e4c: ;   {other}
  0x0000015907fa1e4c: 0f1f 8400 | 3c11 0013 | 4885 c00f | 84d3 0700 | 0048 8bd0 | 4c8b 4424 | 584c 8b54 | 2468 4c89 
  0x0000015907fa1e6c: 5424 6090 

  0x0000015907fa1e70: ;   {optimized virtual_call}
  0x0000015907fa1e70: c5f8 77e8 

  0x0000015907fa1e74: ; ImmutableOopMap {[32]=Oop [40]=NarrowOop [48]=Oop [56]=Oop [64]=Oop [80]=Oop [96]=Oop [104]=Oop }
                      ;*invokevirtual append {reexecute=0 rethrow=0 return_oop=1}
                      ; - java.lang.NamedPackage::<init>@35 (line 49)
                      ; - java.lang.ClassLoader::getNamedPackage@22 (line 343)
                      ; - java.lang.ClassLoader::postDefineClass@9 (line 934)
                      ; - java.lang.ClassLoader::defineClass@37 (line 1028)
                      ; - java.security.SecureClassLoader::defineClass@12 (line 150)
  0x0000015907fa1e74: 08cc 4fff 

  0x0000015907fa1e78: ;   {other}
  0x0000015907fa1e78: 0f1f 8400 | 6811 0014 | 4885 c00f | 84c3 0700 | 0048 8bd0 

  0x0000015907fa1e8c: ;   {optimized virtual_call}
  0x0000015907fa1e8c: c5f8 77e8 

  0x0000015907fa1e90: ; ImmutableOopMap {[32]=Oop [40]=NarrowOop [48]=Oop [56]=Oop [64]=Oop [80]=Oop [96]=Oop }
                      ;*invokevirtual toString {reexecute=0 rethrow=0 return_oop=1}
                      ; - java.lang.NamedPackage::<init>@38 (line 49)
                      ; - java.lang.ClassLoader::getNamedPackage@22 (line 343)
                      ; - java.lang.ClassLoader::postDefineClass@9 (line 934)
                      ; - java.lang.ClassLoader::defineClass@37 (line 1028)
                      ; - java.security.SecureClassLoader::defineClass@12 (line 150)
  0x0000015907fa1e90: eccb 4fff 

  0x0000015907fa1e94: ;   {other}
  0x0000015907fa1e94: 0f1f 8400 | 8411 0015 | 488b 5424 | 604c 8bc0 

  0x0000015907fa1ea4: ;   {optimized virtual_call}
  0x0000015907fa1ea4: c5f8 77e8 

  0x0000015907fa1ea8: ; ImmutableOopMap {[32]=Oop [40]=NarrowOop [48]=Oop [56]=Oop [64]=Oop [80]=Oop [96]=Oop }
                      ;*invokespecial <init> {reexecute=0 rethrow=0 return_oop=0}
                      ; - java.lang.NamedPackage::<init>@41 (line 49)
                      ; - java.lang.ClassLoader::getNamedPackage@22 (line 343)
                      ; - java.lang.ClassLoader::postDefineClass@9 (line 934)
                      ; - java.lang.ClassLoader::defineClass@37 (line 1028)
                      ; - java.security.SecureClassLoader::defineClass@12 (line 150)
  0x0000015907fa1ea8: d4cb 4fff 

  0x0000015907fa1eac: ;   {other}
  0x0000015907fa1eac: 0f1f 8400 | 9c11 0016 | 488b 5424 | 60c5 f877 | 4881 c4b0 | 0000 005d 

  0x0000015907fa1ec4: ;   {runtime_call _rethrow_Java}
  0x0000015907fa1ec4: e9b7 165d | ff4c 8bcd | 448b 4424 | 2844 8b5c | 242c 4c8b | 5424 50e9 | c3f9 ffff 

  0x0000015907fa1ee0: ;   {metadata('java/security/SecureClassLoader$1')}
  0x0000015907fa1ee0: 48ba 58e4 | 110f 5901 | 0000 4c89 | 4424 5090 

  0x0000015907fa1ef0: ;   {runtime_call _new_instance_Java}
  0x0000015907fa1ef0: c5f8 77e8 

  0x0000015907fa1ef4: ; ImmutableOopMap {rbp=NarrowOop [32]=Oop [40]=Oop [48]=Oop [80]=Oop }
                      ;*new {reexecute=0 rethrow=0 return_oop=1}
                      ; - java.security.SecureClassLoader::getProtectionDomain@20 (line 222)
                      ; - java.security.SecureClassLoader::defineClass@9 (line 150)
  0x0000015907fa1ef4: 089f 5cff 

  0x0000015907fa1ef8: ;   {other}
  0x0000015907fa1ef8: 0f1f 8400 | e811 0017 | 4c8b c84c | 8b44 2450 | e996 f2ff 

  0x0000015907fa1f0c: ;   {metadata('java/security/SecureClassLoader$CodeSourceKey')}
  0x0000015907fa1f0c: ff48 bad0 | de11 0f59 | 0100 0090 

  0x0000015907fa1f18: ;   {runtime_call _new_instance_Java}
  0x0000015907fa1f18: c5f8 77e8 

  0x0000015907fa1f1c: ; ImmutableOopMap {rbp=Oop [32]=Oop [40]=Oop [48]=Oop }
                      ;*new {reexecute=0 rethrow=0 return_oop=1}
                      ; - java.security.SecureClassLoader::getProtectionDomain@6 (line 221)
                      ; - java.security.SecureClassLoader::defineClass@9 (line 150)
  0x0000015907fa1f1c: e09e 5cff 

  0x0000015907fa1f20: ;   {other}
  0x0000015907fa1f20: 0f1f 8400 | 1012 0018 | 4c8b c0e9 | 2af2 ffff | 4c63 c549 | 8d48 1048 | 8bd1 4883 | e2f8 488b 
  0x0000015907fa1f40: fe48 03fa | 48c1 e903 | 4c2b c949 | 8bc9 4833 | c048 83f9 | 087f 1048 | ffc9 784f | 4889 04cf 
  0x0000015907fa1f60: 48ff c97d | f7eb 44c5 | fdef c0e9 | 0d00 0000 | c5fe 7f07 | c5fe 7f47 | 2048 83c7 | 4048 83e9 
  0x0000015907fa1f80: 087d ed48 | 83c1 047c | 0cc5 fe7f | 0748 83c7 | 2048 83e9 | 0448 83c1 | 047e 1048 | ffc9 c5f9 
  0x0000015907fa1fa0: d607 4883 | c708 48ff | c97d f349 | 8bcb 498b | d2c5 f877 | 49ba c02c | 4807 5901 | 0000 41ff 
  0x0000015907fa1fc0: ;   {other}
  0x0000015907fa1fc0: d20f 1f84 | 0000 0000 | 00e9 fcfa | ffff 4c8b | 4c24 2041 | c641 1101 | 33c0 448b | 4424 28e9 
  0x0000015907fa1fe0: 75f5 ffff | 4489 4424 | 2848 895c | 2420 6690 

  0x0000015907fa1ff0: ;   {static_call}
  0x0000015907fa1ff0: c5f8 77e8 

  0x0000015907fa1ff4: ; ImmutableOopMap {rbp=Oop [32]=Oop [40]=NarrowOop [48]=Oop [56]=Oop [64]=Oop }
                      ;*invokestatic hashCode {reexecute=0 rethrow=0 return_oop=0}
                      ; - java.lang.String::hashCode@37 (line 2359)
                      ; - java.util.concurrent.ConcurrentHashMap::get@1 (line 936)
                      ; - java.lang.ClassLoader::getNamedPackage@5 (line 341)
                      ; - java.lang.ClassLoader::postDefineClass@9 (line 934)
                      ; - java.lang.ClassLoader::defineClass@37 (line 1028)
                      ; - java.security.SecureClassLoader::defineClass@12 (line 150)
  0x0000015907fa1ff4: 88d0 4fff 

  0x0000015907fa1ff8: ;   {other}
  0x0000015907fa1ff8: 0f1f 8400 | e812 0019 | e9d7 f9ff | ff44 8954 | 2458 4489 | 4424 5489 | 4c24 504c | 8b54 2438 
  0x0000015907fa2018: 4c89 5424 | 284c 8b54 | 2440 4c89 | 5424 2048 | 8b6c 2430 

  0x0000015907fa202c: ;   {metadata('java/lang/String')}
  0x0000015907fa202c: 48ba 58e5 | 000f 5901 | 0000 6690 

  0x0000015907fa2038: ;   {runtime_call _new_instance_Java}
  0x0000015907fa2038: c5f8 77e8 

  0x0000015907fa203c: ; ImmutableOopMap {rbp=Oop [32]=Oop [40]=Oop [84]=NarrowOop }
                      ;*new {reexecute=0 rethrow=0 return_oop=1}
                      ; - java.lang.StringLatin1::newString@7 (line 756)
                      ; - java.lang.String::substring@41 (line 2828)
                      ; - java.lang.Class::getPackageName@62 (line 1171)
                      ; - java.lang.ClassLoader::postDefineClass@2 (line 934)
                      ; - java.lang.ClassLoader::defineClass@37 (line 1028)
                      ; - java.security.SecureClassLoader::defineClass@12 (line 150)
  0x0000015907fa203c: c09d 5cff 

  0x0000015907fa2040: ;   {other}
  0x0000015907fa2040: 0f1f 8400 | 3013 001a | 4889 6c24 | 304c 8b54 | 2420 4c89 | 5424 404c | 8b54 2428 | 4c89 5424 
  0x0000015907fa2060: 388b 4c24 | 5044 8b44 | 2454 448b | 5424 5848 | 8bd8 e965 

  0x0000015907fa2074: ;   {oop(""{0x0000000080566ee0})}
  0x0000015907fa2074: f3ff ff48 | bbe0 6e56 | 8000 0000 | 00e9 3df4 | ffff 4889 | 7c24 684c | 895c 2460 | 4889 5c24 
  0x0000015907fa2094: 5845 8bda | 4489 4424 | 504c 8b54 | 2438 4c89 | 5424 284c | 8b54 2440 | 4c89 5424 | 2048 8b6c 
  0x0000015907fa20b4: ;   {metadata({type array byte})}
  0x0000015907fa20b4: 2430 48ba | 6822 000f | 5901 0000 | 458b c390 

  0x0000015907fa20c4: ;   {runtime_call _new_array_nozero_Java}
  0x0000015907fa20c4: c5f8 77e8 

  0x0000015907fa20c8: ; ImmutableOopMap {rbp=Oop [32]=Oop [40]=Oop [80]=NarrowOop [88]=Oop [144]=Oop [96]=Derived_oop_[144] }
                      ;*invokevirtual clone {reexecute=1 rethrow=0 return_oop=1}
                      ; - (reexecute) java.util.Arrays::copyOfRange@18 (line 3856)
                      ; - java.lang.StringLatin1::newString@16 (line 756)
                      ; - java.lang.String::substring@41 (line 2828)
                      ; - java.lang.Class::getPackageName@62 (line 1171)
                      ; - java.lang.ClassLoader::postDefineClass@2 (line 934)
                      ; - java.lang.ClassLoader::defineClass@37 (line 1028)
                      ; - java.security.SecureClassLoader::defineClass@12 (line 150)
  0x0000015907fa20c8: b4ed 5cff 

  0x0000015907fa20cc: ;   {other}
  0x0000015907fa20cc: 0f1f 8400 | bc13 001b | 4889 6c24 | 304c 8b5c | 2420 4c89 | 5c24 404c | 8b5c 2428 | 4c89 5c24 
  0x0000015907fa20ec: 3848 8b5c | 2458 4c8b | 5c24 6048 | 8b7c 2468 | 488b f0e9 | 50f3 ffff | 4489 4424 | 584c 894c 
  0x0000015907fa210c: 2450 4c8b | 5424 384c | 8954 2428 | 4c8b 5424 | 404c 8954 | 2420 488b 

  0x0000015907fa2124: ;   {metadata('java/lang/NamedPackage')}
  0x0000015907fa2124: 6c24 3048 | bac0 ba01 | 0f59 0100 | 0066 6690 

  0x0000015907fa2134: ;   {runtime_call _new_instance_Java}
  0x0000015907fa2134: c5f8 77e8 

  0x0000015907fa2138: ; ImmutableOopMap {rbp=Oop [32]=Oop [40]=Oop [80]=Oop [88]=NarrowOop }
                      ;*new {reexecute=0 rethrow=0 return_oop=1}
                      ; - java.lang.ClassLoader::getNamedPackage@16 (line 343)
                      ; - java.lang.ClassLoader::postDefineClass@9 (line 934)
                      ; - java.lang.ClassLoader::defineClass@37 (line 1028)
                      ; - java.security.SecureClassLoader::defineClass@12 (line 150)
  0x0000015907fa2138: c49c 5cff 

  0x0000015907fa213c: ;   {other}
  0x0000015907fa213c: 0f1f 8400 | 2c14 001c | 4889 6c24 | 304c 8b54 | 2420 4c89 | 5424 404c | 8b54 2428 | 4c89 5424 
  0x0000015907fa215c: 384c 8b4c | 2450 448b | 4424 58e9 | dcf4 ffff | 448b 4424 | 28e9 edf4 | ffff bae4 | ffff ff89 
  0x0000015907fa217c: 4c24 244c | 8b54 2438 | 4c89 5424 | 284c 895c | 2458 6690 

  0x0000015907fa2190: ;   {runtime_call UncommonTrapBlob}
  0x0000015907fa2190: c5f8 77e8 

  0x0000015907fa2194: ; ImmutableOopMap {rbp=NarrowOop [40]=Oop [48]=Oop [64]=Oop [88]=Oop }
                      ;*baload {reexecute=0 rethrow=0 return_oop=0}
                      ; - java.lang.StringLatin1::lastIndexOf@24 (line 290)
                      ; - java.lang.String::lastIndexOf@13 (line 2562)
                      ; - java.lang.String::lastIndexOf@8 (line 2524)
                      ; - java.lang.Class::getPackageName@47 (line 1170)
                      ; - java.lang.ClassLoader::postDefineClass@2 (line 934)
                      ; - java.lang.ClassLoader::defineClass@37 (line 1028)
                      ; - java.security.SecureClassLoader::defineClass@12 (line 150)
  0x0000015907fa2194: 6824 50ff 

  0x0000015907fa2198: ;   {other}
  0x0000015907fa2198: 0f1f 8400 | 8814 001d | 4c89 5c24 | 484c 8b54 | 2440 4c89 | 5424 284c | 8b54 2430 | 4c89 5424 
  0x0000015907fa21b8: 2048 8bd5 | 41b8 2e00 | 0000 488b | 6c24 3890 

  0x0000015907fa21c8: ;   {static_call}
  0x0000015907fa21c8: c5f8 77e8 

  0x0000015907fa21cc: ; ImmutableOopMap {rbp=Oop [32]=Oop [40]=Oop [56]=Oop [72]=Oop }
                      ;*invokestatic lastIndexOf {reexecute=0 rethrow=0 return_oop=0}
                      ; - java.lang.String::lastIndexOf@25 (line 2563)
                      ; - java.lang.String::lastIndexOf@8 (line 2524)
                      ; - java.lang.Class::getPackageName@47 (line 1170)
                      ; - java.lang.ClassLoader::postDefineClass@2 (line 934)
                      ; - java.lang.ClassLoader::defineClass@37 (line 1028)
                      ; - java.security.SecureClassLoader::defineClass@12 (line 150)
  0x0000015907fa21cc: b0ce 4fff 

  0x0000015907fa21d0: ;   {other}
  0x0000015907fa21d0: 0f1f 8400 | c014 001e | 4c8b 5424 | 204c 8954 | 2430 4c8b | 5424 284c | 8954 2440 | 4c8b 5c24 
  0x0000015907fa21f0: 488b c849 | ba00 00b8 | 7859 0100 | 004c 8954 | 2448 e951 | f1ff ff4c | 8944 2470 | 4c89 4c24 
  0x0000015907fa2210: 684c 895c | 2460 4889 | 5c24 5889 | 4c24 504c | 8b54 2440 | 4c89 5424 | 284c 8b54 | 2430 4c89 
  0x0000015907fa2230: ;   {metadata({type array byte})}
  0x0000015907fa2230: 5424 2048 | ba68 2200 | 0f59 0100 | 0044 8bc1 

  0x0000015907fa2240: ;   {runtime_call _new_array_nozero_Java}
  0x0000015907fa2240: c5f8 77e8 

  0x0000015907fa2244: ; ImmutableOopMap {[32]=Oop [40]=Oop [56]=Oop [88]=Oop [144]=Oop [96]=Derived_oop_[144] }
                      ;*newarray {reexecute=0 rethrow=0 return_oop=1}
                      ; - java.util.Arrays::copyOfRangeByte@10 (line 3863)
                      ; - java.util.Arrays::copyOfRange@13 (line 3854)
                      ; - java.lang.StringLatin1::newString@16 (line 756)
                      ; - java.lang.String::substring@41 (line 2828)
                      ; - java.lang.Class::getPackageName@62 (line 1171)
                      ; - java.lang.ClassLoader::postDefineClass@2 (line 934)
                      ; - java.lang.ClassLoader::defineClass@37 (line 1028)
                      ; - java.security.SecureClassLoader::defineClass@12 (line 150)
  0x0000015907fa2244: 38ec 5cff 

  0x0000015907fa2248: ;   {other}
  0x0000015907fa2248: 0f1f 8400 | 3815 001f | 4c8b 5c24 | 204c 895c | 2430 4c8b | 5c24 284c | 895c 2440 | 8b4c 2450 
  0x0000015907fa2268: 488b 5c24 | 584c 8b5c | 2460 488b | f04c 8b4c | 2468 4c8b | 4424 70e9 | 05f8 ffff | baf6 ffff 
  0x0000015907fa2288: ff66 6690 

  0x0000015907fa228c: ;   {runtime_call UncommonTrapBlob}
  0x0000015907fa228c: c5f8 77e8 

  0x0000015907fa2290: ; ImmutableOopMap {rbp=NarrowOop }
                      ;*invokevirtual toExternalForm {reexecute=0 rethrow=0 return_oop=0}
                      ; - java.net.URL::toExternalForm@5 (line 1203)
                      ; - java.net.URL::toString@1 (line 1189)
                      ; - java.lang.ClassLoader::defineClassSourceLocation@22 (line 927)
                      ; - java.lang.ClassLoader::defineClass@12 (line 1026)
                      ; - java.security.SecureClassLoader::defineClass@12 (line 150)
  0x0000015907fa2290: 6c23 50ff 

  0x0000015907fa2294: ;   {other}
  0x0000015907fa2294: 0f1f 8400 | 8415 0020 | bade ffff | ff4c 8944 | 2440 4c89 | 4c24 4890 

  0x0000015907fa22ac: ;   {runtime_call UncommonTrapBlob}
  0x0000015907fa22ac: c5f8 77e8 

  0x0000015907fa22b0: ; ImmutableOopMap {rbp=NarrowOop [32]=Oop [40]=Oop [48]=Oop [64]=Oop [72]=Oop }
                      ;*invokeinterface computeIfAbsent {reexecute=0 rethrow=0 return_oop=0}
                      ; - java.security.SecureClassLoader::getProtectionDomain@28 (line 222)
                      ; - java.security.SecureClassLoader::defineClass@9 (line 150)
  0x0000015907fa22b0: 4c23 50ff 

  0x0000015907fa22b4: ;   {other}
  0x0000015907fa22b4: 0f1f 8400 | a415 0021 | bade ffff | ff48 8b6c | 2438 4c8b | 5c24 404c | 895c 2438 | 4489 4424 
  0x0000015907fa22d4: 4844 8954 | 244c 4889 | 5c24 5090 

  0x0000015907fa22e0: ;   {runtime_call UncommonTrapBlob}
  0x0000015907fa22e0: c5f8 77e8 

  0x0000015907fa22e4: ; ImmutableOopMap {rbp=Oop [48]=Oop [56]=Oop [72]=NarrowOop [76]=NarrowOop [80]=Oop }
                      ;*invokevirtual get {reexecute=0 rethrow=0 return_oop=0}
                      ; - java.lang.ClassLoader::getNamedPackage@5 (line 341)
                      ; - java.lang.ClassLoader::postDefineClass@9 (line 934)
                      ; - java.lang.ClassLoader::defineClass@37 (line 1028)
                      ; - java.security.SecureClassLoader::defineClass@12 (line 150)
  0x0000015907fa22e4: 1823 50ff 

  0x0000015907fa22e8: ;   {other}
  0x0000015907fa22e8: 0f1f 8400 | d815 0022 | ba45 ffff | ff48 8944 | 2428 6690 

  0x0000015907fa22fc: ;   {runtime_call UncommonTrapBlob}
  0x0000015907fa22fc: c5f8 77e8 

  0x0000015907fa2300: ; ImmutableOopMap {[40]=Oop [48]=Oop [56]=Oop [64]=Oop }
                      ;*ifeq {reexecute=1 rethrow=0 return_oop=0}
                      ; - (reexecute) java.lang.Class::getPackageName@13 (line 1165)
                      ; - java.lang.ClassLoader::postDefineClass@2 (line 934)
                      ; - java.lang.ClassLoader::defineClass@37 (line 1028)
                      ; - java.security.SecureClassLoader::defineClass@12 (line 150)
  0x0000015907fa2300: fc22 50ff 

  0x0000015907fa2304: ;   {other}
  0x0000015907fa2304: 0f1f 8400 | f415 0023 | bade ffff | ff66 6690 

  0x0000015907fa2314: ;   {runtime_call UncommonTrapBlob}
  0x0000015907fa2314: c5f8 77e8 

  0x0000015907fa2318: ; ImmutableOopMap {rbp=NarrowOop }
                      ;*checkcast {reexecute=0 rethrow=0 return_oop=0}
                      ; - java.lang.ClassLoader::getNamedPackage@8 (line 341)
                      ; - java.lang.ClassLoader::postDefineClass@9 (line 934)
                      ; - java.lang.ClassLoader::defineClass@37 (line 1028)
                      ; - java.security.SecureClassLoader::defineClass@12 (line 150)
  0x0000015907fa2318: e422 50ff 

  0x0000015907fa231c: ;   {other}
  0x0000015907fa231c: 0f1f 8400 | 0c16 0024 | ba45 ffff | ff48 8b6c | 2438 4c8b | 5c24 404c | 895c 2438 | 4c89 4c24 
  0x0000015907fa233c: 4044 8944 | 2448 4489 | 5424 4c90 

  0x0000015907fa2348: ;   {runtime_call UncommonTrapBlob}
  0x0000015907fa2348: c5f8 77e8 

  0x0000015907fa234c: ; ImmutableOopMap {rbp=Oop [48]=Oop [56]=Oop [64]=Oop [72]=NarrowOop }
                      ;*ifle {reexecute=1 rethrow=0 return_oop=0}
                      ; - (reexecute) java.util.concurrent.ConcurrentHashMap::get@23 (line 937)
                      ; - java.lang.ClassLoader::getNamedPackage@5 (line 341)
                      ; - java.lang.ClassLoader::postDefineClass@9 (line 934)
                      ; - java.lang.ClassLoader::defineClass@37 (line 1028)
                      ; - java.security.SecureClassLoader::defineClass@12 (line 150)
  0x0000015907fa234c: b022 50ff 

  0x0000015907fa2350: ;   {other}
  0x0000015907fa2350: 0f1f 8400 | 4016 0025 | ba45 ffff | ff66 6690 

  0x0000015907fa2360: ;   {runtime_call UncommonTrapBlob}
  0x0000015907fa2360: c5f8 77e8 

  0x0000015907fa2364: ; ImmutableOopMap {rbp=Oop [32]=Oop [40]=Oop [48]=Oop }
                      ;*ifnonnull {reexecute=1 rethrow=0 return_oop=0}
                      ; - (reexecute) java.security.SecureClassLoader::getProtectionDomain@1 (line 213)
                      ; - java.security.SecureClassLoader::defineClass@9 (line 150)
  0x0000015907fa2364: 9822 50ff 

  0x0000015907fa2368: ;   {other}
  0x0000015907fa2368: 0f1f 8400 | 5816 0026 | baf6 ffff | ff48 8b6c | 2420 6690 

  0x0000015907fa237c: ;   {runtime_call UncommonTrapBlob}
  0x0000015907fa237c: c5f8 77e8 

  0x0000015907fa2380: ; ImmutableOopMap {rbp=Oop [80]=Oop }
                      ;*invokevirtual putIfAbsent {reexecute=0 rethrow=0 return_oop=0}
                      ; - java.lang.ClassLoader::getNamedPackage@32 (line 345)
                      ; - java.lang.ClassLoader::postDefineClass@9 (line 934)
                      ; - java.lang.ClassLoader::defineClass@37 (line 1028)
                      ; - java.security.SecureClassLoader::defineClass@12 (line 150)
  0x0000015907fa2380: 7c22 50ff 

  0x0000015907fa2384: ;   {other}
  0x0000015907fa2384: 0f1f 8400 | 7416 0027 | 488b e8ba | 54ff ffff 

  0x0000015907fa2394: ;   {runtime_call UncommonTrapBlob}
  0x0000015907fa2394: c5f8 77e8 

  0x0000015907fa2398: ; ImmutableOopMap {rbp=Oop [40]=NarrowOop [48]=Oop [56]=Oop [64]=Oop [80]=Oop }
                      ;*ifnull {reexecute=1 rethrow=0 return_oop=0}
                      ; - (reexecute) java.lang.ClassLoader::getNamedPackage@42 (line 346)
                      ; - java.lang.ClassLoader::postDefineClass@9 (line 934)
                      ; - java.lang.ClassLoader::defineClass@37 (line 1028)
                      ; - java.security.SecureClassLoader::defineClass@12 (line 150)
  0x0000015907fa2398: 6422 50ff 

  0x0000015907fa239c: ;   {other}
  0x0000015907fa239c: 0f1f 8400 | 8c16 0028 | 498b d7c5 | f877 49ba | 206b e376 | fe7f 0000 

  0x0000015907fa23b4: ;   {other}
  0x0000015907fa23b4: 41ff d20f | 1f84 0000 | 0000 00e9 | 22f1 ffff | ba45 ffff | ff89 4c24 | 2489 4c24 | 284c 895c 
  0x0000015907fa23d4: 2460 6690 

  0x0000015907fa23d8: ;   {runtime_call UncommonTrapBlob}
  0x0000015907fa23d8: c5f8 77e8 

  0x0000015907fa23dc: ; ImmutableOopMap {[48]=Oop [56]=Oop [64]=Oop [96]=Oop }
                      ;*if_icmpgt {reexecute=1 rethrow=0 return_oop=0}
                      ; - (reexecute) jdk.internal.util.Preconditions::checkFromToIndex@6 (line 348)
                      ; - java.lang.String::checkBoundsBeginEnd@6 (line 4849)
                      ; - java.lang.String::substring@8 (line 2823)
                      ; - java.lang.Class::getPackageName@62 (line 1171)
                      ; - java.lang.ClassLoader::postDefineClass@2 (line 934)
                      ; - java.lang.ClassLoader::defineClass@37 (line 1028)
                      ; - java.security.SecureClassLoader::defineClass@12 (line 150)
  0x0000015907fa23dc: 2022 50ff 

  0x0000015907fa23e0: ;   {other}
  0x0000015907fa23e0: 0f1f 8400 | d016 0029 | ba45 ffff | ff89 4c24 | 2489 4c24 | 284c 895c | 2460 6690 

  0x0000015907fa23fc: ;   {runtime_call UncommonTrapBlob}
  0x0000015907fa23fc: c5f8 77e8 

  0x0000015907fa2400: ; ImmutableOopMap {[48]=Oop [56]=Oop [64]=Oop [96]=Oop }
                      ;*if_icmple {reexecute=1 rethrow=0 return_oop=0}
                      ; - (reexecute) jdk.internal.util.Preconditions::checkFromToIndex@11 (line 348)
                      ; - java.lang.String::checkBoundsBeginEnd@6 (line 4849)
                      ; - java.lang.String::substring@8 (line 2823)
                      ; - java.lang.Class::getPackageName@62 (line 1171)
                      ; - java.lang.ClassLoader::postDefineClass@2 (line 934)
                      ; - java.lang.ClassLoader::defineClass@37 (line 1028)
                      ; - java.security.SecureClassLoader::defineClass@12 (line 150)
  0x0000015907fa2400: fc21 50ff 

  0x0000015907fa2404: ;   {other}
  0x0000015907fa2404: 0f1f 8400 | f416 002a | 498b d7c5 | f877 49ba | 206b e376 | fe7f 0000 

  0x0000015907fa241c: ;   {other}
  0x0000015907fa241c: 41ff d20f | 1f84 0000 | 0000 00e9 | 60f0 ffff | ba45 ffff | ff4c 8b54 | 2430 4c89 | 5424 284c 
  0x0000015907fa243c: 8b54 2438 | 4c89 5424 | 3044 895c | 2438 6690 

  0x0000015907fa244c: ;   {runtime_call UncommonTrapBlob}
  0x0000015907fa244c: c5f8 77e8 

  0x0000015907fa2450: ; ImmutableOopMap {rbp=NarrowOop [40]=Oop [48]=Oop [56]=NarrowOop }
                      ;*ifnull {reexecute=1 rethrow=0 return_oop=0}
                      ; - (reexecute) java.security.CodeSource::getCertificates@4 (line 204)
                      ; - java.lang.ClassLoader::postDefineClass@24 (line 937)
                      ; - java.lang.ClassLoader::defineClass@37 (line 1028)
                      ; - java.security.SecureClassLoader::defineClass@12 (line 150)
  0x0000015907fa2450: ac21 50ff 

  0x0000015907fa2454: ;   {other}
  0x0000015907fa2454: 0f1f 8400 | 4417 002b | ba45 ffff | ff4c 8b54 | 2430 4c89 | 5424 284c | 8b54 2438 | 4c89 5424 
  0x0000015907fa2474: 3044 895c | 2438 6690 

  0x0000015907fa247c: ;   {runtime_call UncommonTrapBlob}
  0x0000015907fa247c: c5f8 77e8 

  0x0000015907fa2480: ; ImmutableOopMap {rbp=NarrowOop [40]=Oop [48]=Oop [56]=NarrowOop }
                      ;*ifnull {reexecute=1 rethrow=0 return_oop=0}
                      ; - (reexecute) java.security.CodeSource::getCertificates@22 (line 207)
                      ; - java.lang.ClassLoader::postDefineClass@24 (line 937)
                      ; - java.lang.ClassLoader::defineClass@37 (line 1028)
                      ; - java.security.SecureClassLoader::defineClass@12 (line 150)
  0x0000015907fa2480: 7c21 50ff 

  0x0000015907fa2484: ;   {other}
  0x0000015907fa2484: 0f1f 8400 | 7417 002c | 498b d7c5 | f877 49ba | 206b e376 | fe7f 0000 

  0x0000015907fa249c: ;   {other}
  0x0000015907fa249c: 41ff d20f | 1f84 0000 | 0000 00e9 | 27f2 ffff | 498b d7c5 | f877 49ba | 206b e376 | fe7f 0000 
  0x0000015907fa24bc: ;   {other}
  0x0000015907fa24bc: 41ff d20f | 1f84 0000 | 0000 00e9 | c2f1 ffff | ba45 ffff | ff44 8944 | 2450 4c89 | 4c24 5844 
  0x0000015907fa24dc: 896c 2454 | 4489 5c24 | 6089 4c24 | 6466 6690 

  0x0000015907fa24ec: ;   {runtime_call UncommonTrapBlob}
  0x0000015907fa24ec: c5f8 77e8 

  0x0000015907fa24f0: ; ImmutableOopMap {[48]=Oop [56]=Oop [64]=Oop [80]=NarrowOop [84]=NarrowOop [88]=Oop }
                      ;*if_icmpne {reexecute=1 rethrow=0 return_oop=0}
                      ; - (reexecute) java.lang.String::equals@33 (line 1850)
                      ; - java.util.concurrent.ConcurrentHashMap::get@73 (line 940)
                      ; - java.lang.ClassLoader::getNamedPackage@5 (line 341)
                      ; - java.lang.ClassLoader::postDefineClass@9 (line 934)
                      ; - java.lang.ClassLoader::defineClass@37 (line 1028)
                      ; - java.security.SecureClassLoader::defineClass@12 (line 150)
  0x0000015907fa24f0: 0c21 50ff 

  0x0000015907fa24f4: ;   {other}
  0x0000015907fa24f4: 0f1f 8400 | e417 002d | 4c63 c9e9 | 0af5 ffff | 4983 c1fe | 498b c949 | 8bfa 4833 | c048 83f9 
  0x0000015907fa2514: 087f 1048 | ffc9 784f | 4889 04cf | 48ff c97d | f7eb 44c5 | fdef c0e9 | 0d00 0000 | c5fe 7f07 
  0x0000015907fa2534: c5fe 7f47 | 2048 83c7 | 4048 83e9 | 087d ed48 | 83c1 047c | 0cc5 fe7f | 0748 83c7 | 2048 83e9 
  0x0000015907fa2554: 0448 83c1 | 047e 1048 | ffc9 c5f9 | d607 4883 | c708 48ff | c97d f3e9 | 5af5 ffff | bacc ffff 
  0x0000015907fa2574: ff89 4c24 | 2048 895c | 2460 4489 | 4424 2490 

  0x0000015907fa2584: ;   {runtime_call UncommonTrapBlob}
  0x0000015907fa2584: c5f8 77e8 

  0x0000015907fa2588: ; ImmutableOopMap {[36]=NarrowOop [48]=Oop [56]=Oop [64]=Oop [96]=Oop }
                      ;*newarray {reexecute=1 rethrow=0 return_oop=0}
                      ; - (reexecute) java.util.Arrays::copyOfRangeByte@10 (line 3863)
                      ; - java.util.Arrays::copyOfRange@13 (line 3854)
                      ; - java.lang.StringLatin1::newString@16 (line 756)
                      ; - java.lang.String::substring@41 (line 2828)
                      ; - java.lang.Class::getPackageName@62 (line 1171)
                      ; - java.lang.ClassLoader::postDefineClass@2 (line 934)
                      ; - java.lang.ClassLoader::defineClass@37 (line 1028)
                      ; - java.security.SecureClassLoader::defineClass@12 (line 150)
  0x0000015907fa2588: 7420 50ff 

  0x0000015907fa258c: ;   {other}
  0x0000015907fa258c: 0f1f 8400 | 7c18 002e | ba45 ffff | ff44 8944 | 2450 4c89 | 4c24 5848 | 897c 2460 | 4489 5c24 
  0x0000015907fa25ac: 5466 6690 

  0x0000015907fa25b0: ;   {runtime_call UncommonTrapBlob}
  0x0000015907fa25b0: c5f8 77e8 

  0x0000015907fa25b4: ; ImmutableOopMap {rbp=NarrowOop [48]=Oop [56]=Oop [64]=Oop [80]=NarrowOop [88]=Oop [96]=Oop }
                      ;*ifnull {reexecute=1 rethrow=0 return_oop=0}
                      ; - (reexecute) java.util.concurrent.ConcurrentHashMap::get@143 (line 946)
                      ; - java.lang.ClassLoader::getNamedPackage@5 (line 341)
                      ; - java.lang.ClassLoader::postDefineClass@9 (line 934)
                      ; - java.lang.ClassLoader::defineClass@37 (line 1028)
                      ; - java.security.SecureClassLoader::defineClass@12 (line 150)
  0x0000015907fa25b4: 4820 50ff 

  0x0000015907fa25b8: ;   {other}
  0x0000015907fa25b8: 0f1f 8400 | a818 002f 

  0x0000015907fa25c0: ;   {metadata('java/lang/InternalError')}
  0x0000015907fa25c0: 48ba 8803 | 010f 5901 | 0000 6690 

  0x0000015907fa25cc: ;   {runtime_call _new_instance_Java}
  0x0000015907fa25cc: c5f8 77e8 

  0x0000015907fa25d0: ; ImmutableOopMap {[32]=Oop [40]=NarrowOop [48]=Oop [56]=Oop [64]=Oop [80]=Oop [88]=Oop }
                      ;*new {reexecute=0 rethrow=0 return_oop=1}
                      ; - java.lang.NamedPackage::<init>@18 (line 49)
                      ; - java.lang.ClassLoader::getNamedPackage@22 (line 343)
                      ; - java.lang.ClassLoader::postDefineClass@9 (line 934)
                      ; - java.lang.ClassLoader::defineClass@37 (line 1028)
                      ; - java.security.SecureClassLoader::defineClass@12 (line 150)
  0x0000015907fa25d0: 2c98 5cff 

  0x0000015907fa25d4: ;   {other}
  0x0000015907fa25d4: 0f1f 8400 | c418 0030 | e9f3 f7ff 

  0x0000015907fa25e0: ;   {metadata('java/lang/StringBuilder')}
  0x0000015907fa25e0: ff48 ba30 | 7e00 0f59 | 0100 0090 

  0x0000015907fa25ec: ;   {runtime_call _new_instance_Java}
  0x0000015907fa25ec: c5f8 77e8 

  0x0000015907fa25f0: ; ImmutableOopMap {[32]=Oop [40]=NarrowOop [48]=Oop [56]=Oop [64]=Oop [80]=Oop [88]=Oop [104]=Oop }
                      ;*new {reexecute=0 rethrow=0 return_oop=1}
                      ; - java.lang.NamedPackage::<init>@22 (line 49)
                      ; - java.lang.ClassLoader::getNamedPackage@22 (line 343)
                      ; - java.lang.ClassLoader::postDefineClass@9 (line 934)
                      ; - java.lang.ClassLoader::defineClass@37 (line 1028)
                      ; - java.security.SecureClassLoader::defineClass@12 (line 150)
  0x0000015907fa25f0: 0c98 5cff 

  0x0000015907fa25f4: ;   {other}
  0x0000015907fa25f4: 0f1f 8400 | e418 0031 | e91b f8ff | ffba f6ff | ffff 6690 

  0x0000015907fa2608: ;   {runtime_call UncommonTrapBlob}
  0x0000015907fa2608: c5f8 77e8 

  0x0000015907fa260c: ; ImmutableOopMap {}
                      ;*invokevirtual intern {reexecute=0 rethrow=0 return_oop=0}
                      ; - java.lang.Class::getPackageName@65 (line 1171)
                      ; - java.lang.ClassLoader::postDefineClass@2 (line 934)
                      ; - java.lang.ClassLoader::defineClass@37 (line 1028)
                      ; - java.security.SecureClassLoader::defineClass@12 (line 150)
  0x0000015907fa260c: f01f 50ff 

  0x0000015907fa2610: ;   {other}
  0x0000015907fa2610: 0f1f 8400 | 0019 0032 | baf6 ffff | ff66 6690 

  0x0000015907fa2620: ;   {runtime_call UncommonTrapBlob}
  0x0000015907fa2620: c5f8 77e8 

  0x0000015907fa2624: ; ImmutableOopMap {}
                      ;*invokevirtual isNamed {reexecute=0 rethrow=0 return_oop=0}
                      ; - java.lang.NamedPackage::<init>@12 (line 48)
                      ; - java.lang.ClassLoader::getNamedPackage@22 (line 343)
                      ; - java.lang.ClassLoader::postDefineClass@9 (line 934)
                      ; - java.lang.ClassLoader::defineClass@37 (line 1028)
                      ; - java.security.SecureClassLoader::defineClass@12 (line 150)
  0x0000015907fa2624: d81f 50ff 

  0x0000015907fa2628: ;   {other}
  0x0000015907fa2628: 0f1f 8400 | 1819 0033 | baf6 ffff | ff8b 6c24 | 2866 6690 

  0x0000015907fa263c: ;   {runtime_call UncommonTrapBlob}
  0x0000015907fa263c: c5f8 77e8 

  0x0000015907fa2640: ; ImmutableOopMap {rbp=NarrowOop }
                      ;*invokevirtual append {reexecute=0 rethrow=0 return_oop=0}
                      ; - java.lang.NamedPackage::<init>@35 (line 49)
                      ; - java.lang.ClassLoader::getNamedPackage@22 (line 343)
                      ; - java.lang.ClassLoader::postDefineClass@9 (line 934)
                      ; - java.lang.ClassLoader::defineClass@37 (line 1028)
                      ; - java.security.SecureClassLoader::defineClass@12 (line 150)
  0x0000015907fa2640: bc1f 50ff 

  0x0000015907fa2644: ;   {other}
  0x0000015907fa2644: 0f1f 8400 | 3419 0034 | baf6 ffff | ff66 6690 

  0x0000015907fa2654: ;   {runtime_call UncommonTrapBlob}
  0x0000015907fa2654: c5f8 77e8 

  0x0000015907fa2658: ; ImmutableOopMap {}
                      ;*invokevirtual toString {reexecute=0 rethrow=0 return_oop=0}
                      ; - java.lang.NamedPackage::<init>@38 (line 49)
                      ; - java.lang.ClassLoader::getNamedPackage@22 (line 343)
                      ; - java.lang.ClassLoader::postDefineClass@9 (line 934)
                      ; - java.lang.ClassLoader::defineClass@37 (line 1028)
                      ; - java.security.SecureClassLoader::defineClass@12 (line 150)
  0x0000015907fa2658: a41f 50ff 

  0x0000015907fa265c: ;   {other}
  0x0000015907fa265c: 0f1f 8400 | 4c19 0035 | bade ffff | ff48 8b6c | 2430 448b | 5c24 3844 | 895c 2430 | 448b 5424 
  0x0000015907fa267c: 3c44 8954 | 2434 4889 | 4424 3890 

  0x0000015907fa2688: ;   {runtime_call UncommonTrapBlob}
  0x0000015907fa2688: c5f8 77e8 

  0x0000015907fa268c: ; ImmutableOopMap {rbp=Oop [32]=Oop [40]=Oop [56]=Oop }
                      ;*checkcast {reexecute=0 rethrow=0 return_oop=0}
                      ; - java.security.SecureClassLoader::getProtectionDomain@33 (line 222)
                      ; - java.security.SecureClassLoader::defineClass@9 (line 150)
  0x0000015907fa268c: 701f 50ff 

  0x0000015907fa2690: ;   {other}
  0x0000015907fa2690: 0f1f 8400 | 8019 0036 | baf6 ffff | ff49 8be8 | 4c89 4c24 | 2066 6690 

  0x0000015907fa26a8: ;   {runtime_call UncommonTrapBlob}
  0x0000015907fa26a8: c5f8 77e8 

  0x0000015907fa26ac: ; ImmutableOopMap {rbp=Oop [32]=Oop }
                      ;*invokeinterface computeIfAbsent {reexecute=0 rethrow=0 return_oop=0}
                      ; - java.security.SecureClassLoader::getProtectionDomain@28 (line 222)
                      ; - java.security.SecureClassLoader::defineClass@9 (line 150)
  0x0000015907fa26ac: 501f 50ff 

  0x0000015907fa26b0: ;   {other}
  0x0000015907fa26b0: 0f1f 8400 | a019 0037 | baf4 ffff | ff48 8b6c | 2430 6690 

  0x0000015907fa26c4: ;   {runtime_call UncommonTrapBlob}
  0x0000015907fa26c4: c5f8 77e8 

  0x0000015907fa26c8: ; ImmutableOopMap {rbp=Oop [32]=Oop [40]=Oop }
                      ;*checkcast {reexecute=0 rethrow=0 return_oop=0}
                      ; - java.security.SecureClassLoader::getProtectionDomain@33 (line 222)
                      ; - java.security.SecureClassLoader::defineClass@9 (line 150)
  0x0000015907fa26c8: 341f 50ff 

  0x0000015907fa26cc: ;   {other}
  0x0000015907fa26cc: 0f1f 8400 | bc19 0038 | baf6 ffff | ff66 6690 

  0x0000015907fa26dc: ;   {runtime_call UncommonTrapBlob}
  0x0000015907fa26dc: c5f8 77e8 

  0x0000015907fa26e0: ; ImmutableOopMap {}
                      ;*invokevirtual getCodeSource {reexecute=0 rethrow=0 return_oop=0}
                      ; - java.lang.ClassLoader::defineClassSourceLocation@1 (line 924)
                      ; - java.lang.ClassLoader::defineClass@12 (line 1026)
                      ; - java.security.SecureClassLoader::defineClass@12 (line 150)
  0x0000015907fa26e0: 1c1f 50ff 

  0x0000015907fa26e4: ;   {other}
  0x0000015907fa26e4: 0f1f 8400 | d419 0039 | baf6 ffff | ff66 6690 

  0x0000015907fa26f4: ;   {runtime_call UncommonTrapBlob}
  0x0000015907fa26f4: c5f8 77e8 

  0x0000015907fa26f8: ; ImmutableOopMap {}
                      ;*invokevirtual getPackageName {reexecute=0 rethrow=0 return_oop=0}
                      ; - java.lang.ClassLoader::postDefineClass@2 (line 934)
                      ; - java.lang.ClassLoader::defineClass@37 (line 1028)
                      ; - java.security.SecureClassLoader::defineClass@12 (line 150)
  0x0000015907fa26f8: 041f 50ff 

  0x0000015907fa26fc: ;   {other}
  0x0000015907fa26fc: 0f1f 8400 | ec19 003a | baf6 ffff | ff48 8beb 

  0x0000015907fa270c: ;   {runtime_call UncommonTrapBlob}
  0x0000015907fa270c: c5f8 77e8 

  0x0000015907fa2710: ; ImmutableOopMap {rbp=Oop }
                      ;*invokevirtual get {reexecute=0 rethrow=0 return_oop=0}
                      ; - java.lang.ClassLoader::getNamedPackage@5 (line 341)
                      ; - java.lang.ClassLoader::postDefineClass@9 (line 934)
                      ; - java.lang.ClassLoader::defineClass@37 (line 1028)
                      ; - java.security.SecureClassLoader::defineClass@12 (line 150)
  0x0000015907fa2710: ec1e 50ff 

  0x0000015907fa2714: ;   {other}
  0x0000015907fa2714: 0f1f 8400 | 041a 003b | baf6 ffff | ff66 6690 

  0x0000015907fa2724: ;   {runtime_call UncommonTrapBlob}
  0x0000015907fa2724: c5f8 77e8 

  0x0000015907fa2728: ; ImmutableOopMap {}
                      ;*invokevirtual hashCode {reexecute=0 rethrow=0 return_oop=0}
                      ; - java.util.concurrent.ConcurrentHashMap::get@1 (line 936)
                      ; - java.lang.ClassLoader::getNamedPackage@5 (line 341)
                      ; - java.lang.ClassLoader::postDefineClass@9 (line 934)
                      ; - java.lang.ClassLoader::defineClass@37 (line 1028)
                      ; - java.security.SecureClassLoader::defineClass@12 (line 150)
  0x0000015907fa2728: d41e 50ff 

  0x0000015907fa272c: ;   {other}
  0x0000015907fa272c: 0f1f 8400 | 1c1a 003c | 33ed 4d85 | d240 0f94 | c5ba 45ff | ffff 6690 

  0x0000015907fa2744: ;   {runtime_call UncommonTrapBlob}
  0x0000015907fa2744: c5f8 77e8 

  0x0000015907fa2748: ; ImmutableOopMap {[48]=Oop [56]=Oop [64]=Oop }
                      ;*ifeq {reexecute=1 rethrow=0 return_oop=0}
                      ; - (reexecute) java.lang.Class::getPackageName@29 (line 1166)
                      ; - java.lang.ClassLoader::postDefineClass@2 (line 934)
                      ; - java.lang.ClassLoader::defineClass@37 (line 1028)
                      ; - java.security.SecureClassLoader::defineClass@12 (line 150)
  0x0000015907fa2748: b41e 50ff 

  0x0000015907fa274c: ;   {other}
  0x0000015907fa274c: 0f1f 8400 | 3c1a 003d | baf6 ffff | ff66 6690 

  0x0000015907fa275c: ;   {runtime_call UncommonTrapBlob}
  0x0000015907fa275c: c5f8 77e8 

  0x0000015907fa2760: ; ImmutableOopMap {}
                      ;*arraylength {reexecute=0 rethrow=0 return_oop=0}
                      ; - java.lang.String::length@4 (line 1508)
                      ; - java.lang.String::lastIndexOf@3 (line 2524)
                      ; - java.lang.Class::getPackageName@47 (line 1170)
                      ; - java.lang.ClassLoader::postDefineClass@2 (line 934)
                      ; - java.lang.ClassLoader::defineClass@37 (line 1028)
                      ; - java.security.SecureClassLoader::defineClass@12 (line 150)
  0x0000015907fa2760: 9c1e 50ff 

  0x0000015907fa2764: ;   {other}
  0x0000015907fa2764: 0f1f 8400 | 541a 003e | baf6 ffff | ff66 6690 

  0x0000015907fa2774: ;   {runtime_call UncommonTrapBlob}
  0x0000015907fa2774: c5f8 77e8 

  0x0000015907fa2778: ; ImmutableOopMap {}
                      ;*arraylength {reexecute=0 rethrow=0 return_oop=0}
                      ; - java.lang.String::length@4 (line 1508)
                      ; - java.lang.String::substring@1 (line 2822)
                      ; - java.lang.Class::getPackageName@62 (line 1171)
                      ; - java.lang.ClassLoader::postDefineClass@2 (line 934)
                      ; - java.lang.ClassLoader::defineClass@37 (line 1028)
                      ; - java.security.SecureClassLoader::defineClass@12 (line 150)
  0x0000015907fa2778: 841e 50ff 

  0x0000015907fa277c: ;   {other}
  0x0000015907fa277c: 0f1f 8400 | 6c1a 003f | ba45 ffff | ff48 8b6c | 2430 448b | 4424 3844 | 8944 2430 | 448b 5c24 
  0x0000015907fa279c: 3c44 895c | 2434 4889 | 4424 3844 | 8954 2444 

  0x0000015907fa27ac: ;   {runtime_call UncommonTrapBlob}
  0x0000015907fa27ac: c5f8 77e8 

  0x0000015907fa27b0: ; ImmutableOopMap {rbp=Oop [32]=Oop [40]=Oop [56]=Oop [68]=NarrowOop }
                      ;*ifnull {reexecute=1 rethrow=0 return_oop=0}
                      ; - (reexecute) java.lang.ClassLoader::defineClassSourceLocation@8 (line 926)
                      ; - java.lang.ClassLoader::defineClass@12 (line 1026)
                      ; - java.security.SecureClassLoader::defineClass@12 (line 150)
  0x0000015907fa27b0: 4c1e 50ff 

  0x0000015907fa27b4: ;   {other}
  0x0000015907fa27b4: 0f1f 8400 | a41a 0040 | ba45 ffff | ff66 6690 

  0x0000015907fa27c4: ;   {runtime_call UncommonTrapBlob}
  0x0000015907fa27c4: c5f8 77e8 

  0x0000015907fa27c8: ; ImmutableOopMap {rbp=NarrowOop [32]=Oop [40]=Oop [48]=Oop [64]=Oop }
                      ;*ifnull {reexecute=1 rethrow=0 return_oop=0}
                      ; - (reexecute) java.lang.ClassLoader::defineClassSourceLocation@15 (line 926)
                      ; - java.lang.ClassLoader::defineClass@12 (line 1026)
                      ; - java.security.SecureClassLoader::defineClass@12 (line 150)
  0x0000015907fa27c8: 341e 50ff 

  0x0000015907fa27cc: ;   {other}
  0x0000015907fa27cc: 0f1f 8400 | bc1a 0041 | baf6 ffff | ff66 6690 

  0x0000015907fa27dc: ;   {runtime_call UncommonTrapBlob}
  0x0000015907fa27dc: c5f8 77e8 

  0x0000015907fa27e0: ; ImmutableOopMap {}
                      ;*arraylength {reexecute=0 rethrow=0 return_oop=0}
                      ; - java.lang.String::isEmpty@4 (line 1521)
                      ; - java.lang.NamedPackage::<init>@5 (line 48)
                      ; - java.lang.ClassLoader::getNamedPackage@22 (line 343)
                      ; - java.lang.ClassLoader::postDefineClass@9 (line 934)
                      ; - java.lang.ClassLoader::defineClass@37 (line 1028)
                      ; - java.security.SecureClassLoader::defineClass@12 (line 150)
  0x0000015907fa27e0: 1c1e 50ff 

  0x0000015907fa27e4: ;   {other}
  0x0000015907fa27e4: 0f1f 8400 | d41a 0042 | ba45 ffff | ff44 895c | 2420 6690 

  0x0000015907fa27f8: ;   {runtime_call UncommonTrapBlob}
  0x0000015907fa27f8: c5f8 77e8 

  0x0000015907fa27fc: ; ImmutableOopMap {[32]=NarrowOop [56]=Oop }
                      ;*ifnull {reexecute=1 rethrow=0 return_oop=0}
                      ; - (reexecute) java.lang.ClassLoader::postDefineClass@17 (line 936)
                      ; - java.lang.ClassLoader::defineClass@37 (line 1028)
                      ; - java.security.SecureClassLoader::defineClass@12 (line 150)
  0x0000015907fa27fc: 001e 50ff 

  0x0000015907fa2800: ;   {other}
  0x0000015907fa2800: 0f1f 8400 | f01a 0043 | ba45 ffff | ff44 8944 | 2450 4c89 | 4c24 5844 | 896c 2454 | 4489 5c24 
  0x0000015907fa2820: 6066 6690 

  0x0000015907fa2824: ;   {runtime_call UncommonTrapBlob}
  0x0000015907fa2824: c5f8 77e8 

  0x0000015907fa2828: ; ImmutableOopMap {rbp=NarrowOop [48]=Oop [56]=Oop [64]=Oop [80]=NarrowOop [84]=NarrowOop [88]=Oop }
                      ;*ifnull {reexecute=1 rethrow=0 return_oop=0}
                      ; - (reexecute) java.util.concurrent.ConcurrentHashMap::get@67 (line 940)
                      ; - java.lang.ClassLoader::getNamedPackage@5 (line 341)
                      ; - java.lang.ClassLoader::postDefineClass@9 (line 934)
                      ; - java.lang.ClassLoader::defineClass@37 (line 1028)
                      ; - java.security.SecureClassLoader::defineClass@12 (line 150)
  0x0000015907fa2828: d41d 50ff 

  0x0000015907fa282c: ;   {other}
  0x0000015907fa282c: 0f1f 8400 | 1c1b 0044 | ba97 ffff | ff66 6690 

  0x0000015907fa283c: ;   {runtime_call UncommonTrapBlob}
  0x0000015907fa283c: c5f8 77e8 

  0x0000015907fa2840: ; ImmutableOopMap {rbp=Oop [32]=Oop [40]=Oop [80]=NarrowOop [88]=Oop }
                      ;*invokevirtual clone {reexecute=1 rethrow=0 return_oop=0}
                      ; - (reexecute) java.util.Arrays::copyOfRange@18 (line 3856)
                      ; - java.lang.StringLatin1::newString@16 (line 756)
                      ; - java.lang.String::substring@41 (line 2828)
                      ; - java.lang.Class::getPackageName@62 (line 1171)
                      ; - java.lang.ClassLoader::postDefineClass@2 (line 934)
                      ; - java.lang.ClassLoader::defineClass@37 (line 1028)
                      ; - java.security.SecureClassLoader::defineClass@12 (line 150)
  0x0000015907fa2840: bc1d 50ff 

  0x0000015907fa2844: ;   {other}
  0x0000015907fa2844: 0f1f 8400 | 341b 0045 | eb30 eb2e | eb2c eb2a | eb28 eb26 | eb24 eb22 | eb20 eb1e | eb1c eb1a 
  0x0000015907fa2864: eb18 eb16 | eb14 eb12 | eb10 eb0e | eb0c eb0a | eb08 eb06 | eb04 eb02 | eb00 488b | d0e9 33f6 
  0x0000015907fa2884: ;   {internal_word}
  0x0000015907fa2884: ffff 49ba | 9319 fa07 | 5901 0000 | 4d89 9768 

  0x0000015907fa2894: ;   {runtime_call SafepointBlob}
  0x0000015907fa2894: 0400 00e9 | 642e 50ff 

  0x0000015907fa289c: ;   {runtime_call StubRoutines (final stubs)}
  0x0000015907fa289c: e8bf 244e | ffe9 58e8 | ffff f4f4 
[Stub Code]
  0x0000015907fa28a8: ;   {no_reloc}
  0x0000015907fa28a8: 48bb 0000 | 0000 0000 

  0x0000015907fa28b0: ;   {runtime_call}
  0x0000015907fa28b0: 0000 e9fb 

  0x0000015907fa28b4: ;   {static_stub}
  0x0000015907fa28b4: ffff ff48 | bb00 0000 | 0000 0000 

  0x0000015907fa28c0: ;   {runtime_call}
  0x0000015907fa28c0: 00e9 fbff 

  0x0000015907fa28c4: ;   {static_stub}
  0x0000015907fa28c4: ffff 48bb | 0000 0000 | 0000 0000 

  0x0000015907fa28d0: ;   {runtime_call}
  0x0000015907fa28d0: e9fb ffff 

  0x0000015907fa28d4: ;   {static_stub}
  0x0000015907fa28d4: ff48 bb00 | 0000 0000 

  0x0000015907fa28dc: ;   {runtime_call}
  0x0000015907fa28dc: 0000 00e9 | fbff ffff 

  0x0000015907fa28e4: ;   {static_stub}
  0x0000015907fa28e4: 48bb 0000 | 0000 0000 

  0x0000015907fa28ec: ;   {runtime_call}
  0x0000015907fa28ec: 0000 e9fb 

  0x0000015907fa28f0: ;   {static_stub}
  0x0000015907fa28f0: ffff ff48 | bb00 0000 | 0000 0000 

  0x0000015907fa28fc: ;   {runtime_call}
  0x0000015907fa28fc: 00e9 fbff 

  0x0000015907fa2900: ;   {static_stub}
  0x0000015907fa2900: ffff 48bb | 0000 0000 | 0000 0000 

  0x0000015907fa290c: ;   {runtime_call}
  0x0000015907fa290c: e9fb ffff 

  0x0000015907fa2910: ;   {static_stub}
  0x0000015907fa2910: ff48 bb00 | 0000 0000 

  0x0000015907fa2918: ;   {runtime_call}
  0x0000015907fa2918: 0000 00e9 | fbff ffff 

  0x0000015907fa2920: ;   {static_stub}
  0x0000015907fa2920: 48bb 0000 | 0000 0000 

  0x0000015907fa2928: ;   {runtime_call}
  0x0000015907fa2928: 0000 e9fb 

  0x0000015907fa292c: ;   {static_stub}
  0x0000015907fa292c: ffff ff48 | bb00 0000 | 0000 0000 

  0x0000015907fa2938: ;   {runtime_call}
  0x0000015907fa2938: 00e9 fbff 

  0x0000015907fa293c: ;   {static_stub}
  0x0000015907fa293c: ffff 48bb | 0000 0000 | 0000 0000 

  0x0000015907fa2948: ;   {runtime_call}
  0x0000015907fa2948: e9fb ffff 

  0x0000015907fa294c: ;   {static_stub}
  0x0000015907fa294c: ff48 bb00 | 0000 0000 

  0x0000015907fa2954: ;   {runtime_call}
  0x0000015907fa2954: 0000 00e9 | fbff ffff 

  0x0000015907fa295c: ;   {static_stub}
  0x0000015907fa295c: 48bb 0000 | 0000 0000 

  0x0000015907fa2964: ;   {runtime_call}
  0x0000015907fa2964: 0000 e9fb 

  0x0000015907fa2968: ;   {static_stub}
  0x0000015907fa2968: ffff ff48 | bb00 0000 | 0000 0000 

  0x0000015907fa2974: ;   {runtime_call}
  0x0000015907fa2974: 00e9 fbff 

  0x0000015907fa2978: ;   {static_stub}
  0x0000015907fa2978: ffff 48bb | 0000 0000 | 0000 0000 

  0x0000015907fa2984: ;   {runtime_call}
  0x0000015907fa2984: e9fb ffff 

  0x0000015907fa2988: ;   {static_stub}
  0x0000015907fa2988: ff48 bb00 | 0000 0000 

  0x0000015907fa2990: ;   {runtime_call}
  0x0000015907fa2990: 0000 00e9 | fbff ffff 

  0x0000015907fa2998: ;   {static_stub}
  0x0000015907fa2998: 48bb 0000 | 0000 0000 

  0x0000015907fa29a0: ;   {runtime_call}
  0x0000015907fa29a0: 0000 e9fb 

  0x0000015907fa29a4: ;   {static_stub}
  0x0000015907fa29a4: ffff ff48 | bb00 0000 | 0000 0000 

  0x0000015907fa29b0: ;   {runtime_call}
  0x0000015907fa29b0: 00e9 fbff 

  0x0000015907fa29b4: ;   {runtime_call ExceptionBlob}
  0x0000015907fa29b4: ffff e9c5 | 9d5c ffe8 | 0000 0000 | 4883 2c24 

  0x0000015907fa29c4: ;   {runtime_call DeoptimizationBlob}
  0x0000015907fa29c4: 05e9 d61f | 50ff f4f4 | f4f4 f4f4 
[/MachCode]


Compiled method (c2)  105403 19764   !   4       java.net.URLClassLoader::defineClass (224 bytes)
 total in heap  [0x0000015908662210,0x0000015908667b88] = 22904
 relocation     [0x0000015908662370,0x00000159086626c0] = 848
 main code      [0x00000159086626c0,0x0000015908665778] = 12472
 stub code      [0x0000015908665778,0x00000159086658a0] = 296
 oops           [0x00000159086658a0,0x00000159086658e0] = 64
 metadata       [0x00000159086658e0,0x0000015908665b88] = 680
 scopes data    [0x0000015908665b88,0x0000015908667078] = 5360
 scopes pcs     [0x0000015908667078,0x0000015908667778] = 1792
 dependencies   [0x0000015908667778,0x00000159086677d8] = 96
 handler table  [0x00000159086677d8,0x0000015908667aa8] = 720
 nul chk table  [0x0000015908667aa8,0x0000015908667b88] = 224

[Constant Pool (empty)]

[MachCode]
[Entry Point]
  # {method} {0x000001590f04f0f8} 'defineClass' '(Ljava/lang/String;Ljdk/internal/loader/Resource;)Ljava/lang/Class;' in 'java/net/URLClassLoader'
  # this:     rdx:rdx   = 'java/net/URLClassLoader'
  # parm0:    r8:r8     = 'java/lang/String'
  # parm1:    r9:r9     = 'jdk/internal/loader/Resource'
  #           [sp+0xe0]  (sp of caller)
  0x00000159086626c0: 448b 5208 | 49bb 0000 | 000f 5901 | 0000 4d03 | d349 3bc2 

  0x00000159086626d4: ;   {runtime_call ic_miss_stub}
  0x00000159086626d4: 0f85 a6c0 | e3fe 6690 | 0f1f 4000 
[Verified Entry Point]
  0x00000159086626e0: 8984 2400 | 80ff ff55 | 4881 ecd0 | 0000 0090 | 4181 7f20 | 2b00 0000 | 0f85 6b30 | 0000 4c89 
  0x0000015908662700: 4c24 4048 | 8954 2438 | 4c89 4424 | 30c5 f877 | 49ba 60b8 | 1d77 fe7f | 0000 41ff 

  0x000001590866271c: ;   {other}
  0x000001590866271c: d20f 1f84 | 0000 0000 | 0048 8944 | 2448 4c8b | 5424 3041 | 8b6a 1444 | 8b5d 0c45 | 0fbe 4210 
  0x000001590866273c: c442 3af7 | cb41 ffc9 | 4585 c00f | 8518 1800 | 0045 8d53 | ff45 3bd1 | 450f 4fd1 | 4585 d27c 
  0x000001590866275c: 264c 8bc5 | 453b d30f | 8374 1600 | 0042 807c | 1510 2e74 | 184d 8b8f | 5804 0000 

  0x0000015908662778: ; ImmutableOopMap {r8=Oop rbp=NarrowOop [48]=Oop [56]=Oop [64]=Oop }
                      ;*goto {reexecute=1 rethrow=0 return_oop=0}
                      ; - (reexecute) java.lang.StringLatin1::lastIndexOf@35 (line 289)
                      ; - java.lang.String::lastIndexOf@13 (line 2562)
                      ; - java.lang.String::lastIndexOf@8 (line 2524)
                      ; - java.net.URLClassLoader::defineClass@7 (line 486)
                      ;   {poll}
  0x0000015908662778: 41ff ca41 | 8501 4585 | d27d dd41 | baff ffff | ff4c 8b5c | 2440 458b 

  0x0000015908662790: ;   {metadata('jdk/internal/loader/URLClassPath$JarLoader$2')}
  0x0000015908662790: 4308 4181 | f858 3621 | 000f 859c | 1100 0045 | 8b43 2045 | 8b48 1c44 | 894c 2478 | 4183 faff 
  0x00000159086627b0: 0f84 b012 | 0000 4c8b | 5c24 3045 | 8b43 1441 | 8b78 0c41 | 0fbe 4b10 | c4e2 72f7 | ef45 85d2 
  0x00000159086627d0: 0f8c 2a1c | 0000 443b | d50f 8fd9 | 1d00 0044 | 3bd5 0f84 | 0b0e 0000 | 85c9 0f85 | 3810 0000 
  0x00000159086627f0: 4585 d20f | 84dc 1300 | 0049 8b9f | b801 0000 | 4c8b db49 | 83c3 184d | 3b9f c801 | 0000 0f83 
  0x0000015908662810: 6513 0000 | 4d89 9fb8 | 0100 0041 | 0f18 8300 | 0100 0048 | c703 0100 

  0x0000015908662828: ;   {metadata('java/lang/String')}
  0x0000015908662828: 0000 c743 | 0858 e500 | 0044 8963 | 0c4c 8963 | 104d 8bd8 | 4c89 9c24 | 8000 0000 | 4d8d 4810 
  0x0000015908662848: 443b d70f | 85b4 0d00 | 0048 63c7 | 81ff 0000 | 1000 0f87 | c113 0000 | 498b b7b8 | 0100 004c 
  0x0000015908662868: 8d50 1749 | 83e2 f84c | 8bde 4d03 | da4d 3b9f | c801 0000 | 0f83 9f13 | 0000 4d89 | 9fb8 0100 
  0x0000015908662888: 0041 0f18 | 8300 0100 | 0048 c706 | 0100 0000 | 410f 1883 | 4001 0000 

  0x00000159086628a0: ;   {metadata({type array byte})}
  0x00000159086628a0: c746 0868 | 2200 0089 | 7e0c 410f | 1883 8001 | 0000 488b | d648 83c2 | 1048 83c0 | 0748 c1e8 
  0x00000159086628c0: 0349 8bc9 | 4c8b c0c5 | f877 49ba | 6033 4807 | 5901 0000 

  0x00000159086628d4: ;   {other}
  0x00000159086628d4: 41ff d20f | 1f84 0000 | 0000 0041 | 807f 4000 | 0f85 f810 | 0000 4c8b | d34c 8bde | 4489 5b14 
  0x00000159086628f4: 4c8b de4d | 33da 49c1 | eb14 4d85 | db74 1a49 | c1ea 0948 | b900 00b8 | 7859 0100 | 0049 03ca 
  0x0000015908662914: 8039 020f | 85f8 1000 | 0044 8863 | 1048 899c | 2480 0000 | 004c 8b54 | 2440 458b 

  0x0000015908662930: ;   {metadata('jdk/internal/loader/URLClassPath$JarLoader$2')}
  0x0000015908662930: 5a08 4181 | fb58 3621 | 000f 85e2 | 0f00 0048 | 8b7c 2440 

  0x0000015908662944: ;   {oop(a 'java/lang/Class'{0x0000000080566a68} = 'jdk/internal/access/SharedSecrets')}
  0x0000015908662944: 49ba 686a | 5680 0000 | 0000 458b | 82d4 0000 | 0045 8b48 | 0844 8b57 | 2045 8b52 

  0x0000015908662960: ;   {metadata('java/util/jar/JavaUtilJarAccessImpl')}
  0x0000015908662960: 1841 81f9 | b885 3100 | 0f85 4e19 | 0000 4585 | d20f 840d | 1800 004d | 8bc2 488d | 9c24 b000 
  0x0000015908662980: 0000 498b | 00a8 020f | 8523 0000 | 0048 83c8 | 0148 8903 | f049 0fb1 | 180f 8437 | 0000 0048 
  0x00000159086629a0: 2bc4 4825 | 07f0 ffff | 4889 03e9 | 2400 0000 | 4c8b d848 | 33c0 f04d | 0fb1 7b3e | 48c7 0303 
  0x00000159086629c0: 0000 0074 | 114c 3bf8 | 7515 49ff | 8386 0000 | 0048 33c0 | 7509 49ff | 8750 0500 | 0033 c00f 
  0x00000159086629e0: 8517 1900 | 0041 8b6a | 3085 ed0f | 85e7 1b00 | 0045 0fb6 | 5a12 4585 | db0f 854d | 0d00 0048 
  0x0000015908662a00: 8d84 24b0 | 0000 0048 | 8338 000f | 8479 0000 | 004d 8b10 | 41f6 c202 | 0f84 6200 | 0000 4983 
  0x0000015908662a20: ba86 0000 | 0000 7409 | 49ff 8a86 | 0000 00eb | 4b49 8b82 | 9600 0000 | 490b 828e | 0000 0075 
  0x0000015908662a40: 0a49 c742 | 3e00 0000 | 00eb 3d49 | 83ba 9e00 | 0000 0074 | 2248 33c0 | 49c7 423e | 0000 0000 
  0x0000015908662a60: ;   {no_reloc}
  0x0000015908662a60: f083 0424 | 0049 83ba | 9e00 0000 | 0075 0df0 | 4d0f b17a | 3e75 0583 | c801 eb0c | a800 eb08 
  0x0000015908662a80: 4c8b 10f0 | 4d0f b110 | 750a 49ff | 8f50 0500 | 0045 33d2 | 0f85 c118 | 0000 448b | 5f20 418b 
  0x0000015908662aa0: 6b18 448b 

  0x0000015908662aa4: ;   {metadata('java/util/jar/JarFile')}
  0x0000015908662aa4: 5508 4181 | fa08 ec16 | 000f 85d3 | 1800 0048 | 897c 2420 | 488b d590 

  0x0000015908662abc: ;   {optimized virtual_call}
  0x0000015908662abc: c5f8 77e8 

  0x0000015908662ac0: ; ImmutableOopMap {[32]=Oop [48]=Oop [56]=Oop [64]=Oop [120]=NarrowOop [128]=Oop }
                      ;*invokevirtual getManifest {reexecute=0 rethrow=0 return_oop=1}
                      ; - jdk.internal.loader.URLClassPath$JarLoader$2::getManifest@22 (line 853)
                      ; - java.net.URLClassLoader::defineClass@34 (line 491)
  0x0000015908662ac0: 1c7c c100 

  0x0000015908662ac4: ;   {other}
  0x0000015908662ac4: 0f1f 8400 | b408 0001 | 4889 4424 | 504c 8b8c | 2480 0000 | 0041 8b41 | 0c4c 8b74 | 2438 418b 
  0x0000015908662ae4: 6e38 448b 

  0x0000015908662ae8: ;   {metadata('java/util/concurrent/ConcurrentHashMap')}
  0x0000015908662ae8: 5d08 4181 | fb90 5006 | 000f 857b | 1700 0085 | c00f 8491 | 0a00 0044 | 8b5d 2845 | 85db 0f84 
  0x0000015908662b08: 310c 0000 | 418b 6b0c | 85ed 0f86 | ec19 0000 | 448b d041 | c1ea 1044 | 33d0 ffcd | 4181 e2ff 
  0x0000015908662b28: ffff 7f41 | 23ea 4c63 | c547 8b6c | 8310 4585 | ed0f 8566 | 0600 0049 | bb00 00b8 | 7859 0100 
  0x0000015908662b48: 0044 8b44 | 2478 4d8b 

  0x0000015908662b50: ;   {metadata('java/lang/IllegalArgumentException')}
  0x0000015908662b50: d048 bd10 | c306 0f59 | 0100 004c | 8b44 2450 | 4d85 c00f | 846f 0d00 | 004c 8954 | 2458 4c89 
  0x0000015908662b70: 4c24 384c | 895c 2428 | 4c89 7424 | 2049 8bd6 | 4d8b c14c | 8b4c 2450 | 498b fa90 

  0x0000015908662b8c: ;   {optimized virtual_call}
  0x0000015908662b8c: c5f8 77e8 

  0x0000015908662b90: ; ImmutableOopMap {[32]=Oop [48]=Oop [56]=Oop [64]=Oop [80]=Oop [88]=Oop [120]=NarrowOop }
                      ;*invokevirtual definePackage {reexecute=0 rethrow=0 return_oop=1}
                      ; - java.net.URLClassLoader::defineClass@64 (line 495)
  0x0000015908662b90: 0c91 ebf7 

  0x0000015908662b94: ;   {other}
  0x0000015908662b94: 0f1f 8400 | 8409 0002 | 4c8b 7424 | 20e9 2902 | 0000 85c9 | 0f8c fa12 | 0000 8b4a | 1885 c90f 
  0x0000015908662bb4: 8408 0100 | 0048 8bf9 | 498b b758 | 0400 0044 

  0x0000015908662bc4: ; ImmutableOopMap {r9=Oop rdi=Oop r13=NarrowOop r14=Oop [48]=Oop [64]=Oop [80]=Oop [120]=NarrowOop }
                      ;*if_icmpne {reexecute=1 rethrow=0 return_oop=0}
                      ; - (reexecute) java.util.concurrent.ConcurrentHashMap::get@127 (line 946)
                      ; - java.lang.ClassLoader::definePackage@47 (line 2125)
                      ; - java.lang.ClassLoader::getDefinedPackage@32 (line 2267)
                      ; - java.net.URLClassLoader::getAndVerifyPackage@2 (line 457)
                      ; - java.net.URLClassLoader::defineClass@46 (line 492)
                      ;   {poll}
  0x0000015908662bc4: 8b47 0c85 | 0645 3bc2 | 7412 448b | 4718 4585 | c00f 84e6 | 0000 0049 | 8bf8 ebdc | 8b6f 104c 
  0x0000015908662be4: 8bc5 4d3b | c10f 84c7 | 0000 0085 | ed0f 8484 | 1e00 0048 | 89bc 2480 | 0000 0044 | 8954 2474 
  0x0000015908662c04: 4489 6c24 | 704c 8b54 | 2450 4c89 | 5424 684c | 894c 2460 | 4c89 5c24 | 5844 8b5c | 2478 4489 
  0x0000015908662c24: 5c24 504c | 8b54 2440 | 4c89 5424 | 384c 8974 | 2428 4c8b | 5424 304c | 8954 2420 | 4c8b c549 
  0x0000015908662c44: 8bd1 4c89 | b424 9000 | 0000 6690 

  0x0000015908662c50: ;   {optimized virtual_call}
  0x0000015908662c50: c5f8 77e8 

  0x0000015908662c54: ; ImmutableOopMap {[32]=Oop [40]=Oop [56]=Oop [80]=NarrowOop [96]=Oop [104]=Oop [112]=NarrowOop [128]=Oop [144]=Oop }
                      ;*invokevirtual equals {reexecute=0 rethrow=0 return_oop=0}
                      ; - java.util.concurrent.ConcurrentHashMap::get@149 (line 947)
                      ; - java.lang.ClassLoader::definePackage@47 (line 2125)
                      ; - java.lang.ClassLoader::getDefinedPackage@32 (line 2267)
                      ; - java.net.URLClassLoader::getAndVerifyPackage@2 (line 457)
                      ; - java.net.URLClassLoader::defineClass@46 (line 492)
  0x0000015908662c54: 6864 79ff 

  0x0000015908662c58: ;   {other}
  0x0000015908662c58: 0f1f 8400 | 480a 0004 | 4d8b 9758 

  0x0000015908662c64: ; ImmutableOopMap {[32]=Oop [40]=Oop [56]=Oop [80]=NarrowOop [96]=Oop [104]=Oop [112]=NarrowOop [128]=Oop }
                      ;*ifeq {reexecute=1 rethrow=0 return_oop=0}
                      ; - (reexecute) java.util.concurrent.ConcurrentHashMap::get@152 (line 947)
                      ; - java.lang.ClassLoader::definePackage@47 (line 2125)
                      ; - java.lang.ClassLoader::getDefinedPackage@32 (line 2267)
                      ; - java.net.URLClassLoader::getAndVerifyPackage@2 (line 457)
                      ; - java.net.URLClassLoader::defineClass@46 (line 492)
                      ;   {poll}
  0x0000015908662c64: 0400 0041 | 8502 85c0 | 0f84 1b10 | 0000 4c8b | 5424 204c | 8954 2430 | 4c8b 7424 | 284c 8b54 
  0x0000015908662c84: 2438 4c89 | 5424 4044 | 8b54 2450 | 4489 5424 | 784c 8b5c | 2458 4c8b | 4c24 604c | 8b54 2468 
  0x0000015908662ca4: 4c89 5424 | 5044 8b6c | 2470 488b | bc24 8000 | 0000 8b6f | 1485 ed0f | 85b6 0800 | 0041 8b6e 
  0x0000015908662cc4: 384d 8b97 | b801 0000 | 4d8b c249 | 83c0 184d | 3b87 c801 | 0000 0f83 | 2c11 0000 | 4d89 87b8 
  0x0000015908662ce4: 0100 0041 | 0f18 8000 | 0100 0049 | c702 0100 

  0x0000015908662cf4: ;   {metadata('java/lang/ClassLoader$$Lambda+0x0000015910064cb0')}
  0x0000015908662cf4: 0000 41c7 | 4208 b04c | 0601 4d89 | 6210 498b | ce41 894a | 0c45 896a | 1085 ed0f | 84cb 1900 
  0x0000015908662d14: 004c 894c | 2438 4c89 | 5c24 284c | 8974 2420 | 488b d54d | 8bc1 4d8b | ca66 6690 

  0x0000015908662d30: ;   {optimized virtual_call}
  0x0000015908662d30: c5f8 77e8 

  0x0000015908662d34: ; ImmutableOopMap {[32]=Oop [48]=Oop [56]=Oop [64]=Oop [80]=Oop [120]=NarrowOop }
                      ;*invokevirtual compute {reexecute=0 rethrow=0 return_oop=1}
                      ; - java.lang.ClassLoader::definePackage@78 (line 2129)
                      ; - java.lang.ClassLoader::getDefinedPackage@32 (line 2267)
                      ; - java.net.URLClassLoader::getAndVerifyPackage@2 (line 457)
                      ; - java.net.URLClassLoader::defineClass@46 (line 492)
  0x0000015908662d34: 48bd e3fe 

  0x0000015908662d38: ;   {other}
  0x0000015908662d38: 0f1f 8400 | 280b 0006 

  0x0000015908662d40: ; implicit exception: dispatches to 0x00000159086651b8
  0x0000015908662d40: 448b 5808 

  0x0000015908662d44: ;   {metadata('java/lang/Package')}
  0x0000015908662d44: 4181 fbd0 | b701 000f | 85b3 1f00 | 004c 8b74 | 2420 4c8b | 5c24 284c | 8b4c 2438 | 448b 4010 
  0x0000015908662d64: ; implicit exception: dispatches to 0x00000159086650c4
  0x0000015908662d64: 458b 501c | 4585 d20f | 85bb 1900 | 0044 8b50 | 1441 8b6a | 2485 ed0f | 8553 1a00 | 004c 8b54 
  0x0000015908662d84: 2450 4d85 | d274 3f48 | 8944 2438 | 498b e94c | 895c 2428 | 4c89 7424 | 2049 8bd6 | 4d8b c14c 
  0x0000015908662da4: 8b4c 2450 

  0x0000015908662da8: ;   {optimized virtual_call}
  0x0000015908662da8: c5f8 77e8 

  0x0000015908662dac: ; ImmutableOopMap {rbp=Oop [32]=Oop [48]=Oop [56]=Oop [64]=Oop [80]=Oop [120]=NarrowOop }
                      ;*invokevirtual isSealed {reexecute=0 rethrow=0 return_oop=0}
                      ; - java.net.URLClassLoader::getAndVerifyPackage@68 (line 469)
                      ; - java.net.URLClassLoader::defineClass@46 (line 492)
  0x0000015908662dac: 1031 eeff 

  0x0000015908662db0: ;   {other}
  0x0000015908662db0: 0f1f 8400 | a00b 0007 | 85c0 0f85 | 581a 0000 | 4c8b 7424 | 204c 8b5c | 2428 4c89 | 5c24 284c 
  0x0000015908662dd0: 8974 2420 | 488b 5424 | 4066 6690 

  0x0000015908662ddc: ;   {optimized virtual_call}
  0x0000015908662ddc: c5f8 77e8 

  0x0000015908662de0: ; ImmutableOopMap {[32]=Oop [48]=Oop [64]=Oop [120]=NarrowOop }
                      ;*invokevirtual cachedInputStream {reexecute=0 rethrow=0 return_oop=1}
                      ; - jdk.internal.loader.Resource::getByteBuffer@1 (line 163)
                      ; - java.net.URLClassLoader::defineClass@132 (line 511)
  0x0000015908662de0: dc2a 85ff 

  0x0000015908662de4: ;   {other}
  0x0000015908662de4: 0f1f 8400 | d40b 0008 | 4c8b d044 

  0x0000015908662df0: ;   {metadata('sun/nio/ByteBuffered')}
  0x0000015908662df0: 8b58 0848 | b888 be36 | 0f59 0100 | 0048 be00 | 0000 0f59 | 0100 0049 | 03f3 4c8b | 5e20 4c3b 
  0x0000015908662e10: d80f 840a | 1300 0048 | 8b7e 288b | 0f48 83c7 | 0848 85c0 | f248 af0f | 8504 0000 | 0048 8946 
  0x0000015908662e30: 200f 84ea | 1200 004c | 8b54 2440 | 458b 5a08 

  0x0000015908662e40: ;   {metadata('jdk/internal/loader/URLClassPath$JarLoader$2')}
  0x0000015908662e40: 4181 fb58 | 3621 000f | 851a 0a00 | 0048 ff74 | 2440 488f | 4424 384c | 8954 2440 | 498b d290 
  0x0000015908662e60: ;   {optimized virtual_call}
  0x0000015908662e60: c5f8 77e8 

  0x0000015908662e64: ; ImmutableOopMap {[32]=Oop [48]=Oop [56]=Oop [64]=Oop [120]=NarrowOop }
                      ;*invokespecial getBytes {reexecute=0 rethrow=0 return_oop=1}
                      ; - jdk.internal.loader.URLClassPath$JarLoader$2::getBytes@1 (line 862)
                      ; - java.net.URLClassLoader::defineClass@179 (line 519)
  0x0000015908662e64: 1825 ffff 

  0x0000015908662e68: ;   {other}
  0x0000015908662e68: 0f1f 8400 | 580c 0009 | 488b d844 | 8b40 0c45 | 85c0 760d | 418d 68ff | 413b e80f | 8327 1300 
  0x0000015908662e88: 0048 8bd0 | 4883 c210 | 33c9 c5f8 | 7749 bae0 | 1245 0759 | 0100 0041 

  0x0000015908662ea0: ;   {other}
  0x0000015908662ea0: ffd2 0f1f | 8400 0000 | 0000 4c8b | 4424 4045 | 8b50 1c4d | 8b52 1844 | 8bd8 4d3b | da0f 8555 
  0x0000015908662ec0: 1700 0048 | 895c 2458 | 4c8b 5c24 | 3845 8b53 

  0x0000015908662ed0: ;   {metadata('jdk/internal/loader/URLClassPath$JarLoader$2')}
  0x0000015908662ed0: 0841 81fa | 5836 2100 | 0f85 c409 | 0000 418b | 6b1c 448b 

  0x0000015908662ee4: ;   {metadata('java/util/jar/JarFile$JarFileEntry')}
  0x0000015908662ee4: 5d08 4181 | fb70 5d31 | 000f 85cd | 1400 004c | 8bc5 458b | 5064 418b | 6a30 85ed | 0f85 5a17 
  0x0000015908662f04: 0000 450f | b65a 1245 | 85db 0f85 | cf08 0000 | 418b 685c | 85ed 0f85 | 0015 0000 | 458b 5064 
  0x0000015908662f24: ; implicit exception: dispatches to 0x0000015908665014
  0x0000015908662f24: 418b 6a30 | 85ed 0f85 | 6017 0000 | 498b 87b8 | 0100 004c | 8bd0 4983 | c228 4d3b | 97c8 0100 
  0x0000015908662f44: 000f 8308 | 0c00 004d | 8997 b801 | 0000 410f | 1882 0001 | 0000 48c7 | 0001 0000 

  0x0000015908662f60: ;   {metadata('java/security/CodeSource')}
  0x0000015908662f60: 00c7 4008 | d85a 0000 | 4489 600c | 4c89 6010 | 4c89 6018 | 4c89 6020 | 4889 4424 | 3844 8b5c 
  0x0000015908662f80: 2478 4489 | 580c 4585 | db0f 84c9 | 1500 0049 | 8bd3 488b | e866 6690 

  0x0000015908662f98: ;   {static_call}
  0x0000015908662f98: c5f8 77e8 

  0x0000015908662f9c: ; ImmutableOopMap {rbp=Oop [32]=Oop [48]=Oop [56]=Oop [88]=Oop }
                      ;*invokestatic urlNoFragString {reexecute=0 rethrow=0 return_oop=1}
                      ; - java.security.CodeSource::<init>@30 (line 123)
                      ; - java.net.URLClassLoader::defineClass@198 (line 522)
  0x0000015908662f9c: 2033 76ff 

  0x0000015908662fa0: ;   {other}
  0x0000015908662fa0: 0f1f 8400 | 900d 000a | 488b d841 | 807f 4000 | 0f85 a409 | 0000 4c8b | d344 8955 | 204c 8bd3 
  0x0000015908662fc0: 4c8b dd4d | 33d3 49c1 | ea14 4d85 | d274 1b48 | 85db 7416 | 49c1 eb09 | 4c8b 4424 | 284d 03c3 
  0x0000015908662fe0: 4180 3802 | 0f85 a309 | 0000 c5f8 | 7749 ba60 | b81d 77fe | 7f00 0041 

  0x0000015908662ff8: ;   {other}
  0x0000015908662ff8: ffd2 0f1f | 8400 0000 | 0000 482b | 4424 4848 | 8944 2448 

  0x000001590866300c: ;   {oop(a 'jdk/internal/perf/PerfCounter'{0x0000000080566c80})}
  0x000001590866300c: 49bb 806c | 5680 0000 | 0000 488d | 9c24 b000 | 0000 498b | 03a8 020f | 8523 0000 | 0048 83c8 
  0x000001590866302c: 0148 8903 | f049 0fb1 | 1b0f 8437 | 0000 0048 | 2bc4 4825 | 07f0 ffff | 4889 03e9 | 2400 0000 
  0x000001590866304c: 4c8b d048 | 33c0 f04d | 0fb1 7a3e | 48c7 0303 | 0000 0074 | 114c 3bf8 | 7515 49ff | 8286 0000 
  0x000001590866306c: 0048 33c0 | 7509 49ff | 8750 0500 | 0033 c00f | 8563 1100 

  0x0000015908663080: ;   {oop(a 'jdk/internal/perf/PerfCounter'{0x0000000080566c80})}
  0x0000015908663080: 0049 ba80 | 6c56 8000 | 0000 0045 | 8b5a 1041 | 8b6b 2485 | ed0f 85ed | 1400 0041 | 8b6b 1c85 
  0x00000159086630a0: ed0f 8c6a | 1100 0085 | ed0f 84a5 | 1000 004d | 8b53 104c | 8b5c 2448 

  0x00000159086630b8: ;   {oop(a 'jdk/internal/perf/PerfCounter'{0x0000000080566c80})}
  0x00000159086630b8: 4d01 1a49 | bb80 6c56 | 8000 0000 | 0048 8d84 | 24b0 0000 | 0048 8338 | 000f 8479 | 0000 004d 
  0x00000159086630d8: 8b13 41f6 | c202 0f84 | 6200 0000 | 4983 ba86 | 0000 0000 | 7409 49ff | 8a86 0000 | 00eb 4b49 
  0x00000159086630f8: 8b82 9600 | 0000 490b | 828e 0000 | 0075 0a49 | c742 3e00 | 0000 00eb | 3d49 83ba | 9e00 0000 
  0x0000015908663118: 0074 2248 | 33c0 49c7 | 423e 0000 | 0000 f083 | 0424 0049 | 83ba 9e00 | 0000 0075 | 0df0 4d0f 
  0x0000015908663138: b17a 3e75 | 0583 c801 | eb0c a800 | eb08 4c8b | 10f0 4d0f | b113 750a | 49ff 8f50 | 0500 0045 
  0x0000015908663158: 33d2 0f85 | e010 0000 | 4c8b 4c24 | 5841 8b71 | 0c48 8b54 | 2420 4c8b | 4424 3033 | ff48 8b4c 
  0x0000015908663178: 2438 6690 

  0x000001590866317c: ;   {optimized virtual_call}
  0x000001590866317c: c5f8 77e8 

  0x0000015908663180: ; ImmutableOopMap {}
                      ;*invokevirtual defineClass {reexecute=0 rethrow=0 return_oop=1}
                      ; - java.net.URLClassLoader::defineClass@220 (line 524)
  0x0000015908663180: 5cdf 93ff 

  0x0000015908663184: ;   {other}
  0x0000015908663184: 0f1f 8400 | 740f 000b | c5f8 7748 | 81c4 d000 

  0x0000015908663194: ;   {poll_return}
  0x0000015908663194: 0000 5d49 | 3ba7 5004 | 0000 0f87 | af25 0000 | c345 8b45 | 0c49 8bd5 | 453b c20f | 84c4 0000 
  0x00000159086631b4: 0045 85c0 | 0f8c 1d0b | 0000 49bb | 0000 b878 | 5901 0000 | 448b 4218 | 4585 c00f | 8474 f9ff 
  0x00000159086631d4: ff49 8bd8 | 498b 8758 | 0400 0044 

  0x00000159086631e0: ; ImmutableOopMap {r9=Oop rbx=Oop r14=Oop [48]=Oop [64]=Oop [80]=Oop [120]=NarrowOop }
                      ;*if_icmpne {reexecute=1 rethrow=0 return_oop=0}
                      ; - (reexecute) java.util.concurrent.ConcurrentHashMap::get@127 (line 946)
                      ; - java.lang.ClassLoader::getDefinedPackage@13 (line 2263)
                      ; - java.net.URLClassLoader::getAndVerifyPackage@2 (line 457)
                      ; - java.net.URLClassLoader::defineClass@46 (line 492)
                      ;   {poll}
  0x00000159086631e0: 8b43 0c85 | 0045 3bc2 | 7410 8b4b | 1885 c90f | 8454 f9ff | ff48 8bd9 | ebde 8b6b | 104c 8bc5 
  0x0000015908663200: 4d3b c174 | 5b85 ed0f | 8463 1700 | 0048 895c | 2460 4489 | 5424 584c | 895c 2428 | 4c89 7424 
  0x0000015908663220: 204c 8bc5 | 498b d149 | 8be9 6690 

  0x000001590866322c: ;   {optimized virtual_call}
  0x000001590866322c: c5f8 77e8 

  0x0000015908663230: ; ImmutableOopMap {rbp=Oop [32]=Oop [48]=Oop [64]=Oop [80]=Oop [96]=Oop [120]=NarrowOop }
                      ;*invokevirtual equals {reexecute=0 rethrow=0 return_oop=0}
                      ; - java.util.concurrent.ConcurrentHashMap::get@149 (line 947)
                      ; - java.lang.ClassLoader::getDefinedPackage@13 (line 2263)
                      ; - java.net.URLClassLoader::getAndVerifyPackage@2 (line 457)
                      ; - java.net.URLClassLoader::defineClass@46 (line 492)
  0x0000015908663230: 8c5e 79ff 

  0x0000015908663234: ;   {other}
  0x0000015908663234: 0f1f 8400 | 2410 000d | 4d8b 9758 

  0x0000015908663240: ; ImmutableOopMap {rbp=Oop [32]=Oop [48]=Oop [64]=Oop [80]=Oop [96]=Oop [120]=NarrowOop }
                      ;*ifeq {reexecute=1 rethrow=0 return_oop=0}
                      ; - (reexecute) java.util.concurrent.ConcurrentHashMap::get@152 (line 947)
                      ; - java.lang.ClassLoader::getDefinedPackage@13 (line 2263)
                      ; - java.net.URLClassLoader::getAndVerifyPackage@2 (line 457)
                      ; - java.net.URLClassLoader::defineClass@46 (line 492)
                      ;   {poll}
  0x0000015908663240: 0400 0041 | 8502 85c0 | 0f84 4e08 | 0000 4c8b | 7424 204c | 8b5c 2428 | 4c8b cd48 | 8b5c 2460 
  0x0000015908663260: 8b6b 1485 | ed0f 84de | f8ff ff45 | 0fb6 5111 | 418b 410c | e941 0100 | 0041 8b6d | 104c 8bdd 
  0x0000015908663280: 4d3b d90f | 8412 0100 | 0044 8b5d | 084c 8bc5 | 4d3b c80f | 8402 0100 

  0x0000015908663298: ;   {metadata('java/lang/String')}
  0x0000015908663298: 0041 81fb | 58e5 0000 | 0f85 18ff | ffff 410f | be59 1041 | 0fbe 6810 | 3bdd 0f85 | 5016 0000 
  0x00000159086632b8: 458b 4014 | 418b 7914 | 418b 580c | 8b4f 0c3b | cb0f 85ef | feff ff4d | 8bd8 498d | 7010 4c8b 
  0x00000159086632d8: df48 8d7f | 1085 c90f | 849d 0000 | 008b c183 | e01f 83e1 | e00f 844b | 0000 0048 | 8d3c 0f48 
  0x00000159086632f8: 8d34 0e48 | f7d9 c5fe | 6f0c 0fc5 | fe6f 040e | c5f5 efc8 | c4e2 7d17 | c90f 8572 | 0000 0048 
  0x0000015908663318: 83c1 2075 | e185 c00f | 845d 0000 | 00c5 fe6f | 4c07 e0c5 | fe6f 4406 | e0c5 f5ef | c8c4 e27d 
  0x0000015908663338: 17c9 754d | eb44 8bc8 | 83e1 fc74 | 1948 8d3c | 0f48 8d34 | 0e48 f7d9 | 8b1c 0f3b | 1c0e 7531 
  0x0000015908663358: 4883 c104 | 75f2 a802 | 7412 0fb7 | 1f0f b70e | 3bd9 751d | 488d 7f02 | 488d 7602 | a801 740a 
  0x0000015908663378: 0fb6 1f0f | b60e 3bd9 | 7507 b801 | 0000 00eb | 0233 c0c5 | f5ef c9c5 | fdef c085 | c00f 8423 
  0x0000015908663398: ;   {no_reloc}
  0x0000015908663398: feff ff41 | 8b6d 1485 | ed0f 84df | 0600 0041 | 8b41 0c45 | 0fb6 5111 | 49bb 0000 | b878 5901 
  0x00000159086633b8: 0000 8b4d 

  0x00000159086633bc: ;   {metadata('java/lang/Package')}
  0x00000159086633bc: 0881 f9d0 | b701 000f | 85e7 1800 | 0041 8b59 | 1444 8b43 | 0c48 8bcd | 448b 6910 | 4585 c00f 
  0x00000159086633dc: 866f 1000 | 0041 8b6e | 3844 8b45 

  0x00000159086633e8: ;   {metadata('java/util/concurrent/ConcurrentHashMap')}
  0x00000159086633e8: 0841 81f8 | 9050 0600 | 0f85 b210 | 0000 85c0 | 0f84 db02 | 0000 448b | 4528 4585 | c00f 84b6 
  0x0000015908663408: f8ff ff41 | 8b68 0c85 | ed0f 8661 | 1300 0044 | 8bd0 41c1 | ea10 4433 | d0ff cd41 | 81e2 ffff 
  0x0000015908663428: ff7f 4123 | ea48 63cd | 458b 4488 | 1045 85c0 | 0f84 83f8 | ffff 418b | 480c 498b | d041 3bca 
  0x0000015908663448: 0f85 58f7 | ffff 418b | 6810 488b | cd49 3bc9 | 0f84 0d01 | 0000 8b5d | 0848 8bcd | 4c3b c90f 
  0x0000015908663468: 84fe 0000 

  0x000001590866346c: ;   {metadata('java/lang/String')}
  0x000001590866346c: 0081 fb58 | e500 000f | 8535 f7ff | ff41 0fbe | 4110 0fbe | 6910 3bc5 | 0f85 4a15 | 0000 8b41 
  0x000001590866348c: 1441 8b79 | 148b 580c | 8b4f 0c3b | cb0f 850f | f7ff ff48 | 8bd8 488d | 7010 488b | df48 8d7f 
  0x00000159086634ac: 1085 c90f | 849d 0000 | 008b c183 | e01f 83e1 | e00f 844b | 0000 0048 | 8d3c 0f48 | 8d34 0e48 
  0x00000159086634cc: f7d9 c5fe | 6f04 0fc5 | fe6f 0c0e | c5fd efc1 | c4e2 7d17 | c00f 8572 | 0000 0048 | 83c1 2075 
  0x00000159086634ec: e185 c00f | 845d 0000 | 00c5 fe6f | 4407 e0c5 | fe6f 4c06 | e0c5 fdef | c1c4 e27d | 17c0 754d 
  0x000001590866350c: eb44 8bc8 | 83e1 fc74 | 1948 8d3c | 0f48 8d34 | 0e48 f7d9 | 8b1c 0f3b | 1c0e 7531 | 4883 c104 
  0x000001590866352c: 75f2 a802 | 7412 0fb7 | 1f0f b70e | 3bd9 751d | 488d 7f02 | 488d 7602 | a801 740a | 0fb6 1f0f 
  0x000001590866354c: b60e 3bd9 | 7507 b801 | 0000 00eb | 0233 c0c5 | fdef c0c5 | f5ef c985 | c00f 8443 | f6ff ff41 
  0x000001590866356c: ;   {no_reloc}
  0x000001590866356c: 8b68 1485 | ed0f 844a | f7ff ff44 

  0x0000015908663578: ;   {metadata('java/lang/Package')}
  0x0000015908663578: 8b45 0841 | 81f8 d0b7 | 0100 0f85 | bc17 0000 | 488b c5e9 | d0f7 ffff | 450f b659 | 1145 85db 
  0x0000015908663598: 0f85 e104 | 0000 458b | 5914 450f | be51 1049 | 8bd3 4585 | d20f 8547 | 0600 0048 | ffb4 2480 
  0x00000159086635b8: 0000 0048 | 8f44 2428 | 4c89 7424 | 2066 6690 

  0x00000159086635c8: ;   {static_call}
  0x00000159086635c8: c5f8 77e8 

  0x00000159086635cc: ; ImmutableOopMap {rbp=Oop [32]=Oop [40]=Oop [48]=Oop [64]=Oop [80]=Oop [120]=NarrowOop [128]=Oop }
                      ;*invokestatic hashCode {reexecute=0 rethrow=0 return_oop=0}
                      ; - java.lang.String::hashCode@27 (line 2358)
                      ; - java.util.concurrent.ConcurrentHashMap::get@1 (line 936)
                      ; - java.lang.ClassLoader::getDefinedPackage@13 (line 2263)
                      ; - java.net.URLClassLoader::getAndVerifyPackage@2 (line 457)
                      ; - java.net.URLClassLoader::defineClass@46 (line 492)
  0x00000159086635cc: f044 56ff 

  0x00000159086635d0: ;   {other}
  0x00000159086635d0: 0f1f 8400 | c013 000f | 85c0 0f84 | 0406 0000 | 4c8b 4c24 | 2841 8941 | 0c4c 8b74 | 2420 e90c 
  0x00000159086635f0: f5ff ff4c | 8b54 2430 | 4c89 9424 | 8000 0000 | e924 f3ff | ff41 81fa | 0000 1000 | 0f87 3e12 
  0x0000015908663610: 0000 4d63 | da41 3bfa | 8bef 410f | 4fea 3bfd | 0f82 9e12 | 0000 443b | d50f 8295 | 1200 0049 
  0x0000015908663630: 83c3 1749 | 8bfb 4883 | e7f8 4181 | fa00 0010 | 000f 8745 | 0900 0049 | 8bb7 b801 | 0000 4c8b 
  0x0000015908663650: c64c 03c7 | 4d3b 87c8 | 0100 000f | 832b 0900 | 004d 8987 | b801 0000 | 410f 1880 | 0001 0000 
  0x0000015908663670: 48c7 0601 | 0000 0041 | 0f18 8040 

  0x000001590866367c: ;   {metadata({type array byte})}
  0x000001590866367c: 0100 00c7 | 4608 6822 | 0000 4489 | 560c 410f | 1880 8001 | 0000 488b | d648 83c2 | 1049 c1eb 
  0x000001590866369c: 0385 ed0f | 84b3 1100 | 0041 3bea | 0f8c 0a04 | 0000 4883 | c7f0 48c1 | ef03 498b | c94c 8bc7 
  0x00000159086636bc: c5f8 7749 | ba60 3348 | 0759 0100 | 0041 ffd2 

  0x00000159086636cc: ;   {other}
  0x00000159086636cc: 0f1f 8400 | 0000 0000 | e906 f2ff | ff45 85d2 | 0f85 b303 | 0000 450f | be41 1048 | 8bd3 4585 
  0x00000159086636ec: c00f 85c1 | 0600 0044 | 896c 2458 | 4c89 4c24 | 384c 895c | 2428 4c89 | 7424 2090 

  0x0000015908663708: ;   {static_call}
  0x0000015908663708: c5f8 77e8 

  0x000001590866370c: ; ImmutableOopMap {rbp=Oop [32]=Oop [48]=Oop [56]=Oop [64]=Oop [80]=Oop [88]=NarrowOop [120]=NarrowOop }
                      ;*invokestatic hashCode {reexecute=0 rethrow=0 return_oop=0}
                      ; - java.lang.String::hashCode@27 (line 2358)
                      ; - java.util.concurrent.ConcurrentHashMap::get@1 (line 936)
                      ; - java.lang.ClassLoader::definePackage@47 (line 2125)
                      ; - java.lang.ClassLoader::getDefinedPackage@32 (line 2267)
                      ; - java.net.URLClassLoader::getAndVerifyPackage@2 (line 457)
                      ; - java.net.URLClassLoader::defineClass@46 (line 492)
  0x000001590866370c: 70b9 e3fe 

  0x0000015908663710: ;   {other}
  0x0000015908663710: 0f1f 8400 | 0015 0010 | 85c0 0f84 | 7406 0000 | 4c8b 4c24 | 3841 8941 | 0c4c 8b74 | 2420 4c8b 
  0x0000015908663730: 5c24 2844 | 8b6c 2458 | e9c1 fcff | ff49 bb00 | 00b8 7859 | 0100 00e9 | fdf3 ffff | 4c89 4424 
  0x0000015908663750: 6044 8954 | 2454 4889 | 7c24 5844 | 8b54 2478 | 4489 5424 | 504c 8b54 | 2440 4c89 | 5424 284c 
  0x0000015908663770: 8b54 2430 | 4c89 5424 | 2049 8bd0 | 41b8 0100 | 0000 488b | ea66 6690 

  0x0000015908663788: ;   {optimized virtual_call}
  0x0000015908663788: c5f8 77e8 

  0x000001590866378c: ; ImmutableOopMap {rbp=Oop [32]=Oop [40]=Oop [56]=Oop [80]=NarrowOop [84]=NarrowOop [88]=Oop [96]=Oop [128]=Oop }
                      ;*invokevirtual getManifestName {reexecute=0 rethrow=0 return_oop=1}
                      ; - java.util.zip.ZipFile$1::getManifestName@2 (line 1129)
                      ; - java.util.jar.JarFile::maybeInstantiateVerifier@20 (line 722)
                      ; - java.util.jar.JarFile::ensureInitialization@1 (line 1064)
                      ; - java.util.jar.JavaUtilJarAccessImpl::ensureInitialization@1 (line 42)
                      ; - jdk.internal.loader.URLClassPath$JarLoader$2::getManifest@10 (line 852)
                      ; - java.net.URLClassLoader::defineClass@34 (line 491)
  0x000001590866378c: 708d c0f7 

  0x0000015908663790: ;   {other}
  0x0000015908663790: 0f1f 8400 | 8015 0011 | 4885 c00f | 8584 1300 | 0044 8b5c | 2454 4588 | 6312 418b | 6b30 85ed 
  0x00000159086637b0: 0f85 be13 | 0000 4c8b | 5424 204c | 8954 2430 | 4c8b 5424 | 284c 8954 | 2440 448b | 5c24 5044 
  0x00000159086637d0: 895c 2478 | 488b 7c24 | 584c 8b44 | 2460 e91c | f2ff ff4c | 8944 2438 | 498b ea44 | 8954 2440 
  0x00000159086637f0: 488b d541 | b801 0000 | 0066 6690 

  0x00000159086637fc: ;   {optimized virtual_call}
  0x00000159086637fc: c5f8 77e8 

  0x0000015908663800: ; ImmutableOopMap {rbp=Oop [32]=Oop [48]=Oop [56]=Oop [64]=NarrowOop [88]=Oop [120]=NarrowOop }
                      ;*invokevirtual getManifestName {reexecute=0 rethrow=0 return_oop=1}
                      ; - java.util.zip.ZipFile$1::getManifestName@2 (line 1129)
                      ; - java.util.jar.JarFile::maybeInstantiateVerifier@20 (line 722)
                      ; - java.util.jar.JarFile$JarFileEntry::getCodeSigners@4 (line 670)
                      ; - jdk.internal.loader.URLClassPath$JarLoader$2::getCodeSigners@4 (line 858)
                      ; - java.net.URLClassLoader::defineClass@185 (line 521)
  0x0000015908663800: 7cb2 e3fe 

  0x0000015908663804: ;   {other}
  0x0000015908663804: 0f1f 8400 | f415 0012 | 4885 c00f | 85a3 1300 | 0044 8b5c | 2440 4588 | 6312 4c8b | 4424 38e9 
  0x0000015908663824: ecf6 ffff | 4c8b 5c24 | 404c 895c | 2420 488b | 6c24 3049 | 8bd0 4533 | c045 8bca 

  0x0000015908663840: ;   {static_call}
  0x0000015908663840: c5f8 77e8 

  0x0000015908663844: ; ImmutableOopMap {rbp=Oop [32]=Oop [56]=Oop [120]=NarrowOop }
                      ;*invokestatic newString {reexecute=0 rethrow=0 return_oop=1}
                      ; - java.lang.String::substring@54 (line 2829)
                      ; - java.net.URLClassLoader::defineClass@28 (line 489)
  0x0000015908663844: 38b8 e3fe 

  0x0000015908663848: ;   {other}
  0x0000015908663848: 0f1f 8400 | 3816 0013 | 4889 6c24 | 304c 8b5c | 2420 4c89 | 5c24 4048 | 8bd8 e9ba | f0ff ff48 
  0x0000015908663868: ff74 2440 | 488f 4424 | 3848 8b54 | 2440 488b | 6c24 2066 | 6690 c5f8 | 7748 b8b0 | b14e 1059 
  0x0000015908663888: ;   {virtual_call}
  0x0000015908663888: 0100 00e8 

  0x000001590866388c: ; ImmutableOopMap {rbp=Oop [32]=Oop [48]=Oop [56]=Oop [120]=NarrowOop }
                      ;*invokevirtual getBytes {reexecute=0 rethrow=0 return_oop=1}
                      ; - java.net.URLClassLoader::defineClass@179 (line 519)
  0x000001590866388c: d01a ffff 

  0x0000015908663890: ;   {other}
  0x0000015908663890: 0f1f 8400 | 8016 0014 | 4889 4424 | 58e9 26f6 

  0x00000159086638a0: ;   {metadata('jdk/internal/loader/URLClassPath$FileLoader$1')}
  0x00000159086638a0: ffff 4181 | fab0 b14e | 010f 8481 | f6ff ffba | c6ff ffff | 488b 6c24 | 204c 8b54 | 2430 4c89 
  0x00000159086638c0: 5424 204c | 895c 2440 

  0x00000159086638c8: ;   {runtime_call UncommonTrapBlob}
  0x00000159086638c8: c5f8 77e8 

  0x00000159086638cc: ; ImmutableOopMap {rbp=Oop [32]=Oop [64]=Oop [88]=Oop [120]=NarrowOop }
                      ;*invokevirtual getCodeSigners {reexecute=0 rethrow=0 return_oop=0}
                      ; - java.net.URLClassLoader::defineClass@185 (line 521)
  0x00000159086638cc: 300d e4fe 

  0x00000159086638d0: ;   {other}
  0x00000159086638d0: 0f1f 8400 | c016 0015 | 4c89 5424 | 584c 894c | 2438 4c89 | 5c24 284c | 8974 2420 | 498b d64d 
  0x00000159086638f0: 8bc1 4533 | c933 ff33 | f633 c945 | 33d2 4c89 | 1424 4c89 | 5424 084c | 8954 2410 

  0x000001590866390c: ;   {optimized virtual_call}
  0x000001590866390c: c5f8 77e8 

  0x0000015908663910: ; ImmutableOopMap {[32]=Oop [48]=Oop [56]=Oop [64]=Oop [88]=Oop [120]=NarrowOop }
                      ;*invokevirtual definePackage {reexecute=0 rethrow=0 return_oop=1}
                      ; - java.net.URLClassLoader::defineClass@81 (line 497)
  0x0000015908663910: ac2d 19f9 

  0x0000015908663914: ;   {other}
  0x0000015908663914: 0f1f 8400 | 0417 0016 | e97b f2ff 

  0x0000015908663920: ;   {metadata('jdk/internal/loader/URLClassPath$FileLoader$1')}
  0x0000015908663920: ff41 81fb | b0b1 4e01 | 0f85 ca12 | 0000 4533 | d24c 8954 | 2450 e996 

  0x0000015908663938: ;   {metadata('jdk/internal/loader/URLClassPath$FileLoader$1')}
  0x0000015908663938: f1ff ff41 | 81f8 b0b1 | 4e01 0f85 | e012 0000 | 458b 431c 

  0x000001590866394c: ; implicit exception: dispatches to 0x00000159086652bc
  0x000001590866394c: 458b 400c | 4489 4424 | 78e9 52ee | ffff 448b | 5d20 4585 | db0f 844f | f6ff ff4d | 8b57 2849 
  0x000001590866396c: 8bcb 4d85 | d20f 8469 | 0a00 004d | 8b5f 384b | 894c 13f8 | 4983 c2f8 | 4d89 5728 | e929 f6ff 
  0x000001590866398c: ff4d 8b57 | 584d 8b5f | 48f0 8344 | 24c0 0041 | 8038 000f | 8445 f6ff | ff45 8820 | 4d85 db75 
  0x00000159086639ac: 2349 8bc8 | 498b d7c5 | f877 49ba | 006b e376 | fe7f 0000 

  0x00000159086639c0: ;   {other}
  0x00000159086639c0: 41ff d20f | 1f84 0000 | 0000 00e9 | 1af6 ffff | 4f89 441a | f849 83c3 | f84d 895f | 48e9 08f6 
  0x00000159086639e0: ffff 448b | 5b14 4585 | db0f 84fb | eeff ff4d | 8b57 2849 | 8bcb 4d85 | d20f 84c1 | 0c00 004d 
  0x0000015908663a00: 8b5f 384b | 894c 13f8 | 4983 c2f8 | 4d89 5728 | e9d5 eeff | ff4d 8b57 | 484d 8b5f | 58f0 8344 
  0x0000015908663a20: 24c0 0080 | 3900 0f84 | f1ee ffff | 4488 214d | 85d2 7520 | 498b d7c5 | f877 49ba | 006b e376 
  0x0000015908663a40: fe7f 0000 

  0x0000015908663a44: ;   {other}
  0x0000015908663a44: 41ff d20f | 1f84 0000 | 0000 00e9 | c9ee ffff | 4b89 4c13 | f849 83c2 | f84d 8957 | 48e9 b7ee 
  0x0000015908663a64: ffff 49ba | 0000 b878 | 5901 0000 | 4c8b 7424 | 384c 8954 | 2428 e950 | f3ff ff33 | c0e9 79f0 
  0x0000015908663a84: ffff 49bb | 0000 b878 | 5901 0000 | e9b4 f0ff | ff33 c0e9 | 62f9 ffff | 4c8b 7424 | 204c 8b5c 
  0x0000015908663aa4: 2428 4c8b | cd44 8b54 | 2458 488b | 5424 60e9 | 10f7 ffff | 4c63 c54d | 8d50 1049 | 8bca 4883 
  0x0000015908663ac4: e1f8 488b | fe48 03f9 | 49c1 ea03 | 4d2b da49 | 8bcb 4833 | c048 83f9 | 087f 1048 | ffc9 784f 
  0x0000015908663ae4: 4889 04cf | 48ff c97d | f7eb 44c5 | fdef c0e9 | 0d00 0000 | c5fe 7f07 | c5fe 7f47 | 2048 83c7 
  0x0000015908663b04: 4048 83e9 | 087d ed48 | 83c1 047c | 0cc5 fe7f | 0748 83c7 | 2048 83e9 | 0448 83c1 | 047e 1048 
  0x0000015908663b24: ffc9 c5f9 | d607 4883 | c708 48ff | c97d f349 | 8bc9 c5f8 | 7749 bac0 | 2c48 0759 | 0100 0041 
  0x0000015908663b44: ;   {other}
  0x0000015908663b44: ffd2 0f1f | 8400 0000 | 0000 e981 

  0x0000015908663b50: ;   {metadata('java/security/CodeSource')}
  0x0000015908663b50: fbff ff48 | bad8 5a00 | 0f59 0100 | 0048 8b6c | 2420 6690 

  0x0000015908663b64: ;   {runtime_call _new_instance_Java}
  0x0000015908663b64: c5f8 77e8 

  0x0000015908663b68: ; ImmutableOopMap {rbp=Oop [32]=Oop [48]=Oop [88]=Oop [120]=NarrowOop }
                      ;*new {reexecute=0 rethrow=0 return_oop=1}
                      ; - java.net.URLClassLoader::defineClass@190 (line 522)
  0x0000015908663b68: 9482 f0fe 

  0x0000015908663b6c: ;   {other}
  0x0000015908663b6c: 0f1f 8400 | 5c19 0017 | e9ff f3ff | ff89 7c24 | 5444 8944 | 2450 4489 | 5424 284c | 8b54 2440 
  0x0000015908663b8c: 4c89 5424 | 2048 8b6c 

  0x0000015908663b94: ;   {metadata('java/lang/String')}
  0x0000015908663b94: 2430 48ba | 58e5 000f | 5901 0000 

  0x0000015908663ba0: ;   {runtime_call _new_instance_Java}
  0x0000015908663ba0: c5f8 77e8 

  0x0000015908663ba4: ; ImmutableOopMap {rbp=Oop [32]=Oop [56]=Oop [80]=NarrowOop [120]=NarrowOop }
                      ;*new {reexecute=0 rethrow=0 return_oop=1}
                      ; - java.lang.StringLatin1::newString@7 (line 756)
                      ; - java.lang.String::substring@41 (line 2828)
                      ; - java.net.URLClassLoader::defineClass@28 (line 489)
  0x0000015908663ba4: 5882 f0fe 

  0x0000015908663ba8: ;   {other}
  0x0000015908663ba8: 0f1f 8400 | 9819 0018 | 4889 6c24 | 304c 8b54 | 2420 4c89 | 5424 4044 | 8b54 2428 | 448b 4424 
  0x0000015908663bc8: 508b 7c24 | 5448 8bd8 | e964 ecff 

  0x0000015908663bd4: ;   {oop(""{0x0000000080566ee0})}
  0x0000015908663bd4: ff48 bbe0 | 6e56 8000 | 0000 00e9 | 3ded ffff | 4c8b 4c24 | 2841 c641 | 1101 33c0 | 4c8b 7424 
  0x0000015908663bf4: 20e9 05ef | ffff 48ff | b424 8000 | 0000 488f | 4424 284c | 8974 2420 

  0x0000015908663c0c: ;   {static_call}
  0x0000015908663c0c: c5f8 77e8 

  0x0000015908663c10: ; ImmutableOopMap {rbp=Oop [32]=Oop [40]=Oop [48]=Oop [64]=Oop [80]=Oop [120]=NarrowOop }
                      ;*invokestatic hashCode {reexecute=0 rethrow=0 return_oop=0}
                      ; - java.lang.String::hashCode@37 (line 2359)
                      ; - java.util.concurrent.ConcurrentHashMap::get@1 (line 936)
                      ; - java.lang.ClassLoader::getDefinedPackage@13 (line 2263)
                      ; - java.net.URLClassLoader::getAndVerifyPackage@2 (line 457)
                      ; - java.net.URLClassLoader::defineClass@46 (line 492)
  0x0000015908663c10: 6cb4 e3fe 

  0x0000015908663c14: ;   {other}
  0x0000015908663c14: 0f1f 8400 | 041a 0019 | e9b7 f9ff | ff48 8944 | 2460 4c89 | 4c24 5848 | 895c 2450 | 4489 4424 
  0x0000015908663c34: 2c4c 8b54 | 2440 4c89 | 5424 2048 | 8b6c 2430 

  0x0000015908663c44: ;   {metadata({type array byte})}
  0x0000015908663c44: 48ba 6822 | 000f 5901 | 0000 448b | c766 6690 

  0x0000015908663c54: ;   {runtime_call _new_array_nozero_Java}
  0x0000015908663c54: c5f8 77e8 

  0x0000015908663c58: ; ImmutableOopMap {rbp=Oop [32]=Oop [44]=NarrowOop [56]=Oop [80]=Oop [120]=NarrowOop [128]=Oop [88]=Derived_oop_[128] }
                      ;*invokevirtual clone {reexecute=1 rethrow=0 return_oop=1}
                      ; - (reexecute) java.util.Arrays::copyOfRange@18 (line 3856)
                      ; - java.lang.StringLatin1::newString@16 (line 756)
                      ; - java.lang.String::substring@41 (line 2828)
                      ; - java.net.URLClassLoader::defineClass@28 (line 489)
  0x0000015908663c58: 24d2 f0fe 

  0x0000015908663c5c: ;   {other}
  0x0000015908663c5c: 0f1f 8400 | 4c1a 001a | 4c8b d048 | 896c 2430 | 4c8b 5c24 | 204c 895c | 2440 488b | 5c24 504c 
  0x0000015908663c7c: 8b4c 2458 | 488b 4424 | 6049 8bf2 | e925 ecff | ff4c 8b54 | 2420 4c89 | 5424 304c | 8b74 2428 
  0x0000015908663c9c: 4c8b 5424 | 384c 8954 | 2440 448b | 5c24 5044 | 895c 2478 | 4c8b 5c24 | 584c 8b4c | 2460 4c8b 
  0x0000015908663cbc: 5424 684c | 8954 2450 | 448b 6c24 | 7044 8b54 | 2474 488b | 9424 8000 | 0000 e9d3 | eeff ff45 
  0x0000015908663cdc: ;   {metadata('java/util/concurrent/ConcurrentHashMap$ForwardingNode')}
  0x0000015908663cdc: 8b5d 0841 | 81fb 9050 | 1800 0f85 | 3703 0000 | 4c8b 5c24 | 504c 895c | 2460 4c89 | 4c24 5844 
  0x0000015908663cfc: 8b5c 2478 | 4489 5c24 | 504c 8b5c | 2440 4c89 | 5c24 384c | 8974 2428 | 4c8b 5c24 | 304c 895c 
  0x0000015908663d1c: 2420 458b | c24c 8974 | 2478 6690 

  0x0000015908663d28: ;   {optimized virtual_call}
  0x0000015908663d28: c5f8 77e8 

  0x0000015908663d2c: ; ImmutableOopMap {[32]=Oop [40]=Oop [56]=Oop [80]=NarrowOop [88]=Oop [96]=Oop [120]=Oop }
                      ;*invokevirtual find {reexecute=0 rethrow=0 return_oop=1}
                      ; - java.util.concurrent.ConcurrentHashMap::get@93 (line 944)
                      ; - java.lang.ClassLoader::getDefinedPackage@13 (line 2263)
                      ; - java.net.URLClassLoader::getAndVerifyPackage@2 (line 457)
                      ; - java.net.URLClassLoader::defineClass@46 (line 492)
  0x0000015908663d2c: 50ad e3fe 

  0x0000015908663d30: ;   {other}
  0x0000015908663d30: 0f1f 8400 | 201b 001b | 4885 c00f | 84f0 0200 | 008b 6814 | 85ed 0f84 | f80c 0000 | 4c8b 4c24 
  0x0000015908663d50: 5841 8b41 | 0c45 0fb6 | 5111 49bb | 0000 b878 | 5901 0000 | 4c8b 4424 | 204c 8944 | 2430 4c8b 
  0x0000015908663d70: 7424 284c | 8b44 2438 | 4c89 4424 | 408b 4c24 | 5089 4c24 | 784c 8b44 | 2460 4c89 | 4424 50e9 
  0x0000015908663d90: 26f6 ffff | 4c8b 4c24 | 3841 c641 | 1101 33c0 | 4c8b 7424 | 204c 8b5c | 2428 448b | 6c24 58e9 
  0x0000015908663db0: 4af6 ffff | 4489 6c24 | 584c 894c | 2438 4c89 | 5c24 284c | 8974 2420 

  0x0000015908663dc8: ;   {static_call}
  0x0000015908663dc8: c5f8 77e8 

  0x0000015908663dcc: ; ImmutableOopMap {rbp=Oop [32]=Oop [48]=Oop [56]=Oop [64]=Oop [80]=Oop [88]=NarrowOop [120]=NarrowOop }
                      ;*invokestatic hashCode {reexecute=0 rethrow=0 return_oop=0}
                      ; - java.lang.String::hashCode@37 (line 2359)
                      ; - java.util.concurrent.ConcurrentHashMap::get@1 (line 936)
                      ; - java.lang.ClassLoader::definePackage@47 (line 2125)
                      ; - java.lang.ClassLoader::getDefinedPackage@32 (line 2267)
                      ; - java.net.URLClassLoader::getAndVerifyPackage@2 (line 457)
                      ; - java.net.URLClassLoader::defineClass@46 (line 492)
  0x0000015908663dcc: b0b2 e3fe 

  0x0000015908663dd0: ;   {other}
  0x0000015908663dd0: 0f1f 8400 | c01b 001c | e93b f9ff | ffba e4ff | ffff 4489 | 5424 244c | 8b54 2438 | 4c89 5424 
  0x0000015908663df0: 284c 8b54 | 2440 4c89 | 5424 3890 

  0x0000015908663dfc: ;   {runtime_call UncommonTrapBlob}
  0x0000015908663dfc: c5f8 77e8 

  0x0000015908663e00: ; ImmutableOopMap {rbp=NarrowOop [40]=Oop [48]=Oop [56]=Oop }
                      ;*baload {reexecute=0 rethrow=0 return_oop=0}
                      ; - java.lang.StringLatin1::lastIndexOf@24 (line 290)
                      ; - java.lang.String::lastIndexOf@13 (line 2562)
                      ; - java.lang.String::lastIndexOf@8 (line 2524)
                      ; - java.net.URLClassLoader::defineClass@7 (line 486)
  0x0000015908663e00: fc07 e4fe 

  0x0000015908663e04: ;   {other}
  0x0000015908663e04: 0f1f 8400 | f41b 001d | 4489 6c24 | 704c 8b54 | 2450 4c89 | 5424 684c | 894c 2460 | 4c89 5c24 
  0x0000015908663e24: 5844 8b54 | 2478 4489 | 5424 504c | 8b54 2440 | 4c89 5424 | 384c 8974 | 2428 4c8b | 5424 304c 
  0x0000015908663e44: 8954 2420 

  0x0000015908663e48: ;   {metadata('java/lang/ClassLoader$$Lambda+0x0000015910064cb0')}
  0x0000015908663e48: 48ba b04c | 0610 5901 | 0000 6690 

  0x0000015908663e54: ;   {runtime_call _new_instance_Java}
  0x0000015908663e54: c5f8 77e8 

  0x0000015908663e58: ; ImmutableOopMap {rbp=NarrowOop [32]=Oop [40]=Oop [56]=Oop [80]=NarrowOop [96]=Oop [104]=Oop [112]=NarrowOop }
                      ;*invokevirtual allocateInstance {reexecute=0 rethrow=0 return_oop=1}
                      ; - java.lang.invoke.DirectMethodHandle::allocateInstance@12 (line 501)
                      ; - java.lang.invoke.DirectMethodHandle$Holder::newInvokeSpecial@1
                      ; - java.lang.invoke.Invokers$Holder::linkToTargetMethod@6
                      ; - java.lang.ClassLoader::definePackage@73 (line 2129)
                      ; - java.lang.ClassLoader::getDefinedPackage@32 (line 2267)
                      ; - java.net.URLClassLoader::getAndVerifyPackage@2 (line 457)
                      ; - java.net.URLClassLoader::defineClass@46 (line 492)
  0x0000015908663e58: a47f f0fe 

  0x0000015908663e5c: ;   {other}
  0x0000015908663e5c: 0f1f 8400 | 4c1c 001e | 4c8b 5c24 | 204c 895c | 2430 4c8b | 7424 284c | 8b5c 2438 | 4c89 5c24 
  0x0000015908663e7c: 4044 8b44 | 2450 4489 | 4424 784c | 8b5c 2458 | 4c8b 4c24 | 604c 8b44 | 2468 4c89 | 4424 5044 
  0x0000015908663e9c: 8b6c 2470 | 4c8b d0e9 | 5aee ffff | 418b 5808 

  0x0000015908663eac: ;   {metadata('java/util/concurrent/ConcurrentHashMap$ForwardingNode')}
  0x0000015908663eac: 81fb 9050 | 1800 0f85 | ba01 0000 | 4489 6c24 | 704c 8b44 | 2450 4c89 | 4424 684c | 894c 2460 
  0x0000015908663ecc: 4c89 5c24 | 5844 8b5c | 2478 4489 | 5c24 504c | 8b5c 2440 | 4c89 5c24 | 384c 8974 | 2428 4c8b 
  0x0000015908663eec: 5c24 304c | 895c 2420 | 458b c24c | 89b4 2488 | 0000 0090 

  0x0000015908663f00: ;   {optimized virtual_call}
  0x0000015908663f00: c5f8 77e8 

  0x0000015908663f04: ; ImmutableOopMap {[32]=Oop [40]=Oop [56]=Oop [80]=NarrowOop [96]=Oop [104]=Oop [112]=NarrowOop [136]=Oop }
                      ;*invokevirtual find {reexecute=0 rethrow=0 return_oop=1}
                      ; - java.util.concurrent.ConcurrentHashMap::get@93 (line 944)
                      ; - java.lang.ClassLoader::definePackage@47 (line 2125)
                      ; - java.lang.ClassLoader::getDefinedPackage@32 (line 2267)
                      ; - java.net.URLClassLoader::getAndVerifyPackage@2 (line 457)
                      ; - java.net.URLClassLoader::defineClass@46 (line 492)
  0x0000015908663f04: 78ab e3fe 

  0x0000015908663f08: ;   {other}
  0x0000015908663f08: 0f1f 8400 | f81c 001f | 4885 c00f | 84c7 0100 | 008b 6814 | 85ed 0f84 | c00b 0000 | 4c8b 5424 
  0x0000015908663f28: 204c 8954 | 2430 4c8b | 7424 284c | 8b54 2438 | 4c89 5424 | 4044 8b5c | 2450 4489 | 5c24 784c 
  0x0000015908663f48: 8b5c 2458 | 4c8b 4c24 | 604c 8b54 | 2468 4c89 | 5424 5044 | 8b6c 2470 | e912 f6ff | ff48 8bd5 
  0x0000015908663f68: 41b8 2e00 | 0000 488b | 6c24 3890 

  0x0000015908663f74: ;   {static_call}
  0x0000015908663f74: c5f8 77e8 

  0x0000015908663f78: ; ImmutableOopMap {rbp=Oop [48]=Oop [56]=Oop [64]=Oop }
                      ;*invokestatic lastIndexOf {reexecute=0 rethrow=0 return_oop=0}
                      ; - java.lang.String::lastIndexOf@25 (line 2563)
                      ; - java.lang.String::lastIndexOf@8 (line 2524)
                      ; - java.net.URLClassLoader::defineClass@7 (line 486)
  0x0000015908663f78: 04b1 e3fe 

  0x0000015908663f7c: ;   {other}
  0x0000015908663f7c: 0f1f 8400 | 6c1d 0020 | 448b d0e9 | fde7 ffff | 4889 7c24 | 704c 895c | 2468 4c89 | 4c24 6048 
  0x0000015908663f9c: 895c 2458 | 448b 4424 | 7844 8944 | 2454 4489 | 5424 504c | 8b54 2440 | 4c89 5424 | 284c 8b54 
  0x0000015908663fbc: 2430 4c89 

  0x0000015908663fc0: ;   {metadata({type array byte})}
  0x0000015908663fc0: 5424 2048 | ba68 2200 | 0f59 0100 | 0044 8b44 | 2450 6690 

  0x0000015908663fd4: ;   {runtime_call _new_array_nozero_Java}
  0x0000015908663fd4: c5f8 77e8 

  0x0000015908663fd8: ; ImmutableOopMap {[32]=Oop [40]=Oop [56]=Oop [84]=NarrowOop [88]=Oop [128]=Oop [96]=Derived_oop_[128] }
                      ;*newarray {reexecute=0 rethrow=0 return_oop=1}
                      ; - java.util.Arrays::copyOfRangeByte@10 (line 3863)
                      ; - java.util.Arrays::copyOfRange@13 (line 3854)
                      ; - java.lang.StringLatin1::newString@16 (line 756)
                      ; - java.lang.String::substring@41 (line 2828)
                      ; - java.net.URLClassLoader::defineClass@28 (line 489)
  0x0000015908663fd8: a4ce f0fe 

  0x0000015908663fdc: ;   {other}
  0x0000015908663fdc: 0f1f 8400 | cc1d 0021 | 4c8b 5424 | 204c 8954 | 2430 4c8b | 5424 284c | 8954 2440 | 448b 5424 
  0x0000015908663ffc: 5044 8b44 | 2454 4489 | 4424 7848 | 8b5c 2458 | 4c8b 4c24 | 6048 8bf0 | 4c8b 5c24 | 6848 8b7c 
  0x000001590866401c: 2470 e96f 

  0x0000015908664020: ;   {metadata('java/util/concurrent/ConcurrentHashMap$ReservationNode')}
  0x0000015908664020: f6ff ff41 | 81fb 98b7 | 1700 7437 | e923 0c00 | 004c 8b54 | 2420 4c89 | 5424 304c | 8b74 2428 
  0x0000015908664040: 4c8b 5424 | 384c 8954 | 2440 448b | 5424 5044 | 8954 2478 | 4c8b 4c24 | 584c 8b54 | 2460 4c89 
  0x0000015908664060: 5424 5049 | bb00 00b8 | 7859 0100 | 00e9 d7ea 

  0x0000015908664070: ;   {metadata('java/util/concurrent/ConcurrentHashMap$ReservationNode')}
  0x0000015908664070: ffff 81fb | 98b7 1700 | 0f84 43ec | ffff bac6 | ffff ff4c | 8b5c 2430 | 4c89 5c24 | 204c 8b5c 
  0x0000015908664090: 2440 4c89 | 5c24 284c | 8b5c 2448 | 4c89 5c24 | 308b 4c24 | 784c 8974 | 2458 4c89 | 4c24 6089 
  0x00000159086640b0: 4c24 3c4c | 8974 2468 | 4c89 4c24 | 7044 896c | 2478 4489 | 4424 7c44 | 8994 2480 | 0000 0090 
  0x00000159086640d0: ;   {runtime_call UncommonTrapBlob}
  0x00000159086640d0: c5f8 77e8 

  0x00000159086640d4: ; ImmutableOopMap {[32]=Oop [40]=Oop [60]=NarrowOop [80]=Oop [88]=Oop [96]=Oop [104]=Oop [112]=Oop [120]=NarrowOop [124]=NarrowOop }
                      ;*invokevirtual find {reexecute=0 rethrow=0 return_oop=0}
                      ; - java.util.concurrent.ConcurrentHashMap::get@93 (line 944)
                      ; - java.lang.ClassLoader::definePackage@47 (line 2125)
                      ; - java.lang.ClassLoader::getDefinedPackage@32 (line 2267)
                      ; - java.net.URLClassLoader::getAndVerifyPackage@2 (line 457)
                      ; - java.net.URLClassLoader::defineClass@46 (line 492)
  0x00000159086640d4: 2805 e4fe 

  0x00000159086640d8: ;   {other}
  0x00000159086640d8: 0f1f 8400 | c81e 0022 | 4c8b 5424 | 204c 8954 | 2430 4c8b | 7424 284c | 8b54 2438 | 4c89 5424 
  0x00000159086640f8: 4044 8b5c | 2450 4489 | 5c24 784c | 8b5c 2458 | 4c8b 4c24 | 604c 8b54 | 2468 4c89 | 5424 5044 
  0x0000015908664118: 8b6c 2470 | e9a0 ebff | ffba 45ff | ffff 488b | 6c24 204c | 8b5c 2430 | 4c89 5c24 | 204c 8b5c 
  0x0000015908664138: 2440 4c89 | 5c24 284c | 8954 2440 

  0x0000015908664144: ;   {runtime_call UncommonTrapBlob}
  0x0000015908664144: c5f8 77e8 

  0x0000015908664148: ; ImmutableOopMap {rbp=Oop [32]=Oop [40]=Oop [64]=Oop [120]=NarrowOop }
                      ;*ifeq {reexecute=1 rethrow=0 return_oop=0}
                      ; - (reexecute) jdk.internal.loader.Resource::getByteBuffer@9 (line 164)
                      ; - java.net.URLClassLoader::defineClass@132 (line 511)
  0x0000015908664148: b404 e4fe 

  0x000001590866414c: ;   {other}
  0x000001590866414c: 0f1f 8400 | 3c1f 0023 | bae4 ffff | ff4c 8b54 | 2430 4c89 | 5424 284c | 8b54 2448 | 4c89 5424 
  0x000001590866416c: 4044 895c | 244c 6690 

  0x0000015908664174: ;   {runtime_call UncommonTrapBlob}
  0x0000015908664174: c5f8 77e8 

  0x0000015908664178: ; ImmutableOopMap {[32]=Oop [40]=Oop [56]=Oop [76]=NarrowOop [88]=Oop }
                      ;*invokestatic checkIndex {reexecute=0 rethrow=0 return_oop=0}
                      ; - java.nio.Buffer::checkIndex@8 (line 768)
                      ; - java.nio.DirectLongBufferU::get@11 (line 342)
                      ; - jdk.internal.perf.PerfCounter::get@5 (line 84)
                      ; - jdk.internal.perf.PerfCounter::add@1 (line 98)
                      ; - jdk.internal.perf.PerfCounter::addElapsedTimeFrom@6 (line 120)
                      ; - java.net.URLClassLoader::defineClass@207 (line 523)
  0x0000015908664178: 8404 e4fe 

  0x000001590866417c: ;   {other}
  0x000001590866417c: 0f1f 8400 | 6c1f 0024 | baf6 ffff | ff48 8b6c | 2438 4c8b | 5424 304c | 8954 2420 | 4889 7c24 
  0x000001590866419c: 2866 6690 

  0x00000159086641a0: ;   {runtime_call UncommonTrapBlob}
  0x00000159086641a0: c5f8 77e8 

  0x00000159086641a4: ; ImmutableOopMap {rbp=Oop [32]=Oop [40]=Oop [120]=NarrowOop [128]=Oop }
                      ;*invokevirtual ensureInitialization {reexecute=0 rethrow=0 return_oop=0}
                      ; - java.util.jar.JavaUtilJarAccessImpl::ensureInitialization@1 (line 42)
                      ; - jdk.internal.loader.URLClassPath$JarLoader$2::getManifest@10 (line 852)
                      ; - java.net.URLClassLoader::defineClass@34 (line 491)
  0x00000159086641a4: 5804 e4fe 

  0x00000159086641a8: ;   {other}
  0x00000159086641a8: 0f1f 8400 | 981f 0025 | bae4 ffff | ff4c 8b54 | 2430 4c89 | 5424 284c | 8b54 2448 | 4c89 5424 
  0x00000159086641c8: 3848 8944 | 2458 4489 | 4424 6090 

  0x00000159086641d4: ;   {runtime_call UncommonTrapBlob}
  0x00000159086641d4: c5f8 77e8 

  0x00000159086641d8: ; ImmutableOopMap {[32]=Oop [40]=Oop [64]=Oop [88]=Oop [120]=NarrowOop }
                      ;*invokestatic checkIndex {reexecute=0 rethrow=0 return_oop=0}
                      ; - java.util.zip.CRC32::updateBytesCheck@30 (line 153)
                      ; - java.util.zip.CRC32::updateBytes@3 (line 139)
                      ; - java.util.zip.CRC32::update@31 (line 79)
                      ; - java.util.zip.Checksum::update@5 (line 58)
                      ; - jdk.internal.loader.URLClassPath$JarLoader$2::getBytes@15 (line 864)
                      ; - java.net.URLClassLoader::defineClass@179 (line 519)
  0x00000159086641d8: 2404 e4fe 

  0x00000159086641dc: ;   {other}
  0x00000159086641dc: 0f1f 8400 | cc1f 0026 

  0x00000159086641e4: ;   {oop(a 'jdk/internal/perf/PerfCounter'{0x0000000080566c80})}
  0x00000159086641e4: 48ba 806c | 5680 0000 | 0000 4c8d | 8424 b000 | 0000 488b | 6c24 2090 

  0x00000159086641fc: ;   {runtime_call _complete_monitor_locking_Java}
  0x00000159086641fc: c5f8 77e8 

  0x0000015908664200: ; ImmutableOopMap {rbp=Oop [32]=Oop [48]=Oop [56]=Oop [88]=Oop }
                      ;*synchronization entry
                      ; - jdk.internal.perf.PerfCounter::add@-1 (line 98)
                      ; - jdk.internal.perf.PerfCounter::addElapsedTimeFrom@6 (line 120)
                      ; - java.net.URLClassLoader::defineClass@207 (line 523)
  0x0000015908664200: 7cea f0fe 

  0x0000015908664204: ;   {other}
  0x0000015908664204: 0f1f 8400 | f41f 0027 | e970 eeff | ffba ccff | ffff 4c8b | 5424 304c | 8954 2428 | 4c8b 5424 
  0x0000015908664224: 484c 8954 | 2440 4489 | 5c24 4c90 

  0x0000015908664230: ;   {runtime_call UncommonTrapBlob}
  0x0000015908664230: c5f8 77e8 

  0x0000015908664234: ; ImmutableOopMap {[32]=Oop [40]=Oop [56]=Oop [76]=NarrowOop [88]=Oop }
                      ;*invokestatic checkIndex {reexecute=0 rethrow=0 return_oop=0}
                      ; - java.nio.Buffer::checkIndex@8 (line 768)
                      ; - java.nio.DirectLongBufferU::get@11 (line 342)
                      ; - jdk.internal.perf.PerfCounter::get@5 (line 84)
                      ; - jdk.internal.perf.PerfCounter::add@1 (line 98)
                      ; - jdk.internal.perf.PerfCounter::addElapsedTimeFrom@6 (line 120)
                      ; - java.net.URLClassLoader::defineClass@207 (line 523)
  0x0000015908664234: c803 e4fe 

  0x0000015908664238: ;   {other}
  0x0000015908664238: 0f1f 8400 | 2820 0028 

  0x0000015908664240: ;   {oop(a 'jdk/internal/perf/PerfCounter'{0x0000000080566c80})}
  0x0000015908664240: 48b9 806c | 5680 0000 | 0000 488d | 9424 b000 | 0000 4d8b | c7c5 f877 | 49ba 6067 | 2477 fe7f 
  0x0000015908664260: 0000 41ff 

  0x0000015908664264: ;   {other}
  0x0000015908664264: d20f 1f84 | 0000 0000 | 00e9 eeee | ffff bade | ffff ff4c | 8b54 2430 | 4c89 5424 | 284c 8b54 
  0x0000015908664284: 2440 4c89 | 5424 304c | 8b54 2448 | 4c89 5424 | 3844 8b5c | 2478 4c89 | 7424 5844 | 895c 2444 
  0x00000159086642a4: 4c89 7424 | 7066 6690 

  0x00000159086642ac: ;   {runtime_call UncommonTrapBlob}
  0x00000159086642ac: c5f8 77e8 

  0x00000159086642b0: ; ImmutableOopMap {rbp=NarrowOop [40]=Oop [48]=Oop [68]=NarrowOop [80]=Oop [88]=Oop [112]=Oop [128]=Oop }
                      ;*invokevirtual get {reexecute=0 rethrow=0 return_oop=0}
                      ; - java.lang.ClassLoader::getDefinedPackage@13 (line 2263)
                      ; - java.net.URLClassLoader::getAndVerifyPackage@2 (line 457)
                      ; - java.net.URLClassLoader::defineClass@46 (line 492)
  0x00000159086642b0: 4c03 e4fe 

  0x00000159086642b4: ;   {other}
  0x00000159086642b4: 0f1f 8400 | a420 0029 | bade ffff | ff48 8b6c | 2438 4c8b | 5c24 304c | 895c 2420 | 4c8b 5c24 
  0x00000159086642d4: 484c 895c | 2430 4889 | 7c24 4844 | 8944 243c | 4489 5424 | 5066 6690 

  0x00000159086642ec: ;   {runtime_call UncommonTrapBlob}
  0x00000159086642ec: c5f8 77e8 

  0x00000159086642f0: ; ImmutableOopMap {rbp=Oop [32]=Oop [60]=NarrowOop [72]=Oop [80]=NarrowOop [120]=NarrowOop [128]=Oop }
                      ;*invokeinterface ensureInitialization {reexecute=0 rethrow=0 return_oop=0}
                      ; - jdk.internal.loader.URLClassPath$JarLoader$2::getManifest@10 (line 852)
                      ; - java.net.URLClassLoader::defineClass@34 (line 491)
  0x00000159086642f0: 0c03 e4fe 

  0x00000159086642f4: ;   {other}
  0x00000159086642f4: 0f1f 8400 | e420 002a | 4c89 4424 | 5844 8954 | 242c 4889 | 7c24 504c | 8b54 2440 | 4c89 5424 
  0x0000015908664314: 2048 8b6c | 2430 498b | d04c 8d84 | 24b0 0000 | 0066 6690 

  0x0000015908664328: ;   {runtime_call _complete_monitor_locking_Java}
  0x0000015908664328: c5f8 77e8 

  0x000001590866432c: ; ImmutableOopMap {rbp=Oop [32]=Oop [44]=NarrowOop [56]=Oop [80]=Oop [88]=Oop [120]=NarrowOop [128]=Oop }
                      ;*synchronization entry
                      ; - java.util.jar.JarFile::ensureInitialization@-1 (line 1064)
                      ; - java.util.jar.JavaUtilJarAccessImpl::ensureInitialization@1 (line 42)
                      ; - jdk.internal.loader.URLClassPath$JarLoader$2::getManifest@10 (line 852)
                      ; - java.net.URLClassLoader::defineClass@34 (line 491)
  0x000001590866432c: 50e9 f0fe 

  0x0000015908664330: ;   {other}
  0x0000015908664330: 0f1f 8400 | 2021 002b | 4889 6c24 | 304c 8b54 | 2420 4c89 | 5424 4048 | 8b7c 2450 | 448b 5424 
  0x0000015908664350: 2c4c 8b44 | 2458 e98a | e6ff ff49 | 8bc8 488d | 9424 b000 | 0000 4d8b | c7c5 f877 | 49ba 6067 
  0x0000015908664370: 2477 fe7f | 0000 41ff 

  0x0000015908664378: ;   {other}
  0x0000015908664378: d20f 1f84 | 0000 0000 | 00e9 14e7 | ffff bade | ffff ff4c | 8b54 2438 | 4c89 5424 | 204c 8b54 
  0x0000015908664398: 2430 4c89 | 5424 2848 | 897c 2430 | 4c8b 5424 | 484c 8954 | 2438 6690 

  0x00000159086643b0: ;   {runtime_call UncommonTrapBlob}
  0x00000159086643b0: c5f8 77e8 

  0x00000159086643b4: ; ImmutableOopMap {rbp=NarrowOop [32]=Oop [40]=Oop [48]=Oop [120]=NarrowOop [128]=Oop }
                      ;*invokevirtual getManifest {reexecute=0 rethrow=0 return_oop=0}
                      ; - jdk.internal.loader.URLClassPath$JarLoader$2::getManifest@22 (line 853)
                      ; - java.net.URLClassLoader::defineClass@34 (line 491)
  0x00000159086643b4: 4802 e4fe 

  0x00000159086643b8: ;   {other}
  0x00000159086643b8: 0f1f 8400 | a821 002c | bade ffff | ff4c 8b54 | 2430 4c89 | 5424 2890 

  0x00000159086643d0: ;   {runtime_call UncommonTrapBlob}
  0x00000159086643d0: c5f8 77e8 

  0x00000159086643d4: ; ImmutableOopMap {rbp=NarrowOop [32]=Oop [40]=Oop [88]=Oop [120]=NarrowOop }
                      ;*invokevirtual getCodeSigners {reexecute=0 rethrow=0 return_oop=0}
                      ; - jdk.internal.loader.URLClassPath$JarLoader$2::getCodeSigners@4 (line 858)
                      ; - java.net.URLClassLoader::defineClass@185 (line 521)
  0x00000159086643d4: 2802 e4fe 

  0x00000159086643d8: ;   {other}
  0x00000159086643d8: 0f1f 8400 | c821 002d | 498b d7c5 | f877 49ba | 206b e376 | fe7f 0000 

  0x00000159086643f0: ;   {other}
  0x00000159086643f0: 41ff d20f | 1f84 0000 | 0000 00e9 | b6eb ffff | ba45 ffff | ff44 8954 | 2424 4489 | 5424 2890 
  0x0000015908664410: ;   {runtime_call UncommonTrapBlob}
  0x0000015908664410: c5f8 77e8 

  0x0000015908664414: ; ImmutableOopMap {[48]=Oop [56]=Oop [64]=Oop [120]=NarrowOop }
                      ;*if_icmpgt {reexecute=1 rethrow=0 return_oop=0}
                      ; - (reexecute) jdk.internal.util.Preconditions::checkFromToIndex@6 (line 348)
                      ; - java.lang.String::checkBoundsBeginEnd@6 (line 4849)
                      ; - java.lang.String::substring@8 (line 2823)
                      ; - java.net.URLClassLoader::defineClass@28 (line 489)
  0x0000015908664414: e801 e4fe 

  0x0000015908664418: ;   {other}
  0x0000015908664418: 0f1f 8400 | 0822 002e | ba45 ffff | ff4c 8b54 | 2430 4c89 | 5424 284c | 8b54 2448 | 4c89 5424 
  0x0000015908664438: 304c 8944 | 2448 6690 

  0x0000015908664440: ;   {runtime_call UncommonTrapBlob}
  0x0000015908664440: c5f8 77e8 

  0x0000015908664444: ; ImmutableOopMap {rbp=NarrowOop [32]=Oop [40]=Oop [72]=Oop [88]=Oop [120]=NarrowOop }
                      ;*ifnonnull {reexecute=1 rethrow=0 return_oop=0}
                      ; - (reexecute) java.util.jar.JarFile$JarFileEntry::getCodeSigners@24 (line 674)
                      ; - jdk.internal.loader.URLClassPath$JarLoader$2::getCodeSigners@4 (line 858)
                      ; - java.net.URLClassLoader::defineClass@185 (line 521)
  0x0000015908664444: b801 e4fe 

  0x0000015908664448: ;   {other}
  0x0000015908664448: 0f1f 8400 | 3822 002f | ba45 ffff | ff4c 8b54 | 2430 4c89 | 5424 204c | 8b54 2440 | 4c89 5424 
  0x0000015908664468: 284c 8b54 | 2448 4c89 | 5424 304c | 8974 2458 | 4c89 4c24 | 6044 8b5c | 2478 4489 | 5c24 3c4c 
  0x0000015908664488: 8974 2468 | 4c89 4c24 | 7044 896c | 2478 6690 

  0x0000015908664498: ;   {runtime_call UncommonTrapBlob}
  0x0000015908664498: c5f8 77e8 

  0x000001590866449c: ; ImmutableOopMap {[32]=Oop [40]=Oop [60]=NarrowOop [80]=Oop [88]=Oop [96]=Oop [104]=Oop [112]=Oop [120]=NarrowOop }
                      ;*ifeq {reexecute=1 rethrow=0 return_oop=0}
                      ; - (reexecute) java.lang.ClassLoader::definePackage@4 (line 2120)
                      ; - java.lang.ClassLoader::getDefinedPackage@32 (line 2267)
                      ; - java.net.URLClassLoader::getAndVerifyPackage@2 (line 457)
                      ; - java.net.URLClassLoader::defineClass@46 (line 492)
  0x000001590866449c: 6001 e4fe 

  0x00000159086644a0: ;   {other}
  0x00000159086644a0: 0f1f 8400 | 9022 0030 | bade ffff | ff4c 8b54 | 2430 4c89 | 5424 284c | 8b54 2440 | 4c89 5424 
  0x00000159086644c0: 304c 8b54 | 2448 4c89 | 5424 384c | 8974 2458 | 4c89 4c24 | 6044 8b5c | 2478 4489 | 5c24 444c 
  0x00000159086644e0: 8974 2470 | 4c89 4c24 | 7844 89ac | 2480 0000 | 0066 6690 

  0x00000159086644f4: ;   {runtime_call UncommonTrapBlob}
  0x00000159086644f4: c5f8 77e8 

  0x00000159086644f8: ; ImmutableOopMap {rbp=NarrowOop [40]=Oop [48]=Oop [68]=NarrowOop [80]=Oop [88]=Oop [96]=Oop [112]=Oop [120]=Oop [128]=NarrowOop }
                      ;*invokevirtual get {reexecute=0 rethrow=0 return_oop=0}
                      ; - java.lang.ClassLoader::definePackage@47 (line 2125)
                      ; - java.lang.ClassLoader::getDefinedPackage@32 (line 2267)
                      ; - java.net.URLClassLoader::getAndVerifyPackage@2 (line 457)
                      ; - java.net.URLClassLoader::defineClass@46 (line 492)
  0x00000159086644f8: 0401 e4fe 

  0x00000159086644fc: ;   {other}
  0x00000159086644fc: 0f1f 8400 | ec22 0031 | ba45 ffff | ff4c 8b54 | 2430 4c89 | 5424 284c | 8b54 2440 | 4c89 5424 
  0x000001590866451c: 304c 8b54 | 2448 4c89 | 5424 384c | 8974 2458 | 4c89 4c24 | 6044 8b5c | 2478 4489 | 5c24 444c 
  0x000001590866453c: 8974 2470 | 4c89 4c24 | 7866 6690 

  0x0000015908664548: ;   {runtime_call UncommonTrapBlob}
  0x0000015908664548: c5f8 77e8 

  0x000001590866454c: ; ImmutableOopMap {[40]=Oop [48]=Oop [68]=NarrowOop [80]=Oop [88]=Oop [96]=Oop [112]=Oop [120]=Oop }
                      ;*ifle {reexecute=1 rethrow=0 return_oop=0}
                      ; - (reexecute) java.util.concurrent.ConcurrentHashMap::get@23 (line 937)
                      ; - java.lang.ClassLoader::getDefinedPackage@13 (line 2263)
                      ; - java.net.URLClassLoader::getAndVerifyPackage@2 (line 457)
                      ; - java.net.URLClassLoader::defineClass@46 (line 492)
  0x000001590866454c: b000 e4fe 

  0x0000015908664550: ;   {other}
  0x0000015908664550: 0f1f 8400 | 4023 0032 | ba45 ffff | ff48 8b6c | 2420 4c8b | 5424 304c | 8954 2420 | 4c8b 5424 
  0x0000015908664570: 484c 8954 | 2428 6690 

  0x0000015908664578: ;   {runtime_call UncommonTrapBlob}
  0x0000015908664578: c5f8 77e8 

  0x000001590866457c: ; ImmutableOopMap {rbp=Oop [32]=Oop [56]=Oop [88]=Oop [120]=NarrowOop }
                      ;*ifnull {reexecute=1 rethrow=0 return_oop=0}
                      ; - (reexecute) java.security.CodeSource::<init>@25 (line 122)
                      ; - java.net.URLClassLoader::defineClass@198 (line 522)
  0x000001590866457c: 8000 e4fe 

  0x0000015908664580: ;   {other}
  0x0000015908664580: 0f1f 8400 | 7023 0033 | ba45 ffff | ff4c 8b54 | 2430 4c89 | 5424 284c | 8b54 2448 | 4c89 5424 
  0x00000159086645a0: 4044 895c | 244c 6690 

  0x00000159086645a8: ;   {runtime_call UncommonTrapBlob}
  0x00000159086645a8: c5f8 77e8 

  0x00000159086645ac: ; ImmutableOopMap {rbp=NarrowOop [32]=Oop [40]=Oop [56]=Oop [76]=NarrowOop [88]=Oop }
                      ;*ifnull {reexecute=1 rethrow=0 return_oop=0}
                      ; - (reexecute) java.nio.Buffer::session@4 (line 792)
                      ; - java.nio.DirectLongBufferU::get@4 (line 342)
                      ; - jdk.internal.perf.PerfCounter::get@5 (line 84)
                      ; - jdk.internal.perf.PerfCounter::add@1 (line 98)
                      ; - jdk.internal.perf.PerfCounter::addElapsedTimeFrom@6 (line 120)
                      ; - java.net.URLClassLoader::defineClass@207 (line 523)
  0x00000159086645ac: 5000 e4fe 

  0x00000159086645b0: ;   {other}
  0x00000159086645b0: 0f1f 8400 | a023 0034 | ba45 ffff | ff44 8954 | 2424 4489 | 5424 2890 

  0x00000159086645c8: ;   {runtime_call UncommonTrapBlob}
  0x00000159086645c8: c5f8 77e8 

  0x00000159086645cc: ; ImmutableOopMap {[48]=Oop [56]=Oop [64]=Oop [120]=NarrowOop }
                      ;*if_icmple {reexecute=1 rethrow=0 return_oop=0}
                      ; - (reexecute) jdk.internal.util.Preconditions::checkFromToIndex@11 (line 348)
                      ; - java.lang.String::checkBoundsBeginEnd@6 (line 4849)
                      ; - java.lang.String::substring@8 (line 2823)
                      ; - java.net.URLClassLoader::defineClass@28 (line 489)
  0x00000159086645cc: 3000 e4fe 

  0x00000159086645d0: ;   {other}
  0x00000159086645d0: 0f1f 8400 | c023 0035 | ba45 ffff | ff4c 8b5c | 2438 4c89 | 5c24 204c | 8b5c 2430 | 4c89 5c24 
  0x00000159086645f0: 284c 8b5c | 2448 4c89 | 5c24 3848 | 897c 2450 | 4489 5424 | 5866 6690 

  0x0000015908664608: ;   {runtime_call UncommonTrapBlob}
  0x0000015908664608: c5f8 77e8 

  0x000001590866460c: ; ImmutableOopMap {rbp=NarrowOop [32]=Oop [40]=Oop [80]=Oop [88]=NarrowOop [120]=NarrowOop [128]=Oop }
                      ;*ifnull {reexecute=1 rethrow=0 return_oop=0}
                      ; - (reexecute) java.util.jar.JarFile::maybeInstantiateVerifier@4 (line 713)
                      ; - java.util.jar.JarFile::ensureInitialization@1 (line 1064)
                      ; - java.util.jar.JavaUtilJarAccessImpl::ensureInitialization@1 (line 42)
                      ; - jdk.internal.loader.URLClassPath$JarLoader$2::getManifest@10 (line 852)
                      ; - java.net.URLClassLoader::defineClass@34 (line 491)
  0x000001590866460c: f0ff e3fe 

  0x0000015908664610: ;   {other}
  0x0000015908664610: 0f1f 8400 | 0024 0036 | 4d3b dabd | ffff ffff | 7c08 400f | 95c5 400f | b6ed ba45 | ffff ff4c 
  0x0000015908664630: 8b54 2430 | 4c89 5424 | 284c 8b54 | 2448 4c89 | 5424 384c | 8944 2448 | 4889 5c24 | 5066 6690 
  0x0000015908664650: ;   {runtime_call UncommonTrapBlob}
  0x0000015908664650: c5f8 77e8 

  0x0000015908664654: ; ImmutableOopMap {[32]=Oop [40]=Oop [72]=Oop [80]=Oop [120]=NarrowOop }
                      ;*ifeq {reexecute=1 rethrow=0 return_oop=0}
                      ; - (reexecute) jdk.internal.loader.URLClassPath$JarLoader$2::getBytes@30 (line 865)
                      ; - java.net.URLClassLoader::defineClass@179 (line 519)
  0x0000015908664654: a8ff e3fe 

  0x0000015908664658: ;   {other}
  0x0000015908664658: 0f1f 8400 | 4824 0037 | ba45 ffff | ff4c 8b54 | 2430 4c89 | 5424 284c | 8b54 2448 | 4c89 5424 
  0x0000015908664678: 304c 8944 | 2448 6690 

  0x0000015908664680: ;   {runtime_call UncommonTrapBlob}
  0x0000015908664680: c5f8 77e8 

  0x0000015908664684: ; ImmutableOopMap {rbp=NarrowOop [32]=Oop [40]=Oop [72]=Oop [88]=Oop [120]=NarrowOop }
                      ;*ifnull {reexecute=1 rethrow=0 return_oop=0}
                      ; - (reexecute) java.util.jar.JarFile::maybeInstantiateVerifier@4 (line 713)
                      ; - java.util.jar.JarFile$JarFileEntry::getCodeSigners@4 (line 670)
                      ; - jdk.internal.loader.URLClassPath$JarLoader$2::getCodeSigners@4 (line 858)
                      ; - java.net.URLClassLoader::defineClass@185 (line 521)
  0x0000015908664684: 78ff e3fe 

  0x0000015908664688: ;   {other}
  0x0000015908664688: 0f1f 8400 | 7824 0038 | ba45 ffff | ff4c 8b54 | 2430 4c89 | 5424 284c | 8b54 2448 | 4c89 5424 
  0x00000159086646a8: 304c 8944 | 2448 6690 

  0x00000159086646b0: ;   {runtime_call UncommonTrapBlob}
  0x00000159086646b0: c5f8 77e8 

  0x00000159086646b4: ; ImmutableOopMap {rbp=NarrowOop [32]=Oop [40]=Oop [72]=Oop [88]=Oop [120]=NarrowOop }
                      ;*ifnull {reexecute=1 rethrow=0 return_oop=0}
                      ; - (reexecute) java.util.jar.JarFile$JarFileEntry::getCodeSigners@34 (line 674)
                      ; - jdk.internal.loader.URLClassPath$JarLoader$2::getCodeSigners@4 (line 858)
                      ; - java.net.URLClassLoader::defineClass@185 (line 521)
  0x00000159086646b4: 48ff e3fe 

  0x00000159086646b8: ;   {other}
  0x00000159086646b8: 0f1f 8400 | a824 0039 | 498b d7c5 | f877 49ba | 206b e376 | fe7f 0000 

  0x00000159086646d0: ;   {other}
  0x00000159086646d0: 41ff d20f | 1f84 0000 | 0000 00e9 | 0ae2 ffff | baf6 ffff | ff49 8bee | 4c8b 5c24 | 304c 895c 
  0x00000159086646f0: 2420 4c8b | 5c24 404c | 895c 2428 | 4c8b 5c24 | 484c 895c | 2430 4c8b | 5c24 504c | 895c 2448 
  0x0000015908664710: 4c89 4c24 | 504c 8954 | 2458 6690 

  0x000001590866471c: ;   {runtime_call UncommonTrapBlob}
  0x000001590866471c: c5f8 77e8 

  0x0000015908664720: ; ImmutableOopMap {rbp=Oop [32]=Oop [40]=Oop [72]=Oop [80]=Oop [88]=Oop [120]=NarrowOop }
                      ;*invokevirtual compute {reexecute=0 rethrow=0 return_oop=0}
                      ; - java.lang.ClassLoader::definePackage@78 (line 2129)
                      ; - java.lang.ClassLoader::getDefinedPackage@32 (line 2267)
                      ; - java.net.URLClassLoader::getAndVerifyPackage@2 (line 457)
                      ; - java.net.URLClassLoader::defineClass@46 (line 492)
  0x0000015908664720: dcfe e3fe 

  0x0000015908664724: ;   {other}
  0x0000015908664724: 0f1f 8400 | 1425 003a | 33ed 4585 | d240 0f95 | c5ba 45ff | ffff 4c8b | 5424 304c | 8954 2428 
  0x0000015908664744: 4c8b 5424 | 404c 8954 | 2430 4c8b | 5424 484c | 8954 2438 | 4c89 7424 | 584c 894c | 2460 4889 
  0x0000015908664764: 4424 7090 

  0x0000015908664768: ;   {runtime_call UncommonTrapBlob}
  0x0000015908664768: c5f8 77e8 

  0x000001590866476c: ; ImmutableOopMap {[40]=Oop [48]=Oop [80]=Oop [88]=Oop [96]=Oop [112]=Oop [120]=NarrowOop }
                      ;*ifne {reexecute=1 rethrow=0 return_oop=0}
                      ; - (reexecute) java.lang.Package::isSealed@7 (line 235)
                      ; - java.net.URLClassLoader::getAndVerifyPackage@14 (line 460)
                      ; - java.net.URLClassLoader::defineClass@46 (line 492)
  0x000001590866476c: 90fe e3fe 

  0x0000015908664770: ;   {other}
  0x0000015908664770: 0f1f 8400 | 6025 003b | ba45 ffff | ff4c 8b54 | 2430 4c89 | 5424 284c | 8b54 2440 | 4c89 5424 
  0x0000015908664790: 304c 8b54 | 2448 4c89 | 5424 384c | 8974 2458 | 4c89 4c24 | 6044 8b5c | 2478 4489 | 5c24 444c 
  0x00000159086647b0: 8974 2470 | 4c89 4c24 | 7844 89ac | 2480 0000 | 0066 6690 

  0x00000159086647c4: ;   {runtime_call UncommonTrapBlob}
  0x00000159086647c4: c5f8 77e8 

  0x00000159086647c8: ; ImmutableOopMap {[40]=Oop [48]=Oop [68]=NarrowOop [80]=Oop [88]=Oop [96]=Oop [112]=Oop [120]=Oop [128]=NarrowOop }
                      ;*ifle {reexecute=1 rethrow=0 return_oop=0}
                      ; - (reexecute) java.util.concurrent.ConcurrentHashMap::get@23 (line 937)
                      ; - java.lang.ClassLoader::definePackage@47 (line 2125)
                      ; - java.lang.ClassLoader::getDefinedPackage@32 (line 2267)
                      ; - java.net.URLClassLoader::getAndVerifyPackage@2 (line 457)
                      ; - java.net.URLClassLoader::defineClass@46 (line 492)
  0x00000159086647c8: 34fe e3fe 

  0x00000159086647cc: ;   {other}
  0x00000159086647cc: 0f1f 8400 | bc25 003c | ba45 ffff | ff4c 8b54 | 2430 4c89 | 5424 284c | 8b54 2440 | 4c89 5424 
  0x00000159086647ec: 304c 8b54 | 2448 4c89 | 5424 384c | 8974 2458 | 4c89 4c24 | 6048 8944 | 2470 6690 

  0x0000015908664808: ;   {runtime_call UncommonTrapBlob}
  0x0000015908664808: c5f8 77e8 

  0x000001590866480c: ; ImmutableOopMap {rbp=NarrowOop [40]=Oop [48]=Oop [80]=Oop [88]=Oop [96]=Oop [112]=Oop [120]=NarrowOop }
                      ;*ifnull {reexecute=1 rethrow=0 return_oop=0}
                      ; - (reexecute) java.lang.Package::isSealed@17 (line 235)
                      ; - java.net.URLClassLoader::getAndVerifyPackage@14 (line 460)
                      ; - java.net.URLClassLoader::defineClass@46 (line 492)
  0x000001590866480c: f0fd e3fe 

  0x0000015908664810: ;   {other}
  0x0000015908664810: 0f1f 8400 | 0026 003d | ba45 ffff | ff4c 8b54 | 2430 4c89 | 5424 284c | 8b54 2440 | 4c89 5424 
  0x0000015908664830: 304c 8b54 | 2448 4c89 | 5424 3889 | 4424 4490 

  0x0000015908664840: ;   {runtime_call UncommonTrapBlob}
  0x0000015908664840: c5f8 77e8 

  0x0000015908664844: ; ImmutableOopMap {rbp=Oop [32]=Oop [40]=Oop [48]=Oop [80]=Oop [120]=NarrowOop }
                      ;*ifeq {reexecute=1 rethrow=0 return_oop=0}
                      ; - (reexecute) java.net.URLClassLoader::getAndVerifyPackage@71 (line 469)
                      ; - java.net.URLClassLoader::defineClass@46 (line 492)
  0x0000015908664844: b8fd e3fe 

  0x0000015908664848: ;   {other}
  0x0000015908664848: 0f1f 8400 | 3826 003e | 4d63 dae9 | bded ffff | 4983 c3fe | 498b cb48 | 8bfa 4833 | c048 83f9 
  0x0000015908664868: 087f 1048 | ffc9 784f | 4889 04cf | 48ff c97d | f7eb 44c5 | fdef c0e9 | 0d00 0000 | c5fe 7f07 
  0x0000015908664888: c5fe 7f47 | 2048 83c7 | 4048 83e9 | 087d ed48 | 83c1 047c | 0cc5 fe7f | 0748 83c7 | 2048 83e9 
  0x00000159086648a8: 0448 83c1 | 047e 1048 | ffc9 c5f9 | d607 4883 | c708 48ff | c97d f3e9 | 10ee ffff | bacc ffff 
  0x00000159086648c8: ff44 8954 | 2420 4c8b | 5424 384c | 8954 2428 | 4c8b 5424 | 404c 8954 | 2438 4c8b | 5424 484c 
  0x00000159086648e8: 8954 2440 | 4889 5c24 | 5044 8944 | 2458 6690 

  0x00000159086648f8: ;   {runtime_call UncommonTrapBlob}
  0x00000159086648f8: c5f8 77e8 

  0x00000159086648fc: ; ImmutableOopMap {[40]=Oop [48]=Oop [56]=Oop [80]=Oop [88]=NarrowOop [120]=NarrowOop }
                      ;*newarray {reexecute=1 rethrow=0 return_oop=0}
                      ; - (reexecute) java.util.Arrays::copyOfRangeByte@10 (line 3863)
                      ; - java.util.Arrays::copyOfRange@13 (line 3854)
                      ; - java.lang.StringLatin1::newString@16 (line 756)
                      ; - java.lang.String::substring@41 (line 2828)
                      ; - java.net.URLClassLoader::defineClass@28 (line 489)
  0x00000159086648fc: 00fd e3fe 

  0x0000015908664900: ;   {other}
  0x0000015908664900: 0f1f 8400 | f026 003f | ba45 ffff | ff4c 8b5c | 2430 4c89 | 5c24 284c | 8b5c 2440 | 4c89 5c24 
  0x0000015908664920: 304c 8b5c | 2448 4c89 | 5c24 384c | 8974 2458 | 4c89 4c24 | 6044 8b44 | 2478 4489 | 4424 444c 
  0x0000015908664940: 8974 2470 | 4c89 4c24 | 7844 89ac | 2488 0000 | 0044 8994 | 248c 0000 | 0089 9c24 | 9000 0000 
  0x0000015908664960: ;   {runtime_call UncommonTrapBlob}
  0x0000015908664960: c5f8 77e8 

  0x0000015908664964: ; ImmutableOopMap {[40]=Oop [48]=Oop [68]=NarrowOop [80]=Oop [88]=Oop [96]=Oop [112]=Oop [120]=Oop [136]=NarrowOop }
                      ;*if_icmpne {reexecute=1 rethrow=0 return_oop=0}
                      ; - (reexecute) java.lang.String::equals@33 (line 1850)
                      ; - java.util.concurrent.ConcurrentHashMap::get@73 (line 940)
                      ; - java.lang.ClassLoader::getDefinedPackage@13 (line 2263)
                      ; - java.net.URLClassLoader::getAndVerifyPackage@2 (line 457)
                      ; - java.net.URLClassLoader::defineClass@46 (line 492)
  0x0000015908664964: 98fc e3fe 

  0x0000015908664968: ;   {other}
  0x0000015908664968: 0f1f 8400 | 5827 0040 | ba45 ffff | ff4c 8b5c | 2430 4c89 | 5c24 284c | 8b5c 2440 | 4c89 5c24 
  0x0000015908664988: 304c 8b5c | 2448 4c89 | 5c24 384c | 8974 2458 | 4c89 4c24 | 6044 8b44 | 2478 4489 | 4424 444c 
  0x00000159086649a8: 8974 2470 | 4c89 4c24 | 7848 899c | 2488 0000 | 0044 8994 | 2490 0000 | 0066 6690 

  0x00000159086649c4: ;   {runtime_call UncommonTrapBlob}
  0x00000159086649c4: c5f8 77e8 

  0x00000159086649c8: ; ImmutableOopMap {rbp=NarrowOop [40]=Oop [48]=Oop [68]=NarrowOop [80]=Oop [88]=Oop [96]=Oop [112]=Oop [120]=Oop [136]=Oop }
                      ;*ifnull {reexecute=1 rethrow=0 return_oop=0}
                      ; - (reexecute) java.util.concurrent.ConcurrentHashMap::get@143 (line 946)
                      ; - java.lang.ClassLoader::getDefinedPackage@13 (line 2263)
                      ; - java.net.URLClassLoader::getAndVerifyPackage@2 (line 457)
                      ; - java.net.URLClassLoader::defineClass@46 (line 492)
  0x00000159086649c8: 34fc e3fe 

  0x00000159086649cc: ;   {other}
  0x00000159086649cc: 0f1f 8400 | bc27 0041 | ba45 ffff | ff4c 8b5c | 2430 4c89 | 5c24 284c | 8b5c 2440 | 4c89 5c24 
  0x00000159086649ec: 304c 8b5c | 2448 4c89 | 5c24 388b | 4c24 784c | 8974 2458 | 4c89 4c24 | 6089 4c24 | 444c 8974 
  0x0000015908664a0c: 2470 4c89 | 4c24 7844 | 89ac 2480 | 0000 0044 | 8984 2484 | 0000 0044 | 8994 2490 | 0000 0089 
  0x0000015908664a2c: 8424 9400 | 0000 6690 

  0x0000015908664a34: ;   {runtime_call UncommonTrapBlob}
  0x0000015908664a34: c5f8 77e8 

  0x0000015908664a38: ; ImmutableOopMap {[40]=Oop [48]=Oop [68]=NarrowOop [80]=Oop [88]=Oop [96]=Oop [112]=Oop [120]=Oop [128]=NarrowOop [132]=NarrowOop }
                      ;*if_icmpne {reexecute=1 rethrow=0 return_oop=0}
                      ; - (reexecute) java.lang.String::equals@33 (line 1850)
                      ; - java.util.concurrent.ConcurrentHashMap::get@73 (line 940)
                      ; - java.lang.ClassLoader::definePackage@47 (line 2125)
                      ; - java.lang.ClassLoader::getDefinedPackage@32 (line 2267)
                      ; - java.net.URLClassLoader::getAndVerifyPackage@2 (line 457)
                      ; - java.net.URLClassLoader::defineClass@46 (line 492)
  0x0000015908664a38: c4fb e3fe 

  0x0000015908664a3c: ;   {other}
  0x0000015908664a3c: 0f1f 8400 | 2c28 0042 | 4c8b 5424 | 204c 8954 | 2430 4c8b | 7424 284c | 8b54 2438 | 4c89 5424 
  0x0000015908664a5c: 4044 8b5c | 2450 4489 | 5c24 784c | 8b4c 2458 | 4c8b 5424 | 604c 8954 | 2450 e9e8 | f5ff ffba 
  0x0000015908664a7c: 45ff ffff | 4c8b 5c24 | 304c 895c | 2428 4c8b | 5c24 404c | 895c 2430 | 4c8b 5c24 | 484c 895c 
  0x0000015908664a9c: 2438 4c89 | 7424 584c | 894c 2460 | 448b 4424 | 7844 8944 | 2444 4c89 | 7424 704c | 894c 2478 
  0x0000015908664abc: 4489 ac24 | 8000 0000 | 4889 bc24 | 9000 0000 | 4489 9424 | 8400 0000 

  0x0000015908664ad4: ;   {runtime_call UncommonTrapBlob}
  0x0000015908664ad4: c5f8 77e8 

  0x0000015908664ad8: ; ImmutableOopMap {rbp=NarrowOop [40]=Oop [48]=Oop [68]=NarrowOop [80]=Oop [88]=Oop [96]=Oop [112]=Oop [120]=Oop [128]=NarrowOop [144]=Oop }
                      ;*ifnull {reexecute=1 rethrow=0 return_oop=0}
                      ; - (reexecute) java.util.concurrent.ConcurrentHashMap::get@143 (line 946)
                      ; - java.lang.ClassLoader::definePackage@47 (line 2125)
                      ; - java.lang.ClassLoader::getDefinedPackage@32 (line 2267)
                      ; - java.net.URLClassLoader::getAndVerifyPackage@2 (line 457)
                      ; - java.net.URLClassLoader::defineClass@46 (line 492)
  0x0000015908664ad8: 24fb e3fe 

  0x0000015908664adc: ;   {other}
  0x0000015908664adc: 0f1f 8400 | cc28 0043 | 4c8b 5424 | 204c 8954 | 2430 4c8b | 7424 284c | 8b54 2438 | 4c89 5424 
  0x0000015908664afc: 4044 8b54 | 2450 4489 | 5424 784c | 8b5c 2458 | 4c8b 4c24 | 604c 8b54 | 2468 4c89 | 5424 5044 
  0x0000015908664b1c: 8b6c 2470 | e99c e1ff | ffba 45ff | ffff 4c8b | 5424 3849 | 8bea 4c8b | 5424 584c | 8954 2428 
  0x0000015908664b3c: 4c8b 5424 | 484c 8954 | 2430 448b | 5424 5044 | 8954 2438 | 448b 5c24 | 5445 8bd3 | 4489 5424 
  0x0000015908664b5c: 5048 8944 | 2458 6690 

  0x0000015908664b64: ;   {runtime_call UncommonTrapBlob}
  0x0000015908664b64: c5f8 77e8 

  0x0000015908664b68: ; ImmutableOopMap {rbp=Oop [32]=Oop [40]=Oop [56]=NarrowOop [80]=NarrowOop [84]=NarrowOop [88]=Oop [128]=Oop }
                      ;*ifnull {reexecute=1 rethrow=0 return_oop=0}
                      ; - (reexecute) java.util.jar.JarFile::maybeInstantiateVerifier@27 (line 723)
                      ; - java.util.jar.JarFile::ensureInitialization@1 (line 1064)
                      ; - java.util.jar.JavaUtilJarAccessImpl::ensureInitialization@1 (line 42)
                      ; - jdk.internal.loader.URLClassPath$JarLoader$2::getManifest@10 (line 852)
                      ; - java.net.URLClassLoader::defineClass@34 (line 491)
  0x0000015908664b68: 94fa e3fe 

  0x0000015908664b6c: ;   {other}
  0x0000015908664b6c: 0f1f 8400 | 5c29 0044 | ba45 ffff | ff4c 8b54 | 2438 4c89 | 5424 284c | 8b54 2458 | 4c89 5424 
  0x0000015908664b8c: 304c 8b54 | 2448 4c89 | 5424 3844 | 8b44 2450 | 4489 4424 | 4044 895c | 2458 6690 

  0x0000015908664ba8: ;   {runtime_call UncommonTrapBlob}
  0x0000015908664ba8: c5f8 77e8 

  0x0000015908664bac: ; ImmutableOopMap {rbp=NarrowOop [32]=Oop [40]=Oop [48]=Oop [64]=NarrowOop [88]=NarrowOop [128]=Oop }
                      ;*ifnull {reexecute=1 rethrow=0 return_oop=0}
                      ; - (reexecute) java.util.jar.JarFile::ensureInitialization@21 (line 1068)
                      ; - java.util.jar.JavaUtilJarAccessImpl::ensureInitialization@1 (line 42)
                      ; - jdk.internal.loader.URLClassPath$JarLoader$2::getManifest@10 (line 852)
                      ; - java.net.URLClassLoader::defineClass@34 (line 491)
  0x0000015908664bac: 50fa e3fe 

  0x0000015908664bb0: ;   {other}
  0x0000015908664bb0: 0f1f 8400 | a029 0045 | ba45 ffff | ff48 8b6c | 2420 4c8b | 5424 304c | 8954 2420 | 4c8b 5424 
  0x0000015908664bd0: 484c 8954 | 2428 448b | 5c24 4044 | 895c 2434 | 4889 4424 | 4066 6690 

  0x0000015908664be8: ;   {runtime_call UncommonTrapBlob}
  0x0000015908664be8: c5f8 77e8 

  0x0000015908664bec: ; ImmutableOopMap {rbp=Oop [32]=Oop [52]=NarrowOop [56]=Oop [64]=Oop [88]=Oop [120]=NarrowOop }
                      ;*ifnull {reexecute=1 rethrow=0 return_oop=0}
                      ; - (reexecute) java.util.jar.JarFile::maybeInstantiateVerifier@27 (line 723)
                      ; - java.util.jar.JarFile$JarFileEntry::getCodeSigners@4 (line 670)
                      ; - jdk.internal.loader.URLClassPath$JarLoader$2::getCodeSigners@4 (line 858)
                      ; - java.net.URLClassLoader::defineClass@185 (line 521)
  0x0000015908664bec: 10fa e3fe 

  0x0000015908664bf0: ;   {other}
  0x0000015908664bf0: 0f1f 8400 | e029 0046 | bac6 ffff | ff48 8b6c | 2438 4c8b | 5424 304c | 8954 2420 | 4c8b 5424 
  0x0000015908664c10: 484c 8954 | 2430 6690 

  0x0000015908664c18: ;   {runtime_call UncommonTrapBlob}
  0x0000015908664c18: c5f8 77e8 

  0x0000015908664c1c: ; ImmutableOopMap {rbp=Oop [32]=Oop [64]=Oop [120]=NarrowOop [128]=Oop }
                      ;*invokevirtual getManifest {reexecute=0 rethrow=0 return_oop=0}
                      ; - java.net.URLClassLoader::defineClass@34 (line 491)
  0x0000015908664c1c: e0f9 e3fe 

  0x0000015908664c20: ;   {other}
  0x0000015908664c20: 0f1f 8400 | 102a 0047 | bac6 ffff | ff41 8bea | 4c8b 5424 | 384c 8954 | 2420 4c8b | 5424 304c 
  0x0000015908664c40: 8954 2428 

  0x0000015908664c44: ;   {runtime_call UncommonTrapBlob}
  0x0000015908664c44: c5f8 77e8 

  0x0000015908664c48: ; ImmutableOopMap {[32]=Oop [40]=Oop [64]=Oop }
                      ;*invokevirtual getCodeSourceURL {reexecute=0 rethrow=0 return_oop=0}
                      ; - java.net.URLClassLoader::defineClass@13 (line 487)
  0x0000015908664c48: b4f9 e3fe 

  0x0000015908664c4c: ;   {other}
  0x0000015908664c4c: 0f1f 8400 | 3c2a 0048 | bac6 ffff | ff4c 8b5c | 2430 4c89 | 5c24 204c | 8b5c 2440 | 4c89 5c24 
  0x0000015908664c6c: 284c 8b5c | 2448 4c89 | 5c24 304c | 8974 2458 | 4c89 4c24 | 6044 8b44 | 2478 4489 | 4424 3c4c 
  0x0000015908664c8c: 8974 2468 | 4c89 4c24 | 7044 896c | 2478 4489 | 5424 7c90 

  0x0000015908664ca0: ;   {runtime_call UncommonTrapBlob}
  0x0000015908664ca0: c5f8 77e8 

  0x0000015908664ca4: ; ImmutableOopMap {[32]=Oop [40]=Oop [60]=NarrowOop [80]=Oop [88]=Oop [96]=Oop [104]=Oop [112]=Oop [120]=NarrowOop }
                      ;*invokevirtual find {reexecute=0 rethrow=0 return_oop=0}
                      ; - java.util.concurrent.ConcurrentHashMap::get@93 (line 944)
                      ; - java.lang.ClassLoader::getDefinedPackage@13 (line 2263)
                      ; - java.net.URLClassLoader::getAndVerifyPackage@2 (line 457)
                      ; - java.net.URLClassLoader::defineClass@46 (line 492)
  0x0000015908664ca4: 58f9 e3fe 

  0x0000015908664ca8: ;   {other}
  0x0000015908664ca8: 0f1f 8400 | 982a 0049 | bade ffff | ff4c 8b54 | 2430 4c89 | 5424 284c | 8b54 2440 | 4c89 5424 
  0x0000015908664cc8: 304c 8b54 | 2448 4c89 | 5424 3844 | 8b5c 2478 | 4c89 7424 | 584c 894c | 2460 4489 | 5c24 444c 
  0x0000015908664ce8: 8974 2470 | 4c89 4c24 | 7866 6690 

  0x0000015908664cf4: ;   {runtime_call UncommonTrapBlob}
  0x0000015908664cf4: c5f8 77e8 

  0x0000015908664cf8: ; ImmutableOopMap {rbp=NarrowOop [40]=Oop [48]=Oop [68]=NarrowOop [80]=Oop [88]=Oop [96]=Oop [112]=Oop [120]=Oop }
                      ;*checkcast {reexecute=0 rethrow=0 return_oop=0}
                      ; - java.lang.ClassLoader::getDefinedPackage@16 (line 2263)
                      ; - java.net.URLClassLoader::getAndVerifyPackage@2 (line 457)
                      ; - java.net.URLClassLoader::defineClass@46 (line 492)
  0x0000015908664cf8: 04f9 e3fe 

  0x0000015908664cfc: ;   {other}
  0x0000015908664cfc: 0f1f 8400 | ec2a 004a | bade ffff | ff48 8b6c | 2420 4c8b | 5424 304c | 8954 2428 | 4c8b 5424 
  0x0000015908664d1c: 404c 8954 | 2430 4c8b | 5424 484c | 8954 2440 | 4889 4424 | 6866 6690 

  0x0000015908664d34: ;   {runtime_call UncommonTrapBlob}
  0x0000015908664d34: c5f8 77e8 

  0x0000015908664d38: ; ImmutableOopMap {rbp=Oop [40]=Oop [48]=Oop [56]=Oop [80]=Oop [104]=Oop [120]=NarrowOop }
                      ;*checkcast {reexecute=0 rethrow=0 return_oop=0}
                      ; - java.lang.ClassLoader::definePackage@81 (line 2129)
                      ; - java.lang.ClassLoader::getDefinedPackage@32 (line 2267)
                      ; - java.net.URLClassLoader::getAndVerifyPackage@2 (line 457)
                      ; - java.net.URLClassLoader::defineClass@46 (line 492)
  0x0000015908664d38: c4f8 e3fe 

  0x0000015908664d3c: ;   {other}
  0x0000015908664d3c: 0f1f 8400 | 2c2b 004b | bade ffff | ff4c 8b54 | 2430 4c89 | 5424 284c | 8b54 2440 | 4c89 5424 
  0x0000015908664d5c: 304c 8b54 | 2448 4c89 | 5424 384c | 8974 2458 | 4c89 4c24 | 6044 8b5c | 2478 4489 | 5c24 444c 
  0x0000015908664d7c: 8974 2470 | 4c89 4c24 | 7844 89ac | 2480 0000 | 0066 6690 

  0x0000015908664d90: ;   {runtime_call UncommonTrapBlob}
  0x0000015908664d90: c5f8 77e8 

  0x0000015908664d94: ; ImmutableOopMap {rbp=NarrowOop [40]=Oop [48]=Oop [68]=NarrowOop [80]=Oop [88]=Oop [96]=Oop [112]=Oop [120]=Oop [128]=NarrowOop }
                      ;*checkcast {reexecute=0 rethrow=0 return_oop=0}
                      ; - java.lang.ClassLoader::definePackage@50 (line 2125)
                      ; - java.lang.ClassLoader::getDefinedPackage@32 (line 2267)
                      ; - java.net.URLClassLoader::getAndVerifyPackage@2 (line 457)
                      ; - java.net.URLClassLoader::defineClass@46 (line 492)
  0x0000015908664d94: 68f8 e3fe 

  0x0000015908664d98: ;   {other}
  0x0000015908664d98: 0f1f 8400 | 882b 004c | baf6 ffff | ff48 8b6c | 2438 6690 

  0x0000015908664dac: ;   {runtime_call UncommonTrapBlob}
  0x0000015908664dac: c5f8 77e8 

  0x0000015908664db0: ; ImmutableOopMap {rbp=Oop [64]=Oop }
                      ;*invokevirtual lastIndexOf {reexecute=0 rethrow=0 return_oop=0}
                      ; - java.net.URLClassLoader::defineClass@7 (line 486)
  0x0000015908664db0: 4cf8 e3fe 

  0x0000015908664db4: ;   {other}
  0x0000015908664db4: 0f1f 8400 | a42b 004d | baf6 ffff | ff48 8b6c | 2438 4c89 | 5424 2090 

  0x0000015908664dcc: ;   {runtime_call UncommonTrapBlob}
  0x0000015908664dcc: c5f8 77e8 

  0x0000015908664dd0: ; ImmutableOopMap {rbp=Oop [32]=Oop [64]=Oop }
                      ;*arraylength {reexecute=0 rethrow=0 return_oop=0}
                      ; - java.lang.String::length@4 (line 1508)
                      ; - java.lang.String::lastIndexOf@3 (line 2524)
                      ; - java.net.URLClassLoader::defineClass@7 (line 486)
  0x0000015908664dd0: 2cf8 e3fe 

  0x0000015908664dd4: ;   {other}
  0x0000015908664dd4: 0f1f 8400 | c42b 004e | baf6 ffff | ff41 8bea | 4c8b 5424 | 304c 8954 | 2428 6690 

  0x0000015908664df0: ;   {runtime_call UncommonTrapBlob}
  0x0000015908664df0: c5f8 77e8 

  0x0000015908664df4: ; ImmutableOopMap {[40]=Oop [56]=Oop }
                      ;*invokevirtual getCodeSourceURL {reexecute=0 rethrow=0 return_oop=0}
                      ; - java.net.URLClassLoader::defineClass@13 (line 487)
  0x0000015908664df4: 08f8 e3fe 

  0x0000015908664df8: ;   {other}
  0x0000015908664df8: 0f1f 8400 | e82b 004f | baf4 ffff | ff48 8b6c | 2420 4c8b | 5424 304c | 8954 2420 

  0x0000015908664e14: ;   {runtime_call UncommonTrapBlob}
  0x0000015908664e14: c5f8 77e8 

  0x0000015908664e18: ; ImmutableOopMap {rbp=Oop [32]=Oop [64]=Oop [120]=NarrowOop }
                      ;*instanceof {reexecute=0 rethrow=0 return_oop=0}
                      ; - jdk.internal.loader.Resource::getByteBuffer@6 (line 164)
                      ; - java.net.URLClassLoader::defineClass@132 (line 511)
  0x0000015908664e18: e4f7 e3fe 

  0x0000015908664e1c: ;   {other}
  0x0000015908664e1c: 0f1f 8400 | 0c2c 0050 | baf6 ffff | ff48 8b6c | 2420 4c8b | 5424 304c | 8954 2420 

  0x0000015908664e38: ;   {runtime_call UncommonTrapBlob}
  0x0000015908664e38: c5f8 77e8 

  0x0000015908664e3c: ; ImmutableOopMap {rbp=Oop [32]=Oop [56]=Oop [88]=Oop }
                      ;*invokevirtual get {reexecute=0 rethrow=0 return_oop=0}
                      ; - jdk.internal.perf.PerfCounter::get@5 (line 84)
                      ; - jdk.internal.perf.PerfCounter::add@1 (line 98)
                      ; - jdk.internal.perf.PerfCounter::addElapsedTimeFrom@6 (line 120)
                      ; - java.net.URLClassLoader::defineClass@207 (line 523)
  0x0000015908664e3c: c0f7 e3fe 

  0x0000015908664e40: ;   {other}
  0x0000015908664e40: 0f1f 8400 | 302c 0051 | baf6 ffff | ff48 8b6c | 2438 6690 

  0x0000015908664e54: ;   {runtime_call UncommonTrapBlob}
  0x0000015908664e54: c5f8 77e8 

  0x0000015908664e58: ; ImmutableOopMap {rbp=Oop [32]=Oop [48]=Oop }
                      ;*arraylength {reexecute=0 rethrow=0 return_oop=0}
                      ; - java.net.URLClassLoader::defineClass@217 (line 524)
  0x0000015908664e58: a4f7 e3fe 

  0x0000015908664e5c: ;   {other}
  0x0000015908664e5c: 0f1f 8400 | 4c2c 0052 | baf6 ffff | ff48 8b6c | 2438 4c89 | 5c24 2090 

  0x0000015908664e74: ;   {runtime_call UncommonTrapBlob}
  0x0000015908664e74: c5f8 77e8 

  0x0000015908664e78: ; ImmutableOopMap {rbp=Oop [32]=Oop [64]=Oop [120]=NarrowOop }
                      ;*arraylength {reexecute=0 rethrow=0 return_oop=0}
                      ; - java.lang.String::length@4 (line 1508)
                      ; - java.lang.String::substring@1 (line 2822)
                      ; - java.net.URLClassLoader::defineClass@28 (line 489)
  0x0000015908664e78: 84f7 e3fe 

  0x0000015908664e7c: ;   {other}
  0x0000015908664e7c: 0f1f 8400 | 6c2c 0053 | baf6 ffff | ff49 8bee | 4c8b 5424 | 304c 8954 | 2420 4c8b | 5424 404c 
  0x0000015908664e9c: 8954 2428 | 4c8b 5424 | 484c 8954 | 2430 4c8b | 5424 504c | 8954 2448 

  0x0000015908664eb4: ;   {runtime_call UncommonTrapBlob}
  0x0000015908664eb4: c5f8 77e8 

  0x0000015908664eb8: ; ImmutableOopMap {rbp=Oop [32]=Oop [40]=Oop [72]=Oop [120]=NarrowOop [128]=Oop }
                      ;*invokevirtual get {reexecute=0 rethrow=0 return_oop=0}
                      ; - java.lang.ClassLoader::getDefinedPackage@13 (line 2263)
                      ; - java.net.URLClassLoader::getAndVerifyPackage@2 (line 457)
                      ; - java.net.URLClassLoader::defineClass@46 (line 492)
  0x0000015908664eb8: 44f7 e3fe 

  0x0000015908664ebc: ;   {other}
  0x0000015908664ebc: 0f1f 8400 | ac2c 0054 | baf6 ffff | ff41 8bea | 4c8b 5424 | 384c 8954 | 2420 4c8b | 5424 304c 
  0x0000015908664edc: 8954 2428 | 4c89 5c24 | 3066 6690 

  0x0000015908664ee8: ;   {runtime_call UncommonTrapBlob}
  0x0000015908664ee8: c5f8 77e8 

  0x0000015908664eec: ; ImmutableOopMap {[32]=Oop [40]=Oop [48]=Oop }
                      ;*getfield csu {reexecute=1 rethrow=0 return_oop=0}
                      ; - (reexecute) jdk.internal.loader.URLClassPath$JarLoader$2::getCodeSourceURL@4 (line 846)
                      ; - java.net.URLClassLoader::defineClass@13 (line 487)
  0x0000015908664eec: 10f7 e3fe 

  0x0000015908664ef0: ;   {other}
  0x0000015908664ef0: 0f1f 8400 | e02c 0055 | baf6 ffff | ff48 8b6c | 2438 4c8b | 5424 304c | 8954 2420 | 4889 7c24 
  0x0000015908664f10: 2866 6690 

  0x0000015908664f14: ;   {runtime_call UncommonTrapBlob}
  0x0000015908664f14: c5f8 77e8 

  0x0000015908664f18: ; ImmutableOopMap {rbp=Oop [32]=Oop [40]=Oop [120]=NarrowOop [128]=Oop }
                      ;*getfield jar {reexecute=1 rethrow=0 return_oop=0}
                      ; - (reexecute) jdk.internal.loader.URLClassPath$JarLoader$2::getManifest@7 (line 852)
                      ; - java.net.URLClassLoader::defineClass@34 (line 491)
  0x0000015908664f18: e4f6 e3fe 

  0x0000015908664f1c: ;   {other}
  0x0000015908664f1c: 0f1f 8400 | 0c2d 0056 | baf6 ffff | ff48 8b6c | 2438 4c8b | 5424 304c | 8954 2420 | 4889 7c24 
  0x0000015908664f3c: 2866 6690 

  0x0000015908664f40: ;   {runtime_call UncommonTrapBlob}
  0x0000015908664f40: c5f8 77e8 

  0x0000015908664f44: ; ImmutableOopMap {rbp=Oop [32]=Oop [40]=Oop [120]=NarrowOop [128]=Oop }
                      ;*getfield jar {reexecute=1 rethrow=0 return_oop=0}
                      ; - (reexecute) jdk.internal.loader.URLClassPath$JarLoader$2::getManifest@19 (line 853)
                      ; - java.net.URLClassLoader::defineClass@34 (line 491)
  0x0000015908664f44: b8f6 e3fe 

  0x0000015908664f48: ;   {other}
  0x0000015908664f48: 0f1f 8400 | 382d 0057 | baf6 ffff | ff48 8b6c | 2438 4c8b | 5424 304c | 8954 2420 | 4889 7c24 
  0x0000015908664f68: 2866 6690 

  0x0000015908664f6c: ;   {runtime_call UncommonTrapBlob}
  0x0000015908664f6c: c5f8 77e8 

  0x0000015908664f70: ; ImmutableOopMap {rbp=Oop [32]=Oop [40]=Oop [120]=NarrowOop [128]=Oop }
                      ;*invokevirtual getManifest {reexecute=0 rethrow=0 return_oop=0}
                      ; - jdk.internal.loader.URLClassPath$JarLoader$2::getManifest@22 (line 853)
                      ; - java.net.URLClassLoader::defineClass@34 (line 491)
  0x0000015908664f70: 8cf6 e3fe 

  0x0000015908664f74: ;   {other}
  0x0000015908664f74: 0f1f 8400 | 642d 0058 | baf6 ffff | ff48 8b6c | 2420 4c8b | 5424 304c | 8954 2420 

  0x0000015908664f90: ;   {runtime_call UncommonTrapBlob}
  0x0000015908664f90: c5f8 77e8 

  0x0000015908664f94: ; ImmutableOopMap {rbp=Oop [32]=Oop [64]=Oop [120]=NarrowOop }
                      ;*arraylength {reexecute=0 rethrow=0 return_oop=0}
                      ; - java.util.zip.Checksum::update@4 (line 58)
                      ; - jdk.internal.loader.URLClassPath$JarLoader$2::getBytes@15 (line 864)
                      ; - java.net.URLClassLoader::defineClass@179 (line 519)
  0x0000015908664f94: 68f6 e3fe 

  0x0000015908664f98: ;   {other}
  0x0000015908664f98: 0f1f 8400 | 882d 0059 | baf6 ffff | ff48 8b6c | 2420 4c8b | 5424 304c | 8954 2420 

  0x0000015908664fb4: ;   {runtime_call UncommonTrapBlob}
  0x0000015908664fb4: c5f8 77e8 

  0x0000015908664fb8: ; ImmutableOopMap {rbp=Oop [32]=Oop [64]=Oop [120]=NarrowOop }
                      ;*invokevirtual getCrc {reexecute=0 rethrow=0 return_oop=0}
                      ; - jdk.internal.loader.URLClassPath$JarLoader$2::getBytes@26 (line 865)
                      ; - java.net.URLClassLoader::defineClass@179 (line 519)
  0x0000015908664fb8: 44f6 e3fe 

  0x0000015908664fbc: ;   {other}
  0x0000015908664fbc: 0f1f 8400 | ac2d 005a | baf6 ffff | ff48 8b6c | 2420 4c8b | 5424 304c | 8954 2420 

  0x0000015908664fd8: ;   {runtime_call UncommonTrapBlob}
  0x0000015908664fd8: c5f8 77e8 

  0x0000015908664fdc: ; ImmutableOopMap {rbp=Oop [32]=Oop [88]=Oop [120]=NarrowOop }
                      ;*invokevirtual getCodeSigners {reexecute=0 rethrow=0 return_oop=0}
                      ; - jdk.internal.loader.URLClassPath$JarLoader$2::getCodeSigners@4 (line 858)
                      ; - java.net.URLClassLoader::defineClass@185 (line 521)
  0x0000015908664fdc: 20f6 e3fe 

  0x0000015908664fe0: ;   {other}
  0x0000015908664fe0: 0f1f 8400 | d02d 005b | baf6 ffff | ff48 8b6c | 2420 4c8b | 5424 304c | 8954 2420 | 4c89 4424 
  0x0000015908665000: 4066 6690 

  0x0000015908665004: ;   {runtime_call UncommonTrapBlob}
  0x0000015908665004: c5f8 77e8 

  0x0000015908665008: ; ImmutableOopMap {rbp=Oop [32]=Oop [64]=Oop [88]=Oop [120]=NarrowOop }
                      ;*invokevirtual maybeInstantiateVerifier {reexecute=0 rethrow=0 return_oop=0}
                      ; - java.util.jar.JarFile$JarFileEntry::getCodeSigners@4 (line 670)
                      ; - jdk.internal.loader.URLClassPath$JarLoader$2::getCodeSigners@4 (line 858)
                      ; - java.net.URLClassLoader::defineClass@185 (line 521)
  0x0000015908665008: f4f5 e3fe 

  0x000001590866500c: ;   {other}
  0x000001590866500c: 0f1f 8400 | fc2d 005c | baf6 ffff | ff48 8b6c | 2420 4c8b | 5424 304c | 8954 2420 | 4c89 4424 
  0x000001590866502c: 4066 6690 

  0x0000015908665030: ;   {runtime_call UncommonTrapBlob}
  0x0000015908665030: c5f8 77e8 

  0x0000015908665034: ; ImmutableOopMap {rbp=Oop [32]=Oop [64]=Oop [88]=Oop [120]=NarrowOop }
                      ;*getfield jv {reexecute=1 rethrow=0 return_oop=0}
                      ; - (reexecute) java.util.jar.JarFile$JarFileEntry::getCodeSigners@31 (line 674)
                      ; - jdk.internal.loader.URLClassPath$JarLoader$2::getCodeSigners@4 (line 858)
                      ; - java.net.URLClassLoader::defineClass@185 (line 521)
  0x0000015908665034: c8f5 e3fe 

  0x0000015908665038: ;   {other}
  0x0000015908665038: 0f1f 8400 | 282e 005d | baf6 ffff | ff49 8bee | 4c8b 5424 | 304c 8954 | 2420 4c8b | 5424 404c 
  0x0000015908665058: 8954 2428 | 4c8b 5424 | 484c 8954 | 2430 4c89 | 4c24 4090 

  0x000001590866506c: ;   {runtime_call UncommonTrapBlob}
  0x000001590866506c: c5f8 77e8 

  0x0000015908665070: ; ImmutableOopMap {rbp=Oop [32]=Oop [40]=Oop [64]=Oop [80]=Oop [120]=NarrowOop }
                      ;*arraylength {reexecute=0 rethrow=0 return_oop=0}
                      ; - java.lang.String::isEmpty@4 (line 1521)
                      ; - java.lang.ClassLoader::definePackage@1 (line 2120)
                      ; - java.lang.ClassLoader::getDefinedPackage@32 (line 2267)
                      ; - java.net.URLClassLoader::getAndVerifyPackage@2 (line 457)
                      ; - java.net.URLClassLoader::defineClass@46 (line 492)
  0x0000015908665070: 8cf5 e3fe 

  0x0000015908665074: ;   {other}
  0x0000015908665074: 0f1f 8400 | 642e 005e | baf6 ffff | ff49 8bee | 4c8b 5424 | 304c 8954 | 2420 4c8b | 5424 404c 
  0x0000015908665094: 8954 2428 | 4c8b 5424 | 484c 8954 | 2430 4c8b | 5424 504c | 8954 2448 | 4c89 4c24 | 5066 6690 
  0x00000159086650b4: ;   {runtime_call UncommonTrapBlob}
  0x00000159086650b4: c5f8 77e8 

  0x00000159086650b8: ; ImmutableOopMap {rbp=Oop [32]=Oop [40]=Oop [72]=Oop [80]=Oop [120]=NarrowOop }
                      ;*invokevirtual get {reexecute=0 rethrow=0 return_oop=0}
                      ; - java.lang.ClassLoader::definePackage@47 (line 2125)
                      ; - java.lang.ClassLoader::getDefinedPackage@32 (line 2267)
                      ; - java.net.URLClassLoader::getAndVerifyPackage@2 (line 457)
                      ; - java.net.URLClassLoader::defineClass@46 (line 492)
  0x00000159086650b8: 44f5 e3fe 

  0x00000159086650bc: ;   {other}
  0x00000159086650bc: 0f1f 8400 | ac2e 005f | baf6 ffff | ff49 8bee | 4c8b 5424 | 304c 8954 | 2420 4c8b | 5424 404c 
  0x00000159086650dc: 8954 2428 | 4c8b 5424 | 484c 8954 | 2430 4c89 | 4c24 4090 

  0x00000159086650f0: ;   {runtime_call UncommonTrapBlob}
  0x00000159086650f0: c5f8 77e8 

  0x00000159086650f4: ; ImmutableOopMap {rbp=Oop [32]=Oop [40]=Oop [64]=Oop [80]=Oop [120]=NarrowOop }
                      ;*invokevirtual isNamed {reexecute=0 rethrow=0 return_oop=0}
                      ; - java.lang.Package::isSealed@4 (line 235)
                      ; - java.net.URLClassLoader::getAndVerifyPackage@14 (line 460)
                      ; - java.net.URLClassLoader::defineClass@46 (line 492)
  0x00000159086650f4: 08f5 e3fe 

  0x00000159086650f8: ;   {other}
  0x00000159086650f8: 0f1f 8400 | e82e 0060 | baf6 ffff | ff49 8bee | 4c8b 5424 | 304c 8954 | 2420 4c8b | 5424 404c 
  0x0000015908665118: 8954 2428 | 4c8b 5424 | 484c 8954 | 2430 4c89 | 4c24 4090 

  0x000001590866512c: ;   {runtime_call UncommonTrapBlob}
  0x000001590866512c: c5f8 77e8 

  0x0000015908665130: ; ImmutableOopMap {rbp=Oop [32]=Oop [40]=Oop [64]=Oop [80]=Oop [120]=NarrowOop }
                      ;*getfield sealBase {reexecute=1 rethrow=0 return_oop=0}
                      ; - (reexecute) java.lang.Package::isSealed@14 (line 235)
                      ; - java.net.URLClassLoader::getAndVerifyPackage@14 (line 460)
                      ; - java.net.URLClassLoader::defineClass@46 (line 492)
  0x0000015908665130: ccf4 e3fe 

  0x0000015908665134: ;   {other}
  0x0000015908665134: 0f1f 8400 | 242f 0061 | ba45 ffff | ff48 8b6c | 2438 4c8b | 5424 304c | 8954 2420 | 4c8b 5424 
  0x0000015908665154: 404c 8954 | 2428 4c8b | 5424 484c | 8954 2430 | 448b 5424 | 7844 8954 | 2444 6690 

  0x0000015908665170: ;   {runtime_call UncommonTrapBlob}
  0x0000015908665170: c5f8 77e8 

  0x0000015908665174: ; ImmutableOopMap {rbp=Oop [32]=Oop [40]=Oop [68]=NarrowOop [80]=Oop [128]=Oop }
                      ;*ifnonnull {reexecute=1 rethrow=0 return_oop=0}
                      ; - (reexecute) java.util.Objects::requireNonNull@1 (line 258)
                      ; - java.lang.ClassLoader::getDefinedPackage@4 (line 2261)
                      ; - java.net.URLClassLoader::getAndVerifyPackage@2 (line 457)
                      ; - java.net.URLClassLoader::defineClass@46 (line 492)
  0x0000015908665174: 88f4 e3fe 

  0x0000015908665178: ;   {other}
  0x0000015908665178: 0f1f 8400 | 682f 0062 | ba45 ffff | ff48 8b6c | 2438 4c8b | 5424 304c | 8954 2420 | 4c8b 5424 
  0x0000015908665198: 484c 8954 | 2430 4889 | 7c24 4844 | 8944 2450 

  0x00000159086651a8: ;   {runtime_call UncommonTrapBlob}
  0x00000159086651a8: c5f8 77e8 

  0x00000159086651ac: ; ImmutableOopMap {rbp=Oop [32]=Oop [72]=Oop [80]=NarrowOop [120]=NarrowOop [128]=Oop }
                      ;*ifnonnull {reexecute=1 rethrow=0 return_oop=0}
                      ; - (reexecute) jdk.internal.access.SharedSecrets::javaUtilJarAccess@5 (line 139)
                      ; - jdk.internal.loader.URLClassPath$JarLoader$2::getManifest@0 (line 852)
                      ; - java.net.URLClassLoader::defineClass@34 (line 491)
  0x00000159086651ac: 50f4 e3fe 

  0x00000159086651b0: ;   {other}
  0x00000159086651b0: 0f1f 8400 | a02f 0063 | baf4 ffff | ff48 8b6c | 2420 4c8b | 5424 304c | 8954 2428 | 4c8b 5424 
  0x00000159086651d0: 404c 8954 | 2430 4c8b | 5424 484c | 8954 2440 

  0x00000159086651e0: ;   {runtime_call UncommonTrapBlob}
  0x00000159086651e0: c5f8 77e8 

  0x00000159086651e4: ; ImmutableOopMap {rbp=Oop [40]=Oop [48]=Oop [56]=Oop [80]=Oop [120]=NarrowOop }
                      ;*checkcast {reexecute=0 rethrow=0 return_oop=0}
                      ; - java.lang.ClassLoader::definePackage@81 (line 2129)
                      ; - java.lang.ClassLoader::getDefinedPackage@32 (line 2267)
                      ; - java.net.URLClassLoader::getAndVerifyPackage@2 (line 457)
                      ; - java.net.URLClassLoader::defineClass@46 (line 492)
  0x00000159086651e4: 18f4 e3fe 

  0x00000159086651e8: ;   {other}
  0x00000159086651e8: 0f1f 8400 | d82f 0064 | ba45 ffff | ff4c 8b5c | 2430 4c89 | 5c24 284c | 8b5c 2440 | 4c89 5c24 
  0x0000015908665208: 304c 8b5c | 2448 4c89 | 5c24 3844 | 8b44 2478 | 4c89 7424 | 584c 894c | 2460 4489 | 4424 444c 
  0x0000015908665228: 8974 2470 | 4c89 4c24 | 7844 89ac | 2488 0000 | 0044 8994 | 248c 0000 | 0066 6690 

  0x0000015908665244: ;   {runtime_call UncommonTrapBlob}
  0x0000015908665244: c5f8 77e8 

  0x0000015908665248: ; ImmutableOopMap {rbp=NarrowOop [40]=Oop [48]=Oop [68]=NarrowOop [80]=Oop [88]=Oop [96]=Oop [112]=Oop [120]=Oop [136]=NarrowOop }
                      ;*ifnull {reexecute=1 rethrow=0 return_oop=0}
                      ; - (reexecute) java.util.concurrent.ConcurrentHashMap::get@67 (line 940)
                      ; - java.lang.ClassLoader::getDefinedPackage@13 (line 2263)
                      ; - java.net.URLClassLoader::getAndVerifyPackage@2 (line 457)
                      ; - java.net.URLClassLoader::defineClass@46 (line 492)
  0x0000015908665248: b4f3 e3fe 

  0x000001590866524c: ;   {other}
  0x000001590866524c: 0f1f 8400 | 3c30 0065 | ba45 ffff | ff4c 8b5c | 2430 4c89 | 5c24 284c | 8b5c 2440 | 4c89 5c24 
  0x000001590866526c: 304c 8b5c | 2448 4c89 | 5c24 384c | 8974 2458 | 4c89 4c24 | 608b 4c24 | 7889 4c24 | 444c 8974 
  0x000001590866528c: 2470 4c89 | 4c24 7844 | 89ac 2480 | 0000 0044 | 8984 2484 | 0000 0044 | 8994 2490 | 0000 0090 
  0x00000159086652ac: ;   {runtime_call UncommonTrapBlob}
  0x00000159086652ac: c5f8 77e8 

  0x00000159086652b0: ; ImmutableOopMap {rbp=NarrowOop [40]=Oop [48]=Oop [68]=NarrowOop [80]=Oop [88]=Oop [96]=Oop [112]=Oop [120]=Oop [128]=NarrowOop [132]=NarrowOop }
                      ;*ifnull {reexecute=1 rethrow=0 return_oop=0}
                      ; - (reexecute) java.util.concurrent.ConcurrentHashMap::get@67 (line 940)
                      ; - java.lang.ClassLoader::definePackage@47 (line 2125)
                      ; - java.lang.ClassLoader::getDefinedPackage@32 (line 2267)
                      ; - java.net.URLClassLoader::getAndVerifyPackage@2 (line 457)
                      ; - java.net.URLClassLoader::defineClass@46 (line 492)
  0x00000159086652b0: 4cf3 e3fe 

  0x00000159086652b4: ;   {other}
  0x00000159086652b4: 0f1f 8400 | a430 0066 | baf6 ffff | ff41 8bea | 4c8b 5424 | 384c 8954 | 2420 4c8b | 5424 304c 
  0x00000159086652d4: 8954 2428 | 4c89 5c24 | 3066 6690 

  0x00000159086652e0: ;   {runtime_call UncommonTrapBlob}
  0x00000159086652e0: c5f8 77e8 

  0x00000159086652e4: ; ImmutableOopMap {[32]=Oop [40]=Oop [48]=Oop }
                      ;*invokevirtual getBaseURL {reexecute=0 rethrow=0 return_oop=0}
                      ; - jdk.internal.loader.URLClassPath$FileLoader$1::getCodeSourceURL@4 (line 1117)
                      ; - java.net.URLClassLoader::defineClass@13 (line 487)
  0x00000159086652e4: 18f3 e3fe 

  0x00000159086652e8: ;   {other}
  0x00000159086652e8: 0f1f 8400 | d830 0067 | ba97 ffff | ff4c 8b54 | 2438 4c89 | 5424 304c | 8b54 2448 | 4c89 5424 
  0x0000015908665308: 384c 8b54 | 2450 4c89 | 5424 4890 

  0x0000015908665314: ;   {runtime_call UncommonTrapBlob}
  0x0000015908665314: c5f8 77e8 

  0x0000015908665318: ; ImmutableOopMap {rbp=Oop [32]=Oop [44]=NarrowOop [48]=Oop [72]=Oop [80]=Oop [120]=NarrowOop }
                      ;*invokevirtual clone {reexecute=1 rethrow=0 return_oop=0}
                      ; - (reexecute) java.util.Arrays::copyOfRange@18 (line 3856)
                      ; - java.lang.StringLatin1::newString@16 (line 756)
                      ; - java.lang.String::substring@41 (line 2828)
                      ; - java.net.URLClassLoader::defineClass@28 (line 489)
  0x0000015908665318: e4f2 e3fe 

  0x000001590866531c: ;   {other}
  0x000001590866531c: 0f1f 8400 | 0c31 0068 | 488b d8e9 | 8400 0000 | 488b d8e9 | 9903 0000 | 4c8b d0e9 | 4201 0000 
  0x000001590866533c: 4c8b d0e9 | 8603 0000 | 488b d8e9 | 8103 0000 | 4c8b d0e9 | 7603 0000 | 4c8b d0e9 | 6e03 0000 
  0x000001590866535c: 4c8b d0e9 | 6603 0000 | 4c8b d0e9 | 5e03 0000 | 4c8b d0e9 | 0a01 0000 | 488b d8e9 | 5103 0000 
  0x000001590866537c: 488b d844 | 8b50 0849 | bb00 0000 | 0f59 0100 | 004d 03da | 4d8b 5350 | 4c3b d50f | 8530 0300 
  0x000001590866539c: 0045 33c9 | e9bd 0200 | 004c 8bd0 | e90b 0300 | 0048 8bd8 | 4c8b 5c24 | 6048 8d84 | 24b0 0000 
  0x00000159086653bc: 0048 8338 | 000f 8479 | 0000 004d | 8b13 41f6 | c202 0f84 | 6200 0000 | 4983 ba86 | 0000 0000 
  0x00000159086653dc: 7409 49ff | 8a86 0000 | 00eb 4b49 | 8b82 9600 | 0000 490b | 828e 0000 | 0075 0a49 | c742 3e00 
  0x00000159086653fc: 0000 00eb | 3d49 83ba | 9e00 0000 | 0074 2248 | 33c0 49c7 | 423e 0000 | 0000 f083 

  0x0000015908665418: ;   {no_reloc}
  0x0000015908665418: 0424 0049 | 83ba 9e00 | 0000 0075 | 0df0 4d0f | b17a 3e75 | 0583 c801 | eb0c a800 | eb08 4c8b 
  0x0000015908665438: 10f0 4d0f | b113 750a | 49ff 8f50 | 0500 0045 | 33d2 0f84 | 7d02 0000 | 498b cb48 | 8d94 24b0 
  0x0000015908665458: 0000 004d | 8bc7 c5f8 | 7749 ba60 | 6724 77fe | 7f00 0041 

  0x000001590866546c: ;   {other}
  0x000001590866546c: ffd2 0f1f | 8400 0000 | 0000 e952 | 0200 004c | 8bd0 498b | dae9 4702 | 0000 488b | d844 8b58 
  0x000001590866548c: 0849 ba00 | 0000 0f59 | 0100 004d | 03d3 4d8b 

  0x000001590866549c: ;   {metadata('java/io/IOException')}
  0x000001590866549c: 5248 49bb | a84d 0410 | 5901 0000 | 4d3b d30f | 85ff feff | ff4c 8bd8 | 498b 87b8 | 0100 004c 
  0x00000159086654bc: 8bd0 4983 | c228 4d3b | 97c8 0100 | 000f 8311 | 0200 004d | 8997 b801 | 0000 410f | 1882 0001 
  0x00000159086654dc: 0000 48c7 | 0001 0000 

  0x00000159086654e4: ;   {metadata('java/lang/RuntimeException')}
  0x00000159086654e4: 00c7 4008 | 58e1 0500 | 4489 600c | 4c89 6010 | 4c89 6018 | 4c89 6020 | 488b e848 | 8bd5 4d8b 
  0x0000015908665504: c34c 8b54 | 2438 4c89 | 5424 284c | 8b54 2458 | 4c89 5424 | 304c 8b54 | 2448 4c89 | 5424 3844 
  0x0000015908665524: 8b5c 2450 | 4489 5c24 | 4066 6690 

  0x0000015908665530: ;   {optimized virtual_call}
  0x0000015908665530: c5f8 77e8 

  0x0000015908665534: ; ImmutableOopMap {rbp=Oop [32]=Oop [40]=Oop [48]=Oop [64]=NarrowOop [96]=Oop [128]=Oop }
                      ;*invokespecial <init> {reexecute=0 rethrow=0 return_oop=0}
                      ; - java.util.jar.JarFile::ensureInitialization@13 (line 1066)
                      ; - java.util.jar.JavaUtilJarAccessImpl::ensureInitialization@1 (line 42)
                      ; - jdk.internal.loader.URLClassPath$JarLoader$2::getManifest@10 (line 852)
                      ; - java.net.URLClassLoader::defineClass@34 (line 491)
  0x0000015908665534: 4895 e3fe 

  0x0000015908665538: ;   {other}
  0x0000015908665538: 0f1f 8400 | 2833 0069 | 4c8b 5c24 | 6048 8d84 | 24b0 0000 | 0048 8338 | 000f 8479 | 0000 004d 
  0x0000015908665558: 8b13 41f6 | c202 0f84 | 6200 0000 | 4983 ba86 | 0000 0000 | 7409 49ff | 8a86 0000 | 00eb 4b49 
  0x0000015908665578: 8b82 9600 | 0000 490b | 828e 0000 | 0075 0a49 | c742 3e00 | 0000 00eb | 3d49 83ba | 9e00 0000 
  0x0000015908665598: 0074 2248 | 33c0 49c7 | 423e 0000 | 0000 f083 | 0424 0049 | 83ba 9e00 | 0000 0075 | 0df0 4d0f 
  0x00000159086655b8: b17a 3e75 | 0583 c801 | eb0c a800 | eb08 4c8b | 10f0 4d0f | b113 750a | 49ff 8f50 | 0500 0045 
  0x00000159086655d8: 33d2 0f85 | 4801 0000 | 488b d5e9 | e800 0000 | 488b d844 | 8b50 0849 | bb00 0000 | 0f59 0100 
  0x00000159086655f8: 004d 03da | 4d8b 5348 

  0x0000015908665600: ;   {metadata('java/io/IOException')}
  0x0000015908665600: 49bb a84d | 0410 5901 | 0000 4d3b | d30f 85ba | 0000 0048 | 8be8 ba2a | 0000 004c | 8b54 2430 
  0x0000015908665620: 4c89 5424 | 2866 6690 

  0x0000015908665628: ;   {runtime_call UncommonTrapBlob}
  0x0000015908665628: c5f8 77e8 

  0x000001590866562c: ; ImmutableOopMap {rbp=Oop [32]=Oop [40]=Oop [88]=Oop [120]=NarrowOop }
                      ;*new {reexecute=0 rethrow=0 return_oop=0}
                      ; - java.util.jar.JarFile$JarFileEntry::getCodeSigners@11 (line 672)
                      ; - jdk.internal.loader.URLClassPath$JarLoader$2::getCodeSigners@4 (line 858)
                      ; - java.net.URLClassLoader::defineClass@185 (line 521)
  0x000001590866562c: d0ef e3fe 

  0x0000015908665630: ;   {other}
  0x0000015908665630: 0f1f 8400 | 2034 006a | 4c8b d0e9 | 8a00 0000 | 488b d844 | 8b58 0849 | ba00 0000 | 0f59 0100 
  0x0000015908665650: 004d 03d3 | 4d8b 5250 | 4c3b d575 | 704c 8b4c | 2450 488b | 5424 204c | 8b44 2438 | 488b 7c24 
  0x0000015908665670: 5866 6690 

  0x0000015908665674: ;   {optimized virtual_call}
  0x0000015908665674: c5f8 77e8 

  0x0000015908665678: ; ImmutableOopMap {[32]=Oop [48]=Oop [56]=Oop [64]=Oop [120]=NarrowOop }
                      ;*invokevirtual getAndVerifyPackage {reexecute=0 rethrow=0 return_oop=1}
                      ; - java.net.URLClassLoader::defineClass@97 (line 502)
  0x0000015908665678: 0494 e3fe 

  0x000001590866567c: ;   {other}
  0x000001590866567c: 0f1f 8400 | 6c34 006b | 4885 c00f | 8483 0000 | 004c 8b74 | 2420 e938 | d7ff ff4c | 8bd0 eb2e 
  0x000001590866569c: 4c8b d0eb | 294c 8bd0 | eb24 488b | d8eb 2248 | 8bd8 eb1d | 488b d8eb | 184c 8bd0 | 498b daeb 
  0x00000159086656bc: 1048 8bd8 | eb0b 4c8b | d0eb 034c | 8bd0 498b | da48 8bd3 | c5f8 7748 | 81c4 d000 

  0x00000159086656d8: ;   {runtime_call _rethrow_Java}
  0x00000159086656d8: 0000 5de9 | a0de f0fe 

  0x00000159086656e0: ;   {metadata('java/lang/RuntimeException')}
  0x00000159086656e0: 498b eb48 | ba58 e105 | 0f59 0100 | 004c 8b54 | 2458 4c89 | 5424 3090 

  0x00000159086656f8: ;   {runtime_call _new_instance_Java}
  0x00000159086656f8: c5f8 77e8 

  0x00000159086656fc: ; ImmutableOopMap {rbp=Oop [32]=Oop [48]=Oop [56]=Oop [80]=NarrowOop [88]=Oop [96]=Oop [128]=Oop }
                      ;*new {reexecute=0 rethrow=0 return_oop=1}
                      ; - java.util.jar.JarFile::ensureInitialization@8 (line 1066)
                      ; - java.util.jar.JavaUtilJarAccessImpl::ensureInitialization@1 (line 42)
                      ; - jdk.internal.loader.URLClassPath$JarLoader$2::getManifest@10 (line 852)
                      ; - java.net.URLClassLoader::defineClass@34 (line 491)
  0x00000159086656fc: 0067 f0fe 

  0x0000015908665700: ;   {other}
  0x0000015908665700: 0f1f 8400 | f034 006c | 4c8b dde9 | ecfd ffff | bafd 0000 | 0066 6690 

  0x0000015908665718: ;   {runtime_call UncommonTrapBlob}
  0x0000015908665718: c5f8 77e8 

  0x000001590866571c: ; ImmutableOopMap {[56]=Oop }
                      ;*new {reexecute=0 rethrow=0 return_oop=0}
                      ; - java.net.URLClassLoader::defineClass@103 (line 504)
  0x000001590866571c: e0ee e3fe 

  0x0000015908665720: ;   {other}
  0x0000015908665720: 0f1f 8400 | 1035 006d | 498b cb48 | 8d94 24b0 | 0000 004d | 8bc7 c5f8 | 7749 ba60 | 6724 77fe 
  0x0000015908665740: 7f00 0041 

  0x0000015908665744: ;   {other}
  0x0000015908665744: ffd2 0f1f | 8400 0000 | 0000 e98d 

  0x0000015908665750: ;   {internal_word}
  0x0000015908665750: feff ff49 | ba97 3166 | 0859 0100 | 004d 8997 | 6804 0000 

  0x0000015908665764: ;   {runtime_call SafepointBlob}
  0x0000015908665764: e997 ffe3 

  0x0000015908665768: ;   {runtime_call StubRoutines (final stubs)}
  0x0000015908665768: fee8 f2f5 | e1fe e98b | cfff fff4 | f4f4 f4f4 
[Stub Code]
  0x0000015908665778: ;   {no_reloc}
  0x0000015908665778: 48bb c014 | 170f 5901 

  0x0000015908665780: ;   {runtime_call I2C/C2I adapters}
  0x0000015908665780: 0000 e9dc 

  0x0000015908665784: ;   {static_stub}
  0x0000015908665784: dce3 fe48 | bb00 0000 | 0000 0000 

  0x0000015908665790: ;   {runtime_call}
  0x0000015908665790: 00e9 fbff 

  0x0000015908665794: ;   {static_stub}
  0x0000015908665794: ffff 48bb | 0000 0000 | 0000 0000 

  0x00000159086657a0: ;   {runtime_call}
  0x00000159086657a0: e9fb ffff 

  0x00000159086657a4: ;   {static_stub}
  0x00000159086657a4: ff48 bb00 | 0000 0000 

  0x00000159086657ac: ;   {runtime_call}
  0x00000159086657ac: 0000 00e9 | fbff ffff 

  0x00000159086657b4: ;   {static_stub}
  0x00000159086657b4: 48bb 0000 | 0000 0000 

  0x00000159086657bc: ;   {runtime_call}
  0x00000159086657bc: 0000 e9fb 

  0x00000159086657c0: ;   {static_stub}
  0x00000159086657c0: ffff ff48 | bb00 0000 | 0000 0000 

  0x00000159086657cc: ;   {runtime_call}
  0x00000159086657cc: 00e9 fbff 

  0x00000159086657d0: ;   {static_stub}
  0x00000159086657d0: ffff 48bb | 0000 0000 | 0000 0000 

  0x00000159086657dc: ;   {runtime_call}
  0x00000159086657dc: e9fb ffff 

  0x00000159086657e0: ;   {static_stub}
  0x00000159086657e0: ff48 bb00 | 0000 0000 

  0x00000159086657e8: ;   {runtime_call}
  0x00000159086657e8: 0000 00e9 | fbff ffff 

  0x00000159086657f0: ;   {static_stub}
  0x00000159086657f0: 48bb 0000 | 0000 0000 

  0x00000159086657f8: ;   {runtime_call}
  0x00000159086657f8: 0000 e9fb 

  0x00000159086657fc: ;   {static_stub}
  0x00000159086657fc: ffff ff48 | bb00 0000 | 0000 0000 

  0x0000015908665808: ;   {runtime_call}
  0x0000015908665808: 00e9 fbff 

  0x000001590866580c: ;   {static_stub}
  0x000001590866580c: ffff 48bb | 0000 0000 | 0000 0000 

  0x0000015908665818: ;   {runtime_call}
  0x0000015908665818: e9fb ffff 

  0x000001590866581c: ;   {static_stub}
  0x000001590866581c: ff48 bb00 | 0000 0000 

  0x0000015908665824: ;   {runtime_call}
  0x0000015908665824: 0000 00e9 | fbff ffff 

  0x000001590866582c: ;   {static_stub}
  0x000001590866582c: 48bb 0000 | 0000 0000 

  0x0000015908665834: ;   {runtime_call}
  0x0000015908665834: 0000 e9fb 

  0x0000015908665838: ;   {static_stub}
  0x0000015908665838: ffff ff48 | bb00 0000 | 0000 0000 

  0x0000015908665844: ;   {runtime_call}
  0x0000015908665844: 00e9 fbff 

  0x0000015908665848: ;   {static_stub}
  0x0000015908665848: ffff 48bb | 0000 0000 | 0000 0000 

  0x0000015908665854: ;   {runtime_call}
  0x0000015908665854: e9fb ffff 

  0x0000015908665858: ;   {static_stub}
  0x0000015908665858: ff48 bb00 | 0000 0000 

  0x0000015908665860: ;   {runtime_call}
  0x0000015908665860: 0000 00e9 | fbff ffff 

  0x0000015908665868: ;   {static_stub}
  0x0000015908665868: 48bb 0000 | 0000 0000 

  0x0000015908665870: ;   {runtime_call}
  0x0000015908665870: 0000 e9fb 

  0x0000015908665874: ;   {static_stub}
  0x0000015908665874: ffff ff48 | bb00 0000 | 0000 0000 

  0x0000015908665880: ;   {runtime_call}
  0x0000015908665880: 00e9 fbff 

  0x0000015908665884: ;   {runtime_call ExceptionBlob}
  0x0000015908665884: ffff e9f5 | 6ef0 fee8 | 0000 0000 | 4883 2c24 

  0x0000015908665894: ;   {runtime_call DeoptimizationBlob}
  0x0000015908665894: 05e9 06f1 | e3fe f4f4 | f4f4 f4f4 
[/MachCode]


---------------  P R O C E S S  ---------------

Threads class SMR info:
_java_thread_list=0x0000015948f80b10, length=235, elements={
0x000001596dba5740, 0x000001597e45c9b0, 0x000001597e45f920, 0x000001597e4624c0,
0x000001597e463050, 0x000001597e4668f0, 0x000001597e464820, 0x000001597e475b70,
0x000001597e4990b0, 0x000001597e463b00, 0x000001597e464190, 0x000001597e465bd0,
0x000001597e466260, 0x000001597e466f80, 0x000001592f1fa950, 0x000001592f1f8f10,
0x000001592f1fa2c0, 0x000001592f1fc390, 0x000001592f1fbd00, 0x000001592f1fafe0,
0x000001592f1fca20, 0x000001592f1fb670, 0x000001592f1f95a0, 0x000001592f200530,
0x000001592f1feaf0, 0x000001592f1ff180, 0x000001592f1ffea0, 0x000001592f1ff810,
0x000001592f1fd740, 0x000001592f1fddd0, 0x000001597e465540, 0x0000015932ad93d0,
0x0000015932ad8020, 0x0000015932ad65e0, 0x0000015936cb76e0, 0x0000015936cb7d70,
0x0000015936cb9120, 0x0000015938a65be0, 0x0000015938a65550, 0x00000159392c47c0,
0x00000159392c3aa0, 0x00000159392c9680, 0x00000159392c6f20, 0x00000159392c7c40,
0x00000159392c8960, 0x00000159392c8ff0, 0x0000015932ad7300, 0x0000015932adcee0,
0x0000015932addc00, 0x0000015938a60d20, 0x0000015936480ae0, 0x000001593647f0a0,
0x000001593647e380, 0x000001593647dcf0, 0x000001593647f730, 0x000001593647fdc0,
0x000001593647ea10, 0x0000015936482520, 0x0000015936481170, 0x0000015936482bb0,
0x0000015936483240, 0x0000015936481e90, 0x00000159364838d0, 0x00000159364845f0,
0x0000015936483f60, 0x0000015936484c80, 0x0000015936481800, 0x0000015936485310,
0x0000015939b6f700, 0x0000015939b6e350, 0x0000015939b6dcc0, 0x0000015939b6c910,
0x0000015939b6cfa0, 0x0000015939b70ab0, 0x0000015939b70420, 0x0000015939b6e9e0,
0x0000015939b6d630, 0x0000015939b71140, 0x0000015939b717d0, 0x0000015939b71e60,
0x0000015939b724f0, 0x0000015939b6f070, 0x0000015939b72b80, 0x0000015939b73210,
0x0000015939b73f30, 0x0000015939b738a0, 0x0000015931554ed0, 0x00000159392efe40,
0x00000159392ef120, 0x00000159390234e0, 0x00000159390227c0, 0x000001593920a090,
0x000001592e76f1f0, 0x0000015939208650, 0x0000015938b62270, 0x0000015938b5edf0,
0x0000015939dd4fe0, 0x0000015939208ce0, 0x00000159392eea90, 0x0000015934603530,
0x0000015935af4470, 0x00000159392f04d0, 0x0000015939209370, 0x00000159339c8f90,
0x00000159339ca340, 0x00000159339c9620, 0x00000159339c9cb0, 0x0000015934ab2da0,
0x0000015934ab3430, 0x0000015934ab4e70, 0x0000015934ab4150, 0x0000015934ab5500,
0x0000015934ab5b90, 0x0000015934ab3ac0, 0x0000015934ab2710, 0x0000015934ab47e0,
0x0000015933ce9130, 0x0000015935af3750, 0x0000015936b38ac0, 0x0000015936b39e70,
0x0000015935af3de0, 0x0000015935af30c0, 0x0000015933b88ae0, 0x0000015933b87dc0,
0x0000015933b8a520, 0x0000015933b8abb0, 0x0000015939020d80, 0x00000159390206f0,
0x0000015933b8b240, 0x0000015933b88450, 0x0000015933b89800, 0x0000015933b89170,
0x0000015933b89e90, 0x0000015939ba7660, 0x0000015939dd42c0, 0x0000015939dd4950,
0x0000015939dd2880, 0x0000015939dd35a0, 0x0000015939022e50, 0x0000015939021aa0,
0x0000015939022130, 0x0000015939020060, 0x00000159346660c0, 0x0000015934664d10,
0x0000015933ce8aa0, 0x0000015933ce97c0, 0x0000015933ce6340, 0x0000015933ce69d0,
0x000001593a20f790, 0x000001593a20fe20, 0x000001593a210b40, 0x000001593a2104b0,
0x0000015939f97a30, 0x0000015939f95ff0, 0x0000015939f96680, 0x0000015939f94c40,
0x0000015939f96d10, 0x0000015939f973a0, 0x0000015939f980c0, 0x0000015939f952d0,
0x0000015939f95960, 0x0000015939dd5670, 0x0000015939dd2f10, 0x0000015939ba6fd0,
0x0000015936b39150, 0x0000015938b62900, 0x0000015938b62f90, 0x0000015938b5fb10,
0x0000015938b63620, 0x0000015938b601a0, 0x0000015938b649d0, 0x0000015938b63cb0,
0x0000015938b656f0, 0x0000015938b65d80, 0x0000015938b64340, 0x00000159392c82d0,
0x00000159392c4e50, 0x00000159392c54e0, 0x00000159392c5b70, 0x0000015938a64830,
0x0000015938a64ec0, 0x0000015936cb3bd0, 0x0000015938e00880, 0x0000015938dffb60,
0x0000015938dff4d0, 0x0000015938e001f0, 0x0000015933ce8410, 0x0000015939207930,
0x000001592ff10600, 0x000001592ff0ff70, 0x000001592ff10c90, 0x000001592ff0f8e0,
0x000001592ff11320, 0x000001592ff0ebc0, 0x000001592ff0f250, 0x000001592ff0dea0,
0x00000159350c7180, 0x00000159322b0040, 0x00000159322ae600, 0x00000159350c50b0,
0x00000159350c5740, 0x00000159322af320, 0x0000015948bfe250, 0x0000015948bff600,
0x0000015948bfef70, 0x0000015948bfe8e0, 0x0000015948bfcea0, 0x0000015948bfdbc0,
0x0000015948bfc180, 0x0000015948bfd530, 0x0000015948bfc810, 0x0000015934d87760,
0x00000159385d8f00, 0x00000159385d9590, 0x0000015934d3a600, 0x0000015934d3d3f0,
0x00000159391e73f0, 0x00000159322b06d0, 0x0000015939dd3c30, 0x00000159365805a0,
0x0000015938dfe120, 0x0000015938dfda90, 0x0000015938dfd400, 0x0000015938e00f10,
0x0000015938e015a0, 0x000001592fc810a0, 0x0000015936b3b220, 0x00000159350c5dd0,
0x00000159391e5320, 0x0000015934ec8730, 0x0000015934ec9450, 0x0000015934ec80a0,
0x0000015936580c30, 0x0000015939dd21f0, 0x00000159336c5460
}

Java Threads: ( => current thread )
  0x000001596dba5740 JavaThread "main"                              [_thread_blocked, id=5264, stack(0x000000435c800000,0x000000435c900000) (1024K)]
  0x000001597e45c9b0 JavaThread "Reference Handler"          daemon [_thread_blocked, id=22196, stack(0x000000435d000000,0x000000435d100000) (1024K)]
  0x000001597e45f920 JavaThread "Finalizer"                  daemon [_thread_blocked, id=11596, stack(0x000000435d100000,0x000000435d200000) (1024K)]
  0x000001597e4624c0 JavaThread "Signal Dispatcher"          daemon [_thread_blocked, id=2376, stack(0x000000435d200000,0x000000435d300000) (1024K)]
  0x000001597e463050 JavaThread "Attach Listener"            daemon [_thread_blocked, id=18420, stack(0x000000435d300000,0x000000435d400000) (1024K)]
  0x000001597e4668f0 JavaThread "Service Thread"             daemon [_thread_blocked, id=9156, stack(0x000000435d400000,0x000000435d500000) (1024K)]
  0x000001597e464820 JavaThread "Monitor Deflation Thread"   daemon [_thread_blocked, id=6496, stack(0x000000435d500000,0x000000435d600000) (1024K)]
  0x000001597e475b70 JavaThread "C2 CompilerThread0"         daemon [_thread_blocked, id=22252, stack(0x000000435d600000,0x000000435d700000) (1024K)]
  0x000001597e4990b0 JavaThread "C1 CompilerThread0"         daemon [_thread_blocked, id=22256, stack(0x000000435d700000,0x000000435d800000) (1024K)]
  0x000001597e463b00 JavaThread "Common-Cleaner"             daemon [_thread_blocked, id=19660, stack(0x000000435db00000,0x000000435dc00000) (1024K)]
  0x000001597e464190 JavaThread "Notification Thread"        daemon [_thread_blocked, id=22392, stack(0x000000435dc00000,0x000000435dd00000) (1024K)]
  0x000001597e465bd0 JavaThread "Daemon health stats"               [_thread_blocked, id=22484, stack(0x000000435e400000,0x000000435e500000) (1024K)]
  0x000001597e466260 JavaThread "Incoming local TCP Connector on port 53740"        [_thread_in_native, id=22448, stack(0x000000435e500000,0x000000435e600000) (1024K)]
  0x000001597e466f80 JavaThread "Daemon periodic checks"            [_thread_blocked, id=22432, stack(0x000000435e600000,0x000000435e700000) (1024K)]
  0x000001592f1fa950 JavaThread "Daemon"                            [_thread_blocked, id=22456, stack(0x000000435e700000,0x000000435e800000) (1024K)]
  0x000001592f1f8f10 JavaThread "Handler for socket connection from /127.0.0.1:53740 to /127.0.0.1:53741"        [_thread_in_native, id=22472, stack(0x000000435e800000,0x000000435e900000) (1024K)]
  0x000001592f1fa2c0 JavaThread "Cancel handler"                    [_thread_blocked, id=22476, stack(0x000000435e900000,0x000000435ea00000) (1024K)]
=>0x000001592f1fc390 JavaThread "Daemon worker"                     [_thread_in_vm, id=22480, stack(0x000000435ea00000,0x000000435eb00000) (1024K)]
  0x000001592f1fbd00 JavaThread "Asynchronous log dispatcher for DefaultDaemonConnection: socket connection from /127.0.0.1:53740 to /127.0.0.1:53741"        [_thread_blocked, id=22464, stack(0x000000435eb00000,0x000000435ec00000) (1024K)]
  0x000001592f1fafe0 JavaThread "Stdin handler"                     [_thread_blocked, id=7220, stack(0x000000435ec00000,0x000000435ed00000) (1024K)]
  0x000001592f1fca20 JavaThread "Daemon client event forwarder"        [_thread_blocked, id=7564, stack(0x000000435ed00000,0x000000435ee00000) (1024K)]
  0x000001592f1fb670 JavaThread "Cache worker for journal cache (C:\Users\ngotr\.gradle\caches\journal-1)"        [_thread_blocked, id=22176, stack(0x000000435ee00000,0x000000435ef00000) (1024K)]
  0x000001592f1f95a0 JavaThread "File lock request listener"        [_thread_in_native, id=22144, stack(0x000000435ef00000,0x000000435f000000) (1024K)]
  0x000001592f200530 JavaThread "Cache worker for file hash cache (C:\Users\ngotr\.gradle\caches\8.14.3\fileHashes)"        [_thread_blocked, id=22132, stack(0x000000435f000000,0x000000435f100000) (1024K)]
  0x000001592f1feaf0 JavaThread "Cache worker for file hash cache (D:\Code\ppv2app\android\.gradle\8.14.3\fileHashes)"        [_thread_blocked, id=21384, stack(0x000000435fb00000,0x000000435fc00000) (1024K)]
  0x000001592f1ff180 JavaThread "Cache worker for Build Output Cleanup Cache (D:\Code\ppv2app\android\.gradle\buildOutputCleanup)"        [_thread_blocked, id=21340, stack(0x000000435fc00000,0x000000435fd00000) (1024K)]
  0x000001592f1ffea0 JavaThread "File watcher server"        daemon [_thread_in_native, id=21368, stack(0x000000435fd00000,0x000000435fe00000) (1024K)]
  0x000001592f1ff810 JavaThread "File watcher consumer"      daemon [_thread_blocked, id=21364, stack(0x000000435fe00000,0x000000435ff00000) (1024K)]
  0x000001592f1fd740 JavaThread "jar transforms"                    [_thread_blocked, id=21772, stack(0x0000004360300000,0x0000004360400000) (1024K)]
  0x000001592f1fddd0 JavaThread "Cache worker for checksums cache (D:\Code\ppv2app\android\.gradle\8.14.3\checksums)"        [_thread_blocked, id=21408, stack(0x0000004360400000,0x0000004360500000) (1024K)]
  0x000001597e465540 JavaThread "Cache worker for file content cache (C:\Users\ngotr\.gradle\caches\8.14.3\fileContent)"        [_thread_blocked, id=10432, stack(0x0000004360500000,0x0000004360600000) (1024K)]
  0x0000015932ad93d0 JavaThread "Cache worker for cache directory md-supplier (C:\Users\ngotr\.gradle\caches\8.14.3\md-supplier)"        [_thread_blocked, id=1940, stack(0x0000004360600000,0x0000004360700000) (1024K)]
  0x0000015932ad8020 JavaThread "Cache worker for cache directory md-rule (C:\Users\ngotr\.gradle\caches\8.14.3\md-rule)"        [_thread_blocked, id=22436, stack(0x0000004360700000,0x0000004360800000) (1024K)]
  0x0000015932ad65e0 JavaThread "Cache worker for Build Output Cleanup Cache (D:\Code\ppv2app\node_modules\@react-native\gradle-plugin\.gradle\buildOutputCleanup)"        [_thread_blocked, id=21464, stack(0x0000004360800000,0x0000004360900000) (1024K)]
  0x0000015936cb76e0 JavaThread "Unconstrained build operations"        [_thread_blocked, id=4652, stack(0x000000435d900000,0x000000435da00000) (1024K)]
  0x0000015936cb7d70 JavaThread "Unconstrained build operations Thread 2"        [_thread_blocked, id=21804, stack(0x000000435dd00000,0x000000435de00000) (1024K)]
  0x0000015936cb9120 JavaThread "Unconstrained build operations Thread 3"        [_thread_blocked, id=20496, stack(0x000000435e200000,0x000000435e300000) (1024K)]
  0x0000015938a65be0 JavaThread "Unconstrained build operations Thread 4"        [_thread_blocked, id=20500, stack(0x000000435e300000,0x000000435e400000) (1024K)]
  0x0000015938a65550 JavaThread "Unconstrained build operations Thread 5"        [_thread_blocked, id=22164, stack(0x0000004360100000,0x0000004360200000) (1024K)]
  0x00000159392c47c0 JavaThread "Unconstrained build operations Thread 6"        [_thread_blocked, id=22152, stack(0x0000004360200000,0x0000004360300000) (1024K)]
  0x00000159392c3aa0 JavaThread "Kotlin DSL Writer"                 [_thread_blocked, id=14756, stack(0x000000435d800000,0x000000435d900000) (1024K)]
  0x00000159392c9680 JavaThread "Unconstrained build operations Thread 7"        [_thread_blocked, id=3856, stack(0x0000004361000000,0x0000004361100000) (1024K)]
  0x00000159392c6f20 JavaThread "Unconstrained build operations Thread 8"        [_thread_blocked, id=9924, stack(0x0000004361100000,0x0000004361200000) (1024K)]
  0x00000159392c7c40 JavaThread "Unconstrained build operations Thread 9"        [_thread_blocked, id=10068, stack(0x0000004361200000,0x0000004361300000) (1024K)]
  0x00000159392c8960 JavaThread "Unconstrained build operations Thread 10"        [_thread_blocked, id=21684, stack(0x0000004361300000,0x0000004361400000) (1024K)]
  0x00000159392c8ff0 JavaThread "Unconstrained build operations Thread 11"        [_thread_blocked, id=9840, stack(0x0000004361400000,0x0000004361500000) (1024K)]
  0x0000015932ad7300 JavaThread "Unconstrained build operations Thread 12"        [_thread_blocked, id=9560, stack(0x0000004361500000,0x0000004361600000) (1024K)]
  0x0000015932adcee0 JavaThread "Unconstrained build operations Thread 13"        [_thread_blocked, id=16948, stack(0x0000004361600000,0x0000004361700000) (1024K)]
  0x0000015932addc00 JavaThread "Unconstrained build operations Thread 14"        [_thread_blocked, id=12792, stack(0x0000004361700000,0x0000004361800000) (1024K)]
  0x0000015938a60d20 JavaThread "Unconstrained build operations Thread 15"        [_thread_blocked, id=18164, stack(0x0000004361800000,0x0000004361900000) (1024K)]
  0x0000015936480ae0 JavaThread "Unconstrained build operations Thread 16"        [_thread_blocked, id=22424, stack(0x0000004361900000,0x0000004361a00000) (1024K)]
  0x000001593647f0a0 JavaThread "Unconstrained build operations Thread 17"        [_thread_blocked, id=6436, stack(0x0000004361a00000,0x0000004361b00000) (1024K)]
  0x000001593647e380 JavaThread "Unconstrained build operations Thread 18"        [_thread_blocked, id=17476, stack(0x0000004361b00000,0x0000004361c00000) (1024K)]
  0x000001593647dcf0 JavaThread "Unconstrained build operations Thread 19"        [_thread_blocked, id=21580, stack(0x0000004361c00000,0x0000004361d00000) (1024K)]
  0x000001593647f730 JavaThread "Unconstrained build operations Thread 20"        [_thread_blocked, id=21524, stack(0x0000004361d00000,0x0000004361e00000) (1024K)]
  0x000001593647fdc0 JavaThread "Unconstrained build operations Thread 21"        [_thread_blocked, id=21824, stack(0x0000004361e00000,0x0000004361f00000) (1024K)]
  0x000001593647ea10 JavaThread "Unconstrained build operations Thread 22"        [_thread_blocked, id=21660, stack(0x0000004361f00000,0x0000004362000000) (1024K)]
  0x0000015936482520 JavaThread "Unconstrained build operations Thread 23"        [_thread_blocked, id=21736, stack(0x0000004362000000,0x0000004362100000) (1024K)]
  0x0000015936481170 JavaThread "Unconstrained build operations Thread 24"        [_thread_blocked, id=21712, stack(0x0000004362100000,0x0000004362200000) (1024K)]
  0x0000015936482bb0 JavaThread "Unconstrained build operations Thread 25"        [_thread_blocked, id=21716, stack(0x0000004362200000,0x0000004362300000) (1024K)]
  0x0000015936483240 JavaThread "Unconstrained build operations Thread 26"        [_thread_blocked, id=14252, stack(0x0000004362300000,0x0000004362400000) (1024K)]
  0x0000015936481e90 JavaThread "Unconstrained build operations Thread 27"        [_thread_blocked, id=21820, stack(0x0000004362400000,0x0000004362500000) (1024K)]
  0x00000159364838d0 JavaThread "Unconstrained build operations Thread 28"        [_thread_blocked, id=21680, stack(0x0000004362500000,0x0000004362600000) (1024K)]
  0x00000159364845f0 JavaThread "Unconstrained build operations Thread 29"        [_thread_blocked, id=21636, stack(0x0000004362600000,0x0000004362700000) (1024K)]
  0x0000015936483f60 JavaThread "Unconstrained build operations Thread 30"        [_thread_blocked, id=14208, stack(0x0000004362700000,0x0000004362800000) (1024K)]
  0x0000015936484c80 JavaThread "Unconstrained build operations Thread 31"        [_thread_blocked, id=20944, stack(0x0000004362800000,0x0000004362900000) (1024K)]
  0x0000015936481800 JavaThread "Unconstrained build operations Thread 32"        [_thread_blocked, id=20884, stack(0x0000004362900000,0x0000004362a00000) (1024K)]
  0x0000015936485310 JavaThread "Unconstrained build operations Thread 33"        [_thread_blocked, id=21584, stack(0x0000004362a00000,0x0000004362b00000) (1024K)]
  0x0000015939b6f700 JavaThread "Unconstrained build operations Thread 34"        [_thread_blocked, id=21116, stack(0x0000004362b00000,0x0000004362c00000) (1024K)]
  0x0000015939b6e350 JavaThread "Unconstrained build operations Thread 35"        [_thread_blocked, id=13316, stack(0x0000004362c00000,0x0000004362d00000) (1024K)]
  0x0000015939b6dcc0 JavaThread "Unconstrained build operations Thread 36"        [_thread_blocked, id=10836, stack(0x0000004362d00000,0x0000004362e00000) (1024K)]
  0x0000015939b6c910 JavaThread "Unconstrained build operations Thread 37"        [_thread_blocked, id=8200, stack(0x0000004360c00000,0x0000004360d00000) (1024K)]
  0x0000015939b6cfa0 JavaThread "Unconstrained build operations Thread 38"        [_thread_blocked, id=6892, stack(0x0000004360f00000,0x0000004361000000) (1024K)]
  0x0000015939b70ab0 JavaThread "Unconstrained build operations Thread 39"        [_thread_blocked, id=7748, stack(0x0000004362e00000,0x0000004362f00000) (1024K)]
  0x0000015939b70420 JavaThread "Unconstrained build operations Thread 40"        [_thread_blocked, id=8916, stack(0x0000004362f00000,0x0000004363000000) (1024K)]
  0x0000015939b6e9e0 JavaThread "Unconstrained build operations Thread 41"        [_thread_blocked, id=11776, stack(0x0000004363000000,0x0000004363100000) (1024K)]
  0x0000015939b6d630 JavaThread "Unconstrained build operations Thread 42"        [_thread_blocked, id=20388, stack(0x0000004363100000,0x0000004363200000) (1024K)]
  0x0000015939b71140 JavaThread "Unconstrained build operations Thread 43"        [_thread_blocked, id=19756, stack(0x0000004363200000,0x0000004363300000) (1024K)]
  0x0000015939b717d0 JavaThread "Unconstrained build operations Thread 44"        [_thread_blocked, id=7396, stack(0x0000004363300000,0x0000004363400000) (1024K)]
  0x0000015939b71e60 JavaThread "Unconstrained build operations Thread 45"        [_thread_blocked, id=2272, stack(0x0000004363400000,0x0000004363500000) (1024K)]
  0x0000015939b724f0 JavaThread "Unconstrained build operations Thread 46"        [_thread_blocked, id=21112, stack(0x0000004363500000,0x0000004363600000) (1024K)]
  0x0000015939b6f070 JavaThread "Unconstrained build operations Thread 47"        [_thread_blocked, id=22340, stack(0x0000004363600000,0x0000004363700000) (1024K)]
  0x0000015939b72b80 JavaThread "Unconstrained build operations Thread 48"        [_thread_blocked, id=14368, stack(0x0000004363700000,0x0000004363800000) (1024K)]
  0x0000015939b73210 JavaThread "Unconstrained build operations Thread 49"        [_thread_blocked, id=2600, stack(0x0000004363800000,0x0000004363900000) (1024K)]
  0x0000015939b73f30 JavaThread "Unconstrained build operations Thread 50"        [_thread_blocked, id=10184, stack(0x0000004363900000,0x0000004363a00000) (1024K)]
  0x0000015939b738a0 JavaThread "Unconstrained build operations Thread 51"        [_thread_blocked, id=7952, stack(0x0000004363a00000,0x0000004363b00000) (1024K)]
  0x0000015931554ed0 JavaThread "build event listener"              [_thread_blocked, id=10964, stack(0x0000004360e00000,0x0000004360f00000) (1024K)]
  0x00000159392efe40 JavaThread "Memory manager"                    [_thread_blocked, id=11304, stack(0x0000004360a00000,0x0000004360b00000) (1024K)]
  0x00000159392ef120 JavaThread "ForkJoinPool.commonPool-worker-1" daemon [_thread_blocked, id=13132, stack(0x0000004363b00000,0x0000004363c00000) (1024K)]
  0x00000159390234e0 JavaThread "ForkJoinPool.commonPool-worker-2" daemon [_thread_blocked, id=13168, stack(0x0000004363c00000,0x0000004363d00000) (1024K)]
  0x00000159390227c0 JavaThread "ForkJoinPool.commonPool-worker-3" daemon [_thread_blocked, id=16780, stack(0x0000004363d00000,0x0000004363e00000) (1024K)]
  0x000001593920a090 JavaThread "ForkJoinPool.commonPool-worker-4" daemon [_thread_blocked, id=14728, stack(0x0000004363e00000,0x0000004363f00000) (1024K)]
  0x000001592e76f1f0 JavaThread "ForkJoinPool.commonPool-worker-5" daemon [_thread_blocked, id=8300, stack(0x0000004363f00000,0x0000004364000000) (1024K)]
  0x0000015939208650 JavaThread "ForkJoinPool.commonPool-worker-6" daemon [_thread_blocked, id=21708, stack(0x0000004364000000,0x0000004364100000) (1024K)]
  0x0000015938b62270 JavaThread "ForkJoinPool.commonPool-worker-7" daemon [_thread_blocked, id=2324, stack(0x0000004364100000,0x0000004364200000) (1024K)]
  0x0000015938b5edf0 JavaThread "ForkJoinPool.commonPool-worker-8" daemon [_thread_blocked, id=3588, stack(0x0000004364200000,0x0000004364300000) (1024K)]
  0x0000015939dd4fe0 JavaThread "ForkJoinPool.commonPool-worker-9" daemon [_thread_blocked, id=3472, stack(0x0000004364300000,0x0000004364400000) (1024K)]
  0x0000015939208ce0 JavaThread "ForkJoinPool.commonPool-worker-10" daemon [_thread_blocked, id=13832, stack(0x0000004364400000,0x0000004364500000) (1024K)]
  0x00000159392eea90 JavaThread "Exec process"                      [_thread_blocked, id=9620, stack(0x0000004364500000,0x0000004364600000) (1024K)]
  0x0000015934603530 JavaThread "Exec process Thread 2"             [_thread_blocked, id=16792, stack(0x0000004364600000,0x0000004364700000) (1024K)]
  0x0000015935af4470 JavaThread "Exec process Thread 3"             [_thread_blocked, id=8764, stack(0x0000004364700000,0x0000004364800000) (1024K)]
  0x00000159392f04d0 JavaThread "included builds"                   [_thread_blocked, id=20544, stack(0x0000004360d00000,0x0000004360e00000) (1024K)]
  0x0000015939209370 JavaThread "Execution worker"                  [_thread_blocked, id=20536, stack(0x0000004364800000,0x0000004364900000) (1024K)]
  0x00000159339c8f90 JavaThread "Execution worker Thread 2"         [_thread_blocked, id=6860, stack(0x0000004364900000,0x0000004364a00000) (1024K)]
  0x00000159339ca340 JavaThread "Execution worker Thread 3"         [_thread_blocked, id=15948, stack(0x0000004364a00000,0x0000004364b00000) (1024K)]
  0x00000159339c9620 JavaThread "Execution worker Thread 4"         [_thread_blocked, id=20552, stack(0x0000004364b00000,0x0000004364c00000) (1024K)]
  0x00000159339c9cb0 JavaThread "Execution worker Thread 5"         [_thread_blocked, id=16492, stack(0x0000004364c00000,0x0000004364d00000) (1024K)]
  0x0000015934ab2da0 JavaThread "Execution worker Thread 6"         [_thread_blocked, id=19844, stack(0x0000004364d00000,0x0000004364e00000) (1024K)]
  0x0000015934ab3430 JavaThread "Execution worker Thread 7"         [_thread_blocked, id=12348, stack(0x0000004364e00000,0x0000004364f00000) (1024K)]
  0x0000015934ab4e70 JavaThread "Execution worker Thread 8"         [_thread_blocked, id=19596, stack(0x0000004364f00000,0x0000004365000000) (1024K)]
  0x0000015934ab4150 JavaThread "Execution worker Thread 9"         [_thread_blocked, id=17592, stack(0x0000004365000000,0x0000004365100000) (1024K)]
  0x0000015934ab5500 JavaThread "Execution worker Thread 10"        [_thread_blocked, id=14332, stack(0x0000004365100000,0x0000004365200000) (1024K)]
  0x0000015934ab5b90 JavaThread "Execution worker Thread 11"        [_thread_blocked, id=10276, stack(0x0000004365200000,0x0000004365300000) (1024K)]
  0x0000015934ab3ac0 JavaThread "Execution worker Thread 12"        [_thread_blocked, id=15372, stack(0x0000004365300000,0x0000004365400000) (1024K)]
  0x0000015934ab2710 JavaThread "Execution worker Thread 13"        [_thread_blocked, id=19408, stack(0x0000004365400000,0x0000004365500000) (1024K)]
  0x0000015934ab47e0 JavaThread "Execution worker Thread 14"        [_thread_blocked, id=20164, stack(0x0000004365500000,0x0000004365600000) (1024K)]
  0x0000015933ce9130 JavaThread "Execution worker Thread 15"        [_thread_blocked, id=19840, stack(0x0000004365600000,0x0000004365700000) (1024K)]
  0x0000015935af3750 JavaThread "Cache worker for execution history cache (D:\Code\ppv2app\node_modules\@react-native\gradle-plugin\.gradle\8.14.3\executionHistory)"        [_thread_blocked, id=6596, stack(0x0000004365700000,0x0000004365800000) (1024K)]
  0x0000015936b38ac0 JavaThread "Unconstrained build operations Thread 52"        [_thread_blocked, id=16448, stack(0x0000004365800000,0x0000004365900000) (1024K)]
  0x0000015936b39e70 JavaThread "Unconstrained build operations Thread 53"        [_thread_blocked, id=14236, stack(0x0000004365900000,0x0000004365a00000) (1024K)]
  0x0000015935af3de0 JavaThread "Unconstrained build operations Thread 54"        [_thread_blocked, id=17704, stack(0x0000004365a00000,0x0000004365b00000) (1024K)]
  0x0000015935af30c0 JavaThread "Unconstrained build operations Thread 55"        [_thread_blocked, id=19508, stack(0x0000004365b00000,0x0000004365c00000) (1024K)]
  0x0000015933b88ae0 JavaThread "Unconstrained build operations Thread 56"        [_thread_blocked, id=16428, stack(0x0000004365c00000,0x0000004365d00000) (1024K)]
  0x0000015933b87dc0 JavaThread "Unconstrained build operations Thread 57"        [_thread_blocked, id=20764, stack(0x0000004365d00000,0x0000004365e00000) (1024K)]
  0x0000015933b8a520 JavaThread "Unconstrained build operations Thread 58"        [_thread_blocked, id=20736, stack(0x0000004365e00000,0x0000004365f00000) (1024K)]
  0x0000015933b8abb0 JavaThread "Unconstrained build operations Thread 59"        [_thread_blocked, id=20740, stack(0x0000004365f00000,0x0000004366000000) (1024K)]
  0x0000015939020d80 JavaThread "Unconstrained build operations Thread 60"        [_thread_blocked, id=20748, stack(0x0000004366000000,0x0000004366100000) (1024K)]
  0x00000159390206f0 JavaThread "Unconstrained build operations Thread 61"        [_thread_blocked, id=20752, stack(0x0000004366100000,0x0000004366200000) (1024K)]
  0x0000015933b8b240 JavaThread "Unconstrained build operations Thread 62"        [_thread_blocked, id=20620, stack(0x0000004366200000,0x0000004366300000) (1024K)]
  0x0000015933b88450 JavaThread "Unconstrained build operations Thread 63"        [_thread_blocked, id=21920, stack(0x0000004366300000,0x0000004366400000) (1024K)]
  0x0000015933b89800 JavaThread "Unconstrained build operations Thread 64"        [_thread_blocked, id=20720, stack(0x0000004366400000,0x0000004366500000) (1024K)]
  0x0000015933b89170 JavaThread "Unconstrained build operations Thread 65"        [_thread_blocked, id=20760, stack(0x0000004366500000,0x0000004366600000) (1024K)]
  0x0000015933b89e90 JavaThread "Unconstrained build operations Thread 66"        [_thread_blocked, id=20756, stack(0x0000004366600000,0x0000004366700000) (1024K)]
  0x0000015939ba7660 JavaThread "Unconstrained build operations Thread 67"        [_thread_blocked, id=20772, stack(0x0000004366700000,0x0000004366800000) (1024K)]
  0x0000015939dd42c0 JavaThread "Unconstrained build operations Thread 68"        [_thread_blocked, id=20768, stack(0x0000004366800000,0x0000004366900000) (1024K)]
  0x0000015939dd4950 JavaThread "Unconstrained build operations Thread 69"        [_thread_blocked, id=20776, stack(0x0000004366900000,0x0000004366a00000) (1024K)]
  0x0000015939dd2880 JavaThread "Unconstrained build operations Thread 70"        [_thread_blocked, id=20780, stack(0x0000004366a00000,0x0000004366b00000) (1024K)]
  0x0000015939dd35a0 JavaThread "Unconstrained build operations Thread 71"        [_thread_blocked, id=20784, stack(0x0000004366b00000,0x0000004366c00000) (1024K)]
  0x0000015939022e50 JavaThread "Unconstrained build operations Thread 72"        [_thread_blocked, id=19904, stack(0x000000435c500000,0x000000435c600000) (1024K)]
  0x0000015939021aa0 JavaThread "Unconstrained build operations Thread 73"        [_thread_blocked, id=18016, stack(0x000000435c600000,0x000000435c700000) (1024K)]
  0x0000015939022130 JavaThread "Unconstrained build operations Thread 74"        [_thread_blocked, id=11448, stack(0x000000435c700000,0x000000435c800000) (1024K)]
  0x0000015939020060 JavaThread "Unconstrained build operations Thread 75"        [_thread_blocked, id=19328, stack(0x000000435da00000,0x000000435db00000) (1024K)]
  0x00000159346660c0 JavaThread "Unconstrained build operations Thread 76"        [_thread_blocked, id=20376, stack(0x000000435ff00000,0x0000004360000000) (1024K)]
  0x0000015934664d10 JavaThread "Unconstrained build operations Thread 77"        [_thread_blocked, id=11512, stack(0x0000004360000000,0x0000004360100000) (1024K)]
  0x0000015933ce8aa0 JavaThread "Unconstrained build operations Thread 78"        [_thread_blocked, id=18008, stack(0x0000004360b00000,0x0000004360c00000) (1024K)]
  0x0000015933ce97c0 JavaThread "Unconstrained build operations Thread 79"        [_thread_blocked, id=20088, stack(0x0000004366c00000,0x0000004366d00000) (1024K)]
  0x0000015933ce6340 JavaThread "Unconstrained build operations Thread 80"        [_thread_blocked, id=19924, stack(0x0000004366d00000,0x0000004366e00000) (1024K)]
  0x0000015933ce69d0 JavaThread "Unconstrained build operations Thread 81"        [_thread_blocked, id=12048, stack(0x0000004366e00000,0x0000004366f00000) (1024K)]
  0x000001593a20f790 JavaThread "Unconstrained build operations Thread 82"        [_thread_blocked, id=5132, stack(0x0000004367800000,0x0000004367900000) (1024K)]
  0x000001593a20fe20 JavaThread "Unconstrained build operations Thread 83"        [_thread_blocked, id=17872, stack(0x0000004367900000,0x0000004367a00000) (1024K)]
  0x000001593a210b40 JavaThread "Unconstrained build operations Thread 84"        [_thread_blocked, id=20136, stack(0x0000004367a00000,0x0000004367b00000) (1024K)]
  0x000001593a2104b0 JavaThread "Unconstrained build operations Thread 85"        [_thread_blocked, id=20632, stack(0x0000004367b00000,0x0000004367c00000) (1024K)]
  0x0000015939f97a30 JavaThread "Unconstrained build operations Thread 86"        [_thread_blocked, id=11864, stack(0x0000004367c00000,0x0000004367d00000) (1024K)]
  0x0000015939f95ff0 JavaThread "Unconstrained build operations Thread 87"        [_thread_blocked, id=14944, stack(0x0000004367d00000,0x0000004367e00000) (1024K)]
  0x0000015939f96680 JavaThread "Unconstrained build operations Thread 88"        [_thread_blocked, id=14120, stack(0x0000004367e00000,0x0000004367f00000) (1024K)]
  0x0000015939f94c40 JavaThread "Unconstrained build operations Thread 89"        [_thread_blocked, id=4660, stack(0x0000004367f00000,0x0000004368000000) (1024K)]
  0x0000015939f96d10 JavaThread "Unconstrained build operations Thread 90"        [_thread_blocked, id=7172, stack(0x0000004368000000,0x0000004368100000) (1024K)]
  0x0000015939f973a0 JavaThread "Unconstrained build operations Thread 91"        [_thread_blocked, id=11576, stack(0x0000004368100000,0x0000004368200000) (1024K)]
  0x0000015939f980c0 JavaThread "Unconstrained build operations Thread 92"        [_thread_blocked, id=11528, stack(0x0000004368200000,0x0000004368300000) (1024K)]
  0x0000015939f952d0 JavaThread "Unconstrained build operations Thread 93"        [_thread_blocked, id=14712, stack(0x0000004368300000,0x0000004368400000) (1024K)]
  0x0000015939f95960 JavaThread "Unconstrained build operations Thread 94"        [_thread_blocked, id=14988, stack(0x0000004368400000,0x0000004368500000) (1024K)]
  0x0000015939dd5670 JavaThread "Unconstrained build operations Thread 95"        [_thread_blocked, id=11536, stack(0x0000004368500000,0x0000004368600000) (1024K)]
  0x0000015939dd2f10 JavaThread "Unconstrained build operations Thread 96"        [_thread_blocked, id=11480, stack(0x0000004368600000,0x0000004368700000) (1024K)]
  0x0000015939ba6fd0 JavaThread "Unconstrained build operations Thread 97"        [_thread_blocked, id=15868, stack(0x0000004368700000,0x0000004368800000) (1024K)]
  0x0000015936b39150 JavaThread "Unconstrained build operations Thread 98"        [_thread_blocked, id=11652, stack(0x0000004360900000,0x0000004360a00000) (1024K)]
  0x0000015938b62900 JavaThread "Unconstrained build operations Thread 99"        [_thread_blocked, id=3708, stack(0x0000004366f00000,0x0000004367000000) (1024K)]
  0x0000015938b62f90 JavaThread "Unconstrained build operations Thread 100"        [_thread_blocked, id=21724, stack(0x0000004367100000,0x0000004367200000) (1024K)]
  0x0000015938b5fb10 JavaThread "Unconstrained build operations Thread 101"        [_thread_blocked, id=22264, stack(0x0000004367600000,0x0000004367700000) (1024K)]
  0x0000015938b63620 JavaThread "Unconstrained build operations Thread 102"        [_thread_blocked, id=13648, stack(0x0000004367700000,0x0000004367800000) (1024K)]
  0x0000015938b601a0 JavaThread "Unconstrained build operations Thread 103"        [_thread_blocked, id=19396, stack(0x0000004368800000,0x0000004368900000) (1024K)]
  0x0000015938b649d0 JavaThread "Unconstrained build operations Thread 104"        [_thread_blocked, id=20104, stack(0x0000004368900000,0x0000004368a00000) (1024K)]
  0x0000015938b63cb0 JavaThread "Unconstrained build operations Thread 105"        [_thread_blocked, id=20160, stack(0x0000004368a00000,0x0000004368b00000) (1024K)]
  0x0000015938b656f0 JavaThread "Unconstrained build operations Thread 106"        [_thread_blocked, id=19104, stack(0x0000004368b00000,0x0000004368c00000) (1024K)]
  0x0000015938b65d80 JavaThread "Unconstrained build operations Thread 107"        [_thread_blocked, id=21984, stack(0x0000004368c00000,0x0000004368d00000) (1024K)]
  0x0000015938b64340 JavaThread "Unconstrained build operations Thread 108"        [_thread_blocked, id=22008, stack(0x0000004368d00000,0x0000004368e00000) (1024K)]
  0x00000159392c82d0 JavaThread "Unconstrained build operations Thread 109"        [_thread_blocked, id=22000, stack(0x0000004368e00000,0x0000004368f00000) (1024K)]
  0x00000159392c4e50 JavaThread "Unconstrained build operations Thread 110"        [_thread_blocked, id=21352, stack(0x0000004368f00000,0x0000004369000000) (1024K)]
  0x00000159392c54e0 JavaThread "Unconstrained build operations Thread 111"        [_thread_blocked, id=4568, stack(0x0000004369000000,0x0000004369100000) (1024K)]
  0x00000159392c5b70 JavaThread "Unconstrained build operations Thread 112"        [_thread_blocked, id=17540, stack(0x0000004367500000,0x0000004367600000) (1024K)]
  0x0000015938a64830 JavaThread "Unconstrained build operations Thread 113"        [_thread_blocked, id=19060, stack(0x0000004369100000,0x0000004369200000) (1024K)]
  0x0000015938a64ec0 JavaThread "Unconstrained build operations Thread 114"        [_thread_blocked, id=18352, stack(0x0000004369200000,0x0000004369300000) (1024K)]
  0x0000015936cb3bd0 JavaThread "Unconstrained build operations Thread 115"        [_thread_blocked, id=14736, stack(0x0000004369300000,0x0000004369400000) (1024K)]
  0x0000015938e00880 JavaThread "Unconstrained build operations Thread 116"        [_thread_blocked, id=8684, stack(0x0000004369400000,0x0000004369500000) (1024K)]
  0x0000015938dffb60 JavaThread "Unconstrained build operations Thread 117"        [_thread_blocked, id=18332, stack(0x0000004369500000,0x0000004369600000) (1024K)]
  0x0000015938dff4d0 JavaThread "Unconstrained build operations Thread 118"        [_thread_blocked, id=14420, stack(0x0000004369600000,0x0000004369700000) (1024K)]
  0x0000015938e001f0 JavaThread "Unconstrained build operations Thread 119"        [_thread_blocked, id=18344, stack(0x0000004369700000,0x0000004369800000) (1024K)]
  0x0000015933ce8410 JavaThread "Unconstrained build operations Thread 120"        [_thread_blocked, id=21200, stack(0x0000004369c00000,0x0000004369d00000) (1024K)]
  0x0000015939207930 JavaThread "Unconstrained build operations Thread 121"        [_thread_blocked, id=21184, stack(0x0000004369d00000,0x0000004369e00000) (1024K)]
  0x000001592ff10600 JavaThread "Unconstrained build operations Thread 122"        [_thread_blocked, id=21380, stack(0x0000004369e00000,0x0000004369f00000) (1024K)]
  0x000001592ff0ff70 JavaThread "Unconstrained build operations Thread 123"        [_thread_blocked, id=21624, stack(0x0000004369f00000,0x000000436a000000) (1024K)]
  0x000001592ff10c90 JavaThread "Unconstrained build operations Thread 124"        [_thread_blocked, id=21752, stack(0x000000436a000000,0x000000436a100000) (1024K)]
  0x000001592ff0f8e0 JavaThread "Unconstrained build operations Thread 125"        [_thread_blocked, id=13280, stack(0x000000436a100000,0x000000436a200000) (1024K)]
  0x000001592ff11320 JavaThread "Unconstrained build operations Thread 126"        [_thread_blocked, id=22416, stack(0x000000436a200000,0x000000436a300000) (1024K)]
  0x000001592ff0ebc0 JavaThread "Unconstrained build operations Thread 127"        [_thread_blocked, id=10120, stack(0x000000436a300000,0x000000436a400000) (1024K)]
  0x000001592ff0f250 JavaThread "Unconstrained build operations Thread 128"        [_thread_blocked, id=6628, stack(0x000000436a400000,0x000000436a500000) (1024K)]
  0x000001592ff0dea0 JavaThread "Unconstrained build operations Thread 129"        [_thread_blocked, id=7672, stack(0x000000436a500000,0x000000436a600000) (1024K)]
  0x00000159350c7180 JavaThread "Unconstrained build operations Thread 130"        [_thread_blocked, id=10272, stack(0x000000436a600000,0x000000436a700000) (1024K)]
  0x00000159322b0040 JavaThread "jar transforms Thread 2"           [_thread_blocked, id=16880, stack(0x000000436aa00000,0x000000436ab00000) (1024K)]
  0x00000159322ae600 JavaThread "Exec process"                      [_thread_blocked, id=14028, stack(0x000000436ab00000,0x000000436ac00000) (1024K)]
  0x00000159350c50b0 JavaThread "Exec process Thread 2"             [_thread_blocked, id=15140, stack(0x000000436ac00000,0x000000436ad00000) (1024K)]
  0x00000159350c5740 JavaThread "Exec process Thread 3"             [_thread_blocked, id=13664, stack(0x000000436ad00000,0x000000436ae00000) (1024K)]
  0x00000159322af320 JavaThread "jar transforms Thread 3"           [_thread_blocked, id=11396, stack(0x000000436ae00000,0x000000436af00000) (1024K)]
  0x0000015948bfe250 JavaThread "Unconstrained build operations Thread 131"        [_thread_blocked, id=21332, stack(0x0000004369900000,0x0000004369a00000) (1024K)]
  0x0000015948bff600 JavaThread "Unconstrained build operations Thread 132"        [_thread_blocked, id=2440, stack(0x0000004369a00000,0x0000004369b00000) (1024K)]
  0x0000015948bfef70 JavaThread "Unconstrained build operations Thread 133"        [_thread_blocked, id=17480, stack(0x0000004369b00000,0x0000004369c00000) (1024K)]
  0x0000015948bfe8e0 JavaThread "Unconstrained build operations Thread 134"        [_thread_blocked, id=17020, stack(0x000000436af00000,0x000000436b000000) (1024K)]
  0x0000015948bfcea0 JavaThread "Unconstrained build operations Thread 135"        [_thread_blocked, id=7568, stack(0x000000436b000000,0x000000436b100000) (1024K)]
  0x0000015948bfdbc0 JavaThread "Unconstrained build operations Thread 136"        [_thread_blocked, id=20636, stack(0x000000436b100000,0x000000436b200000) (1024K)]
  0x0000015948bfc180 JavaThread "Unconstrained build operations Thread 137"        [_thread_blocked, id=20252, stack(0x000000436b200000,0x000000436b300000) (1024K)]
  0x0000015948bfd530 JavaThread "Unconstrained build operations Thread 138"        [_thread_blocked, id=6088, stack(0x000000436b300000,0x000000436b400000) (1024K)]
  0x0000015948bfc810 JavaThread "Unconstrained build operations Thread 139"        [_thread_blocked, id=17708, stack(0x000000436b400000,0x000000436b500000) (1024K)]
  0x0000015934d87760 JavaThread "Unconstrained build operations Thread 140"        [_thread_blocked, id=5324, stack(0x000000436b500000,0x000000436b600000) (1024K)]
  0x00000159385d8f00 JavaThread "Unconstrained build operations Thread 141"        [_thread_blocked, id=8348, stack(0x000000436b600000,0x000000436b700000) (1024K)]
  0x00000159385d9590 JavaThread "Unconstrained build operations Thread 142"        [_thread_blocked, id=9060, stack(0x000000436b700000,0x000000436b800000) (1024K)]
  0x0000015934d3a600 JavaThread "Unconstrained build operations Thread 143"        [_thread_blocked, id=2128, stack(0x000000436b800000,0x000000436b900000) (1024K)]
  0x0000015934d3d3f0 JavaThread "Unconstrained build operations Thread 144"        [_thread_blocked, id=3840, stack(0x000000436b900000,0x000000436ba00000) (1024K)]
  0x00000159391e73f0 JavaThread "Unconstrained build operations Thread 145"        [_thread_blocked, id=9792, stack(0x000000436ba00000,0x000000436bb00000) (1024K)]
  0x00000159322b06d0 JavaThread "Unconstrained build operations Thread 146"        [_thread_blocked, id=17868, stack(0x000000436bb00000,0x000000436bc00000) (1024K)]
  0x0000015939dd3c30 JavaThread "Unconstrained build operations Thread 147"        [_thread_blocked, id=3572, stack(0x000000436bd00000,0x000000436be00000) (1024K)]
  0x00000159365805a0 JavaThread "Unconstrained build operations Thread 148"        [_thread_blocked, id=18456, stack(0x000000436be00000,0x000000436bf00000) (1024K)]
  0x0000015938dfe120 JavaThread "Unconstrained build operations Thread 149"        [_thread_blocked, id=13416, stack(0x000000436bf00000,0x000000436c000000) (1024K)]
  0x0000015938dfda90 JavaThread "Unconstrained build operations Thread 150"        [_thread_blocked, id=3412, stack(0x000000436c000000,0x000000436c100000) (1024K)]
  0x0000015938dfd400 JavaThread "Unconstrained build operations Thread 151"        [_thread_blocked, id=2280, stack(0x000000436c100000,0x000000436c200000) (1024K)]
  0x0000015938e00f10 JavaThread "Unconstrained build operations Thread 152"        [_thread_blocked, id=17212, stack(0x000000436c200000,0x000000436c300000) (1024K)]
  0x0000015938e015a0 JavaThread "Unconstrained build operations Thread 153"        [_thread_blocked, id=12736, stack(0x000000436c300000,0x000000436c400000) (1024K)]
  0x000001592fc810a0 JavaThread "Unconstrained build operations Thread 154"        [_thread_blocked, id=3260, stack(0x000000436c600000,0x000000436c700000) (1024K)]
  0x0000015936b3b220 JavaThread "Unconstrained build operations Thread 155"        [_thread_blocked, id=19440, stack(0x000000436c800000,0x000000436c900000) (1024K)]
  0x00000159350c5dd0 JavaThread "Unconstrained build operations Thread 156"        [_thread_blocked, id=3276, stack(0x000000436a800000,0x000000436a900000) (1024K)]
  0x00000159391e5320 JavaThread "Unconstrained build operations Thread 157"        [_thread_blocked, id=3284, stack(0x000000436a900000,0x000000436aa00000) (1024K)]
  0x0000015934ec8730 JavaThread "Unconstrained build operations Thread 158"        [_thread_blocked, id=17656, stack(0x000000436c900000,0x000000436ca00000) (1024K)]
  0x0000015934ec9450 JavaThread "Unconstrained build operations Thread 159"        [_thread_blocked, id=5924, stack(0x000000436ca00000,0x000000436cb00000) (1024K)]
  0x0000015934ec80a0 JavaThread "Unconstrained build operations Thread 160"        [_thread_blocked, id=11044, stack(0x000000436cb00000,0x000000436cc00000) (1024K)]
  0x0000015936580c30 JavaThread "jar transforms Thread 4"           [_thread_blocked, id=19772, stack(0x000000436bc00000,0x000000436bd00000) (1024K)]
  0x0000015939dd21f0 JavaThread "jar transforms Thread 5"           [_thread_blocked, id=22148, stack(0x000000436cc00000,0x000000436cd00000) (1024K)]
  0x00000159336c5460 JavaThread "jar transforms Thread 6"           [_thread_blocked, id=10940, stack(0x0000004367000000,0x0000004367100000) (1024K)]
Total: 235

Other Threads:
  0x000001597e43e230 VMThread "VM Thread"                           [id=22104, stack(0x000000435cf00000,0x000000435d000000) (1024K)] _threads_hazard_ptr=0x0000015948f80b10
  0x000001597e431c60 WatcherThread "VM Periodic Task Thread"        [id=3904, stack(0x000000435ce00000,0x000000435cf00000) (1024K)]
  0x000001596e175470 WorkerThread "GC Thread#0"                     [id=19424, stack(0x000000435c900000,0x000000435ca00000) (1024K)]
  0x000001597e9e2b50 WorkerThread "GC Thread#1"                     [id=22388, stack(0x000000435de00000,0x000000435df00000) (1024K)]
  0x000001597ec33600 WorkerThread "GC Thread#2"                     [id=22400, stack(0x000000435df00000,0x000000435e000000) (1024K)]
  0x000001597ec339b0 WorkerThread "GC Thread#3"                     [id=22404, stack(0x000000435e000000,0x000000435e100000) (1024K)]
  0x000001597ec33d60 WorkerThread "GC Thread#4"                     [id=22408, stack(0x000000435e100000,0x000000435e200000) (1024K)]
  0x000001593027c990 WorkerThread "GC Thread#5"                     [id=22128, stack(0x000000435f100000,0x000000435f200000) (1024K)]
  0x00000159302795f0 WorkerThread "GC Thread#6"                     [id=22172, stack(0x000000435f200000,0x000000435f300000) (1024K)]
  0x000001593027a100 WorkerThread "GC Thread#7"                     [id=22116, stack(0x000000435f300000,0x000000435f400000) (1024K)]
  0x000001593027a4b0 WorkerThread "GC Thread#8"                     [id=22156, stack(0x000000435f400000,0x000000435f500000) (1024K)]
  0x00000159302799a0 WorkerThread "GC Thread#9"                     [id=17960, stack(0x000000435f500000,0x000000435f600000) (1024K)]
  0x000001593027cd40 WorkerThread "GC Thread#10"                    [id=7632, stack(0x000000435f600000,0x000000435f700000) (1024K)]
  0x0000015930279240 WorkerThread "GC Thread#11"                    [id=7284, stack(0x000000435f700000,0x000000435f800000) (1024K)]
  0x000001593027afc0 WorkerThread "GC Thread#12"                    [id=17820, stack(0x000000435f800000,0x000000435f900000) (1024K)]
  0x000001596e186370 ConcurrentGCThread "G1 Main Marker"            [id=20168, stack(0x000000435ca00000,0x000000435cb00000) (1024K)]
  0x000001596e187c10 WorkerThread "G1 Conc#0"                       [id=21328, stack(0x000000435cb00000,0x000000435cc00000) (1024K)]
  0x00000159305dc820 WorkerThread "G1 Conc#1"                       [id=3652, stack(0x000000435f900000,0x000000435fa00000) (1024K)]
  0x00000159305da340 WorkerThread "G1 Conc#2"                       [id=20940, stack(0x000000435fa00000,0x000000435fb00000) (1024K)]
  0x000001597e2fcee0 ConcurrentGCThread "G1 Refine#0"               [id=19432, stack(0x000000435cc00000,0x000000435cd00000) (1024K)]
  0x000001597e2fe720 ConcurrentGCThread "G1 Service"                [id=22376, stack(0x000000435cd00000,0x000000435ce00000) (1024K)]
Total: 21

Threads with active compile tasks:
Total: 0

VM state: synchronizing (normal execution)

VM Mutex/Monitor currently owned by a thread:  ([mutex/lock_event])
[0x00007ffe77757f10] Metaspace_lock - owner thread: 0x000001592f1fc390
[0x00007ffe77759f10] Threads_lock - owner thread: 0x000001597e43e230

Heap address: 0x0000000080000000, size: 2048 MB, Compressed Oops mode: 32-bit

CDS archive(s) mapped at: [0x000001590f000000-0x000001590fc90000-0x000001590fc90000), size 13172736, SharedBaseAddress: 0x000001590f000000, ArchiveRelocationMode: 1.
Compressed class space mapped at: 0x0000015910000000-0x000001592a000000, reserved size: 436207616
Narrow klass base: 0x000001590f000000, Narrow klass shift: 0, Narrow klass range: 0x100000000

GC Precious Log:
 CardTable entry size: 512
 Card Set container configuration: InlinePtr #cards 5 size 8 Array Of Cards #cards 12 size 40 Howl #buckets 4 coarsen threshold 1843 Howl Bitmap #cards 512 size 80 coarsen threshold 460 Card regions per heap region 1 cards per card region 2048
 CPUs: 16 total, 16 available
 Memory: 13624M
 Large Page Support: Disabled
 NUMA Support: Disabled
 Compressed Oops: Enabled (32-bit)
 Heap Region Size: 1M
 Heap Min Capacity: 8M
 Heap Initial Capacity: 214M
 Heap Max Capacity: 2G
 Pre-touch: Disabled
 Parallel Workers: 13
 Concurrent Workers: 3
 Concurrent Refinement Workers: 13
 Periodic GC: Disabled

Heap:
 garbage-first heap   total 941056K, used 595323K [0x0000000080000000, 0x0000000100000000)
  region size 1024K, 357 young (365568K), 19 survivors (19456K)
 Metaspace       used 176376K, committed 179264K, reserved 622592K
  class space    used 21497K, committed 22912K, reserved 425984K

Heap Regions: E=young(eden), S=young(survivor), O=old, HS=humongous(starts), HC=humongous(continues), CS=collection set, F=free, TAMS=top-at-mark-start, PB=parsable bottom
|   0|0x0000000080000000, 0x0000000080100000, 0x0000000080100000|100%|HS|  |TAMS 0x0000000080000000| PB 0x0000000080000000| Complete 
|   1|0x0000000080100000, 0x0000000080200000, 0x0000000080200000|100%|HC|  |TAMS 0x0000000080100000| PB 0x0000000080100000| Complete 
|   2|0x0000000080200000, 0x0000000080300000, 0x0000000080300000|100%|HC|  |TAMS 0x0000000080200000| PB 0x0000000080200000| Complete 
|   3|0x0000000080300000, 0x0000000080400000, 0x0000000080400000|100%| O|  |TAMS 0x0000000080300000| PB 0x0000000080300000| Untracked 
|   4|0x0000000080400000, 0x0000000080500000, 0x0000000080500000|100%| O|  |TAMS 0x0000000080400000| PB 0x0000000080400000| Untracked 
|   5|0x0000000080500000, 0x0000000080600000, 0x0000000080600000|100%| O|  |TAMS 0x0000000080500000| PB 0x0000000080500000| Untracked 
|   6|0x0000000080600000, 0x0000000080700000, 0x0000000080700000|100%|HS|  |TAMS 0x0000000080600000| PB 0x0000000080600000| Complete 
|   7|0x0000000080700000, 0x0000000080800000, 0x0000000080800000|100%| O|  |TAMS 0x0000000080700000| PB 0x0000000080700000| Untracked 
|   8|0x0000000080800000, 0x0000000080900000, 0x0000000080900000|100%| O|  |TAMS 0x0000000080800000| PB 0x0000000080800000| Untracked 
|   9|0x0000000080900000, 0x0000000080a00000, 0x0000000080a00000|100%| O|  |TAMS 0x0000000080900000| PB 0x0000000080900000| Untracked 
|  10|0x0000000080a00000, 0x0000000080b00000, 0x0000000080b00000|100%| O|  |TAMS 0x0000000080a00000| PB 0x0000000080a00000| Untracked 
|  11|0x0000000080b00000, 0x0000000080c00000, 0x0000000080c00000|100%| O|  |TAMS 0x0000000080b00000| PB 0x0000000080b00000| Untracked 
|  12|0x0000000080c00000, 0x0000000080d00000, 0x0000000080d00000|100%| O|  |TAMS 0x0000000080c00000| PB 0x0000000080c00000| Untracked 
|  13|0x0000000080d00000, 0x0000000080e00000, 0x0000000080e00000|100%| O|  |TAMS 0x0000000080d00000| PB 0x0000000080d00000| Untracked 
|  14|0x0000000080e00000, 0x0000000080f00000, 0x0000000080f00000|100%| O|  |TAMS 0x0000000080e00000| PB 0x0000000080e00000| Untracked 
|  15|0x0000000080f00000, 0x0000000081000000, 0x0000000081000000|100%| O|  |TAMS 0x0000000080f00000| PB 0x0000000080f00000| Untracked 
|  16|0x0000000081000000, 0x0000000081100000, 0x0000000081100000|100%| O|  |TAMS 0x0000000081000000| PB 0x0000000081000000| Untracked 
|  17|0x0000000081100000, 0x0000000081200000, 0x0000000081200000|100%| O|  |TAMS 0x0000000081100000| PB 0x0000000081100000| Untracked 
|  18|0x0000000081200000, 0x0000000081300000, 0x0000000081300000|100%| O|  |TAMS 0x0000000081200000| PB 0x0000000081200000| Untracked 
|  19|0x0000000081300000, 0x0000000081400000, 0x0000000081400000|100%| O|  |TAMS 0x0000000081300000| PB 0x0000000081300000| Untracked 
|  20|0x0000000081400000, 0x0000000081500000, 0x0000000081500000|100%| O|  |TAMS 0x0000000081400000| PB 0x0000000081400000| Untracked 
|  21|0x0000000081500000, 0x0000000081600000, 0x0000000081600000|100%| O|  |TAMS 0x0000000081500000| PB 0x0000000081500000| Untracked 
|  22|0x0000000081600000, 0x0000000081700000, 0x0000000081700000|100%| O|  |TAMS 0x0000000081600000| PB 0x0000000081600000| Untracked 
|  23|0x0000000081700000, 0x0000000081800000, 0x0000000081800000|100%| O|  |TAMS 0x0000000081700000| PB 0x0000000081700000| Untracked 
|  24|0x0000000081800000, 0x0000000081900000, 0x0000000081900000|100%| O|  |TAMS 0x0000000081800000| PB 0x0000000081800000| Untracked 
|  25|0x0000000081900000, 0x0000000081a00000, 0x0000000081a00000|100%| O|  |TAMS 0x0000000081900000| PB 0x0000000081900000| Untracked 
|  26|0x0000000081a00000, 0x0000000081b00000, 0x0000000081b00000|100%| O|  |TAMS 0x0000000081a00000| PB 0x0000000081a00000| Untracked 
|  27|0x0000000081b00000, 0x0000000081c00000, 0x0000000081c00000|100%| O|  |TAMS 0x0000000081b00000| PB 0x0000000081b00000| Untracked 
|  28|0x0000000081c00000, 0x0000000081d00000, 0x0000000081d00000|100%| O|  |TAMS 0x0000000081c00000| PB 0x0000000081c00000| Untracked 
|  29|0x0000000081d00000, 0x0000000081e00000, 0x0000000081e00000|100%| O|  |TAMS 0x0000000081d00000| PB 0x0000000081d00000| Untracked 
|  30|0x0000000081e00000, 0x0000000081f00000, 0x0000000081f00000|100%| O|  |TAMS 0x0000000081e00000| PB 0x0000000081e00000| Untracked 
|  31|0x0000000081f00000, 0x0000000082000000, 0x0000000082000000|100%| O|  |TAMS 0x0000000081f00000| PB 0x0000000081f00000| Untracked 
|  32|0x0000000082000000, 0x0000000082100000, 0x0000000082100000|100%| O|  |TAMS 0x0000000082000000| PB 0x0000000082000000| Untracked 
|  33|0x0000000082100000, 0x0000000082200000, 0x0000000082200000|100%| O|  |TAMS 0x0000000082100000| PB 0x0000000082100000| Untracked 
|  34|0x0000000082200000, 0x0000000082300000, 0x0000000082300000|100%| O|  |TAMS 0x0000000082200000| PB 0x0000000082200000| Untracked 
|  35|0x0000000082300000, 0x0000000082400000, 0x0000000082400000|100%| O|  |TAMS 0x0000000082300000| PB 0x0000000082300000| Untracked 
|  36|0x0000000082400000, 0x0000000082500000, 0x0000000082500000|100%| O|  |TAMS 0x0000000082400000| PB 0x0000000082400000| Untracked 
|  37|0x0000000082500000, 0x0000000082600000, 0x0000000082600000|100%| O|  |TAMS 0x0000000082500000| PB 0x0000000082500000| Untracked 
|  38|0x0000000082600000, 0x0000000082700000, 0x0000000082700000|100%| O|  |TAMS 0x0000000082600000| PB 0x0000000082600000| Untracked 
|  39|0x0000000082700000, 0x0000000082800000, 0x0000000082800000|100%| O|  |TAMS 0x0000000082700000| PB 0x0000000082700000| Untracked 
|  40|0x0000000082800000, 0x0000000082900000, 0x0000000082900000|100%| O|  |TAMS 0x0000000082800000| PB 0x0000000082800000| Untracked 
|  41|0x0000000082900000, 0x0000000082a00000, 0x0000000082a00000|100%| O|  |TAMS 0x0000000082900000| PB 0x0000000082900000| Untracked 
|  42|0x0000000082a00000, 0x0000000082b00000, 0x0000000082b00000|100%| O|  |TAMS 0x0000000082a00000| PB 0x0000000082a00000| Untracked 
|  43|0x0000000082b00000, 0x0000000082c00000, 0x0000000082c00000|100%| O|  |TAMS 0x0000000082b00000| PB 0x0000000082b00000| Untracked 
|  44|0x0000000082c00000, 0x0000000082d00000, 0x0000000082d00000|100%| O|  |TAMS 0x0000000082c00000| PB 0x0000000082c00000| Untracked 
|  45|0x0000000082d00000, 0x0000000082e00000, 0x0000000082e00000|100%| O|  |TAMS 0x0000000082d00000| PB 0x0000000082d00000| Untracked 
|  46|0x0000000082e00000, 0x0000000082f00000, 0x0000000082f00000|100%| O|  |TAMS 0x0000000082e00000| PB 0x0000000082e00000| Untracked 
|  47|0x0000000082f00000, 0x0000000083000000, 0x0000000083000000|100%| O|  |TAMS 0x0000000082f00000| PB 0x0000000082f00000| Untracked 
|  48|0x0000000083000000, 0x0000000083100000, 0x0000000083100000|100%| O|  |TAMS 0x0000000083000000| PB 0x0000000083000000| Untracked 
|  49|0x0000000083100000, 0x0000000083200000, 0x0000000083200000|100%| O|  |TAMS 0x0000000083100000| PB 0x0000000083100000| Untracked 
|  50|0x0000000083200000, 0x0000000083300000, 0x0000000083300000|100%| O|  |TAMS 0x0000000083200000| PB 0x0000000083200000| Untracked 
|  51|0x0000000083300000, 0x0000000083400000, 0x0000000083400000|100%| O|  |TAMS 0x0000000083300000| PB 0x0000000083300000| Untracked 
|  52|0x0000000083400000, 0x0000000083500000, 0x0000000083500000|100%| O|  |TAMS 0x0000000083400000| PB 0x0000000083400000| Untracked 
|  53|0x0000000083500000, 0x0000000083600000, 0x0000000083600000|100%| O|  |TAMS 0x0000000083500000| PB 0x0000000083500000| Untracked 
|  54|0x0000000083600000, 0x0000000083700000, 0x0000000083700000|100%| O|  |TAMS 0x0000000083600000| PB 0x0000000083600000| Untracked 
|  55|0x0000000083700000, 0x0000000083800000, 0x0000000083800000|100%| O|  |TAMS 0x0000000083700000| PB 0x0000000083700000| Untracked 
|  56|0x0000000083800000, 0x0000000083900000, 0x0000000083900000|100%| O|  |TAMS 0x0000000083800000| PB 0x0000000083800000| Untracked 
|  57|0x0000000083900000, 0x0000000083a00000, 0x0000000083a00000|100%| O|  |TAMS 0x0000000083900000| PB 0x0000000083900000| Untracked 
|  58|0x0000000083a00000, 0x0000000083b00000, 0x0000000083b00000|100%| O|  |TAMS 0x0000000083a00000| PB 0x0000000083a00000| Untracked 
|  59|0x0000000083b00000, 0x0000000083c00000, 0x0000000083c00000|100%| O|  |TAMS 0x0000000083b00000| PB 0x0000000083b00000| Untracked 
|  60|0x0000000083c00000, 0x0000000083d00000, 0x0000000083d00000|100%| O|  |TAMS 0x0000000083c00000| PB 0x0000000083c00000| Untracked 
|  61|0x0000000083d00000, 0x0000000083e00000, 0x0000000083e00000|100%|HS|  |TAMS 0x0000000083d00000| PB 0x0000000083d00000| Complete 
|  62|0x0000000083e00000, 0x0000000083f00000, 0x0000000083f00000|100%| O|  |TAMS 0x0000000083e00000| PB 0x0000000083e00000| Untracked 
|  63|0x0000000083f00000, 0x0000000084000000, 0x0000000084000000|100%| O|  |TAMS 0x0000000083f00000| PB 0x0000000083f00000| Untracked 
|  64|0x0000000084000000, 0x0000000084100000, 0x0000000084100000|100%| O|  |TAMS 0x0000000084000000| PB 0x0000000084000000| Untracked 
|  65|0x0000000084100000, 0x0000000084200000, 0x0000000084200000|100%| O|  |TAMS 0x0000000084100000| PB 0x0000000084100000| Untracked 
|  66|0x0000000084200000, 0x0000000084300000, 0x0000000084300000|100%| O|  |TAMS 0x0000000084200000| PB 0x0000000084200000| Untracked 
|  67|0x0000000084300000, 0x0000000084400000, 0x0000000084400000|100%| O|  |TAMS 0x0000000084300000| PB 0x0000000084300000| Untracked 
|  68|0x0000000084400000, 0x0000000084500000, 0x0000000084500000|100%| O|  |TAMS 0x0000000084400000| PB 0x0000000084400000| Untracked 
|  69|0x0000000084500000, 0x0000000084600000, 0x0000000084600000|100%|HS|  |TAMS 0x0000000084500000| PB 0x0000000084500000| Complete 
|  70|0x0000000084600000, 0x0000000084700000, 0x0000000084700000|100%|HC|  |TAMS 0x0000000084600000| PB 0x0000000084600000| Complete 
|  71|0x0000000084700000, 0x0000000084800000, 0x0000000084800000|100%|HC|  |TAMS 0x0000000084700000| PB 0x0000000084700000| Complete 
|  72|0x0000000084800000, 0x0000000084900000, 0x0000000084900000|100%| O|  |TAMS 0x0000000084800000| PB 0x0000000084800000| Untracked 
|  73|0x0000000084900000, 0x0000000084a00000, 0x0000000084a00000|100%| O|  |TAMS 0x0000000084900000| PB 0x0000000084900000| Untracked 
|  74|0x0000000084a00000, 0x0000000084b00000, 0x0000000084b00000|100%| O|  |TAMS 0x0000000084a00000| PB 0x0000000084a00000| Untracked 
|  75|0x0000000084b00000, 0x0000000084c00000, 0x0000000084c00000|100%| O|  |TAMS 0x0000000084b00000| PB 0x0000000084b00000| Untracked 
|  76|0x0000000084c00000, 0x0000000084d00000, 0x0000000084d00000|100%|HS|  |TAMS 0x0000000084c00000| PB 0x0000000084c00000| Complete 
|  77|0x0000000084d00000, 0x0000000084e00000, 0x0000000084e00000|100%|HC|  |TAMS 0x0000000084d00000| PB 0x0000000084d00000| Complete 
|  78|0x0000000084e00000, 0x0000000084f00000, 0x0000000084f00000|100%|HC|  |TAMS 0x0000000084e00000| PB 0x0000000084e00000| Complete 
|  79|0x0000000084f00000, 0x0000000085000000, 0x0000000085000000|100%|HS|  |TAMS 0x0000000084f00000| PB 0x0000000084f00000| Complete 
|  80|0x0000000085000000, 0x0000000085100000, 0x0000000085100000|100%|HS|  |TAMS 0x0000000085000000| PB 0x0000000085000000| Complete 
|  81|0x0000000085100000, 0x0000000085200000, 0x0000000085200000|100%| O|  |TAMS 0x0000000085100000| PB 0x0000000085100000| Untracked 
|  82|0x0000000085200000, 0x0000000085300000, 0x0000000085300000|100%| O|  |TAMS 0x0000000085200000| PB 0x0000000085200000| Untracked 
|  83|0x0000000085300000, 0x0000000085400000, 0x0000000085400000|100%| O|  |TAMS 0x0000000085300000| PB 0x0000000085300000| Untracked 
|  84|0x0000000085400000, 0x0000000085500000, 0x0000000085500000|100%| O|  |TAMS 0x0000000085400000| PB 0x0000000085400000| Untracked 
|  85|0x0000000085500000, 0x0000000085600000, 0x0000000085600000|100%| O|  |TAMS 0x0000000085500000| PB 0x0000000085500000| Untracked 
|  86|0x0000000085600000, 0x0000000085700000, 0x0000000085700000|100%| O|  |TAMS 0x0000000085600000| PB 0x0000000085600000| Untracked 
|  87|0x0000000085700000, 0x0000000085800000, 0x0000000085800000|100%| O|  |TAMS 0x0000000085700000| PB 0x0000000085700000| Untracked 
|  88|0x0000000085800000, 0x0000000085900000, 0x0000000085900000|100%| O|  |TAMS 0x0000000085800000| PB 0x0000000085800000| Untracked 
|  89|0x0000000085900000, 0x0000000085a00000, 0x0000000085a00000|100%| O|  |TAMS 0x0000000085900000| PB 0x0000000085900000| Untracked 
|  90|0x0000000085a00000, 0x0000000085b00000, 0x0000000085b00000|100%| O|  |TAMS 0x0000000085a00000| PB 0x0000000085a00000| Untracked 
|  91|0x0000000085b00000, 0x0000000085c00000, 0x0000000085c00000|100%| O|  |TAMS 0x0000000085b00000| PB 0x0000000085b00000| Untracked 
|  92|0x0000000085c00000, 0x0000000085d00000, 0x0000000085d00000|100%| O|  |TAMS 0x0000000085c00000| PB 0x0000000085c00000| Untracked 
|  93|0x0000000085d00000, 0x0000000085e00000, 0x0000000085e00000|100%| O|  |TAMS 0x0000000085d00000| PB 0x0000000085d00000| Untracked 
|  94|0x0000000085e00000, 0x0000000085f00000, 0x0000000085f00000|100%| O|  |TAMS 0x0000000085e00000| PB 0x0000000085e00000| Untracked 
|  95|0x0000000085f00000, 0x0000000086000000, 0x0000000086000000|100%|HS|  |TAMS 0x0000000085f00000| PB 0x0000000085f00000| Complete 
|  96|0x0000000086000000, 0x0000000086100000, 0x0000000086100000|100%|HC|  |TAMS 0x0000000086000000| PB 0x0000000086000000| Complete 
|  97|0x0000000086100000, 0x0000000086200000, 0x0000000086200000|100%|HC|  |TAMS 0x0000000086100000| PB 0x0000000086100000| Complete 
|  98|0x0000000086200000, 0x0000000086300000, 0x0000000086300000|100%| O|  |TAMS 0x0000000086200000| PB 0x0000000086200000| Untracked 
|  99|0x0000000086300000, 0x0000000086400000, 0x0000000086400000|100%| O|  |TAMS 0x0000000086300000| PB 0x0000000086300000| Untracked 
| 100|0x0000000086400000, 0x0000000086500000, 0x0000000086500000|100%| O|  |TAMS 0x0000000086400000| PB 0x0000000086400000| Untracked 
| 101|0x0000000086500000, 0x0000000086600000, 0x0000000086600000|100%| O|  |TAMS 0x0000000086500000| PB 0x0000000086500000| Untracked 
| 102|0x0000000086600000, 0x0000000086700000, 0x0000000086700000|100%| O|  |TAMS 0x0000000086600000| PB 0x0000000086600000| Untracked 
| 103|0x0000000086700000, 0x0000000086800000, 0x0000000086800000|100%| O|  |TAMS 0x0000000086700000| PB 0x0000000086700000| Untracked 
| 104|0x0000000086800000, 0x0000000086900000, 0x0000000086900000|100%| O|  |TAMS 0x0000000086800000| PB 0x0000000086800000| Untracked 
| 105|0x0000000086900000, 0x0000000086a00000, 0x0000000086a00000|100%| O|  |TAMS 0x0000000086900000| PB 0x0000000086900000| Untracked 
| 106|0x0000000086a00000, 0x0000000086b00000, 0x0000000086b00000|100%| O|  |TAMS 0x0000000086a00000| PB 0x0000000086a00000| Untracked 
| 107|0x0000000086b00000, 0x0000000086c00000, 0x0000000086c00000|100%| O|  |TAMS 0x0000000086b00000| PB 0x0000000086b00000| Untracked 
| 108|0x0000000086c00000, 0x0000000086d00000, 0x0000000086d00000|100%| O|  |TAMS 0x0000000086c00000| PB 0x0000000086c00000| Untracked 
| 109|0x0000000086d00000, 0x0000000086e00000, 0x0000000086e00000|100%| O|  |TAMS 0x0000000086d00000| PB 0x0000000086d00000| Untracked 
| 110|0x0000000086e00000, 0x0000000086f00000, 0x0000000086f00000|100%| O|  |TAMS 0x0000000086e00000| PB 0x0000000086e00000| Untracked 
| 111|0x0000000086f00000, 0x0000000086f5ece0, 0x0000000087000000| 37%| O|  |TAMS 0x0000000086f00000| PB 0x0000000086f00000| Untracked 
| 112|0x0000000087000000, 0x0000000087100000, 0x0000000087100000|100%| O|  |TAMS 0x0000000087000000| PB 0x0000000087000000| Untracked 
| 113|0x0000000087100000, 0x0000000087200000, 0x0000000087200000|100%| O|  |TAMS 0x0000000087100000| PB 0x0000000087100000| Untracked 
| 114|0x0000000087200000, 0x0000000087300000, 0x0000000087300000|100%| O|  |TAMS 0x0000000087200000| PB 0x0000000087200000| Untracked 
| 115|0x0000000087300000, 0x0000000087400000, 0x0000000087400000|100%| O|  |TAMS 0x0000000087300000| PB 0x0000000087300000| Untracked 
| 116|0x0000000087400000, 0x0000000087500000, 0x0000000087500000|100%|HS|  |TAMS 0x0000000087400000| PB 0x0000000087400000| Complete 
| 117|0x0000000087500000, 0x0000000087600000, 0x0000000087600000|100%| O|  |TAMS 0x0000000087500000| PB 0x0000000087500000| Untracked 
| 118|0x0000000087600000, 0x0000000087700000, 0x0000000087700000|100%| O|  |TAMS 0x0000000087600000| PB 0x0000000087600000| Untracked 
| 119|0x0000000087700000, 0x0000000087800000, 0x0000000087800000|100%| O|  |TAMS 0x0000000087700000| PB 0x0000000087700000| Untracked 
| 120|0x0000000087800000, 0x0000000087900000, 0x0000000087900000|100%| O|  |TAMS 0x0000000087800000| PB 0x0000000087800000| Untracked 
| 121|0x0000000087900000, 0x0000000087a00000, 0x0000000087a00000|100%|HS|  |TAMS 0x0000000087900000| PB 0x0000000087900000| Complete 
| 122|0x0000000087a00000, 0x0000000087b00000, 0x0000000087b00000|100%|HS|  |TAMS 0x0000000087a00000| PB 0x0000000087a00000| Complete 
| 123|0x0000000087b00000, 0x0000000087c00000, 0x0000000087c00000|100%|HS|  |TAMS 0x0000000087b00000| PB 0x0000000087b00000| Complete 
| 124|0x0000000087c00000, 0x0000000087d00000, 0x0000000087d00000|100%| O|  |TAMS 0x0000000087c00000| PB 0x0000000087c00000| Untracked 
| 125|0x0000000087d00000, 0x0000000087e00000, 0x0000000087e00000|100%|HS|  |TAMS 0x0000000087d00000| PB 0x0000000087d00000| Complete 
| 126|0x0000000087e00000, 0x0000000087e00000, 0x0000000087f00000|  0%| F|  |TAMS 0x0000000087e00000| PB 0x0000000087e00000| Untracked 
| 127|0x0000000087f00000, 0x0000000087f00000, 0x0000000088000000|  0%| F|  |TAMS 0x0000000087f00000| PB 0x0000000087f00000| Untracked 
| 128|0x0000000088000000, 0x0000000088000000, 0x0000000088100000|  0%| F|  |TAMS 0x0000000088000000| PB 0x0000000088000000| Untracked 
| 129|0x0000000088100000, 0x0000000088100000, 0x0000000088200000|  0%| F|  |TAMS 0x0000000088100000| PB 0x0000000088100000| Untracked 
| 130|0x0000000088200000, 0x0000000088200000, 0x0000000088300000|  0%| F|  |TAMS 0x0000000088200000| PB 0x0000000088200000| Untracked 
| 131|0x0000000088300000, 0x0000000088300000, 0x0000000088400000|  0%| F|  |TAMS 0x0000000088300000| PB 0x0000000088300000| Untracked 
| 132|0x0000000088400000, 0x0000000088400000, 0x0000000088500000|  0%| F|  |TAMS 0x0000000088400000| PB 0x0000000088400000| Untracked 
| 133|0x0000000088500000, 0x0000000088500000, 0x0000000088600000|  0%| F|  |TAMS 0x0000000088500000| PB 0x0000000088500000| Untracked 
| 134|0x0000000088600000, 0x0000000088600000, 0x0000000088700000|  0%| F|  |TAMS 0x0000000088600000| PB 0x0000000088600000| Untracked 
| 135|0x0000000088700000, 0x0000000088700000, 0x0000000088800000|  0%| F|  |TAMS 0x0000000088700000| PB 0x0000000088700000| Untracked 
| 136|0x0000000088800000, 0x0000000088800000, 0x0000000088900000|  0%| F|  |TAMS 0x0000000088800000| PB 0x0000000088800000| Untracked 
| 137|0x0000000088900000, 0x0000000088900000, 0x0000000088a00000|  0%| F|  |TAMS 0x0000000088900000| PB 0x0000000088900000| Untracked 
| 138|0x0000000088a00000, 0x0000000088a00000, 0x0000000088b00000|  0%| F|  |TAMS 0x0000000088a00000| PB 0x0000000088a00000| Untracked 
| 139|0x0000000088b00000, 0x0000000088b00000, 0x0000000088c00000|  0%| F|  |TAMS 0x0000000088b00000| PB 0x0000000088b00000| Untracked 
| 140|0x0000000088c00000, 0x0000000088c00000, 0x0000000088d00000|  0%| F|  |TAMS 0x0000000088c00000| PB 0x0000000088c00000| Untracked 
| 141|0x0000000088d00000, 0x0000000088d00000, 0x0000000088e00000|  0%| F|  |TAMS 0x0000000088d00000| PB 0x0000000088d00000| Untracked 
| 142|0x0000000088e00000, 0x0000000088f00000, 0x0000000088f00000|100%| O|  |TAMS 0x0000000088e00000| PB 0x0000000088e00000| Untracked 
| 143|0x0000000088f00000, 0x0000000089000000, 0x0000000089000000|100%| O|  |TAMS 0x0000000088f00000| PB 0x0000000088f00000| Untracked 
| 144|0x0000000089000000, 0x0000000089100000, 0x0000000089100000|100%| O|  |TAMS 0x0000000089000000| PB 0x0000000089000000| Untracked 
| 145|0x0000000089100000, 0x0000000089200000, 0x0000000089200000|100%| O|  |TAMS 0x0000000089100000| PB 0x0000000089100000| Untracked 
| 146|0x0000000089200000, 0x0000000089300000, 0x0000000089300000|100%| O|  |TAMS 0x0000000089200000| PB 0x0000000089200000| Untracked 
| 147|0x0000000089300000, 0x0000000089400000, 0x0000000089400000|100%| O|  |TAMS 0x0000000089300000| PB 0x0000000089300000| Untracked 
| 148|0x0000000089400000, 0x0000000089500000, 0x0000000089500000|100%| O|  |TAMS 0x0000000089400000| PB 0x0000000089400000| Untracked 
| 149|0x0000000089500000, 0x0000000089600000, 0x0000000089600000|100%| O|  |TAMS 0x0000000089500000| PB 0x0000000089500000| Untracked 
| 150|0x0000000089600000, 0x0000000089700000, 0x0000000089700000|100%| O|  |TAMS 0x0000000089600000| PB 0x0000000089600000| Untracked 
| 151|0x0000000089700000, 0x0000000089800000, 0x0000000089800000|100%| O|  |TAMS 0x0000000089700000| PB 0x0000000089700000| Untracked 
| 152|0x0000000089800000, 0x0000000089900000, 0x0000000089900000|100%| O|  |TAMS 0x0000000089800000| PB 0x0000000089800000| Untracked 
| 153|0x0000000089900000, 0x0000000089a00000, 0x0000000089a00000|100%| O|  |TAMS 0x0000000089900000| PB 0x0000000089900000| Untracked 
| 154|0x0000000089a00000, 0x0000000089b00000, 0x0000000089b00000|100%| O|  |TAMS 0x0000000089a00000| PB 0x0000000089a00000| Untracked 
| 155|0x0000000089b00000, 0x0000000089c00000, 0x0000000089c00000|100%| O|  |TAMS 0x0000000089b00000| PB 0x0000000089b00000| Untracked 
| 156|0x0000000089c00000, 0x0000000089d00000, 0x0000000089d00000|100%| O|  |TAMS 0x0000000089c00000| PB 0x0000000089c00000| Untracked 
| 157|0x0000000089d00000, 0x0000000089e00000, 0x0000000089e00000|100%| O|  |TAMS 0x0000000089d00000| PB 0x0000000089d00000| Untracked 
| 158|0x0000000089e00000, 0x0000000089f00000, 0x0000000089f00000|100%| O|  |TAMS 0x0000000089e00000| PB 0x0000000089e00000| Untracked 
| 159|0x0000000089f00000, 0x000000008a000000, 0x000000008a000000|100%| O|  |TAMS 0x0000000089f00000| PB 0x0000000089f00000| Untracked 
| 160|0x000000008a000000, 0x000000008a100000, 0x000000008a100000|100%| O|  |TAMS 0x000000008a000000| PB 0x000000008a000000| Untracked 
| 161|0x000000008a100000, 0x000000008a200000, 0x000000008a200000|100%| O|  |TAMS 0x000000008a100000| PB 0x000000008a100000| Untracked 
| 162|0x000000008a200000, 0x000000008a300000, 0x000000008a300000|100%| O|  |TAMS 0x000000008a200000| PB 0x000000008a200000| Untracked 
| 163|0x000000008a300000, 0x000000008a400000, 0x000000008a400000|100%| O|  |TAMS 0x000000008a300000| PB 0x000000008a300000| Untracked 
| 164|0x000000008a400000, 0x000000008a400000, 0x000000008a500000|  0%| F|  |TAMS 0x000000008a400000| PB 0x000000008a400000| Untracked 
| 165|0x000000008a500000, 0x000000008a500000, 0x000000008a600000|  0%| F|  |TAMS 0x000000008a500000| PB 0x000000008a500000| Untracked 
| 166|0x000000008a600000, 0x000000008a600000, 0x000000008a700000|  0%| F|  |TAMS 0x000000008a600000| PB 0x000000008a600000| Untracked 
| 167|0x000000008a700000, 0x000000008a700000, 0x000000008a800000|  0%| F|  |TAMS 0x000000008a700000| PB 0x000000008a700000| Untracked 
| 168|0x000000008a800000, 0x000000008a800000, 0x000000008a900000|  0%| F|  |TAMS 0x000000008a800000| PB 0x000000008a800000| Untracked 
| 169|0x000000008a900000, 0x000000008a900000, 0x000000008aa00000|  0%| F|  |TAMS 0x000000008a900000| PB 0x000000008a900000| Untracked 
| 170|0x000000008aa00000, 0x000000008aa00000, 0x000000008ab00000|  0%| F|  |TAMS 0x000000008aa00000| PB 0x000000008aa00000| Untracked 
| 171|0x000000008ab00000, 0x000000008ab00000, 0x000000008ac00000|  0%| F|  |TAMS 0x000000008ab00000| PB 0x000000008ab00000| Untracked 
| 172|0x000000008ac00000, 0x000000008ac00000, 0x000000008ad00000|  0%| F|  |TAMS 0x000000008ac00000| PB 0x000000008ac00000| Untracked 
| 173|0x000000008ad00000, 0x000000008ad00000, 0x000000008ae00000|  0%| F|  |TAMS 0x000000008ad00000| PB 0x000000008ad00000| Untracked 
| 174|0x000000008ae00000, 0x000000008ae00000, 0x000000008af00000|  0%| F|  |TAMS 0x000000008ae00000| PB 0x000000008ae00000| Untracked 
| 175|0x000000008af00000, 0x000000008af00000, 0x000000008b000000|  0%| F|  |TAMS 0x000000008af00000| PB 0x000000008af00000| Untracked 
| 176|0x000000008b000000, 0x000000008b000000, 0x000000008b100000|  0%| F|  |TAMS 0x000000008b000000| PB 0x000000008b000000| Untracked 
| 177|0x000000008b100000, 0x000000008b100000, 0x000000008b200000|  0%| F|  |TAMS 0x000000008b100000| PB 0x000000008b100000| Untracked 
| 178|0x000000008b200000, 0x000000008b200000, 0x000000008b300000|  0%| F|  |TAMS 0x000000008b200000| PB 0x000000008b200000| Untracked 
| 179|0x000000008b300000, 0x000000008b300000, 0x000000008b400000|  0%| F|  |TAMS 0x000000008b300000| PB 0x000000008b300000| Untracked 
| 180|0x000000008b400000, 0x000000008b400000, 0x000000008b500000|  0%| F|  |TAMS 0x000000008b400000| PB 0x000000008b400000| Untracked 
| 181|0x000000008b500000, 0x000000008b500000, 0x000000008b600000|  0%| F|  |TAMS 0x000000008b500000| PB 0x000000008b500000| Untracked 
| 182|0x000000008b600000, 0x000000008b600000, 0x000000008b700000|  0%| F|  |TAMS 0x000000008b600000| PB 0x000000008b600000| Untracked 
| 183|0x000000008b700000, 0x000000008b700000, 0x000000008b800000|  0%| F|  |TAMS 0x000000008b700000| PB 0x000000008b700000| Untracked 
| 184|0x000000008b800000, 0x000000008b800000, 0x000000008b900000|  0%| F|  |TAMS 0x000000008b800000| PB 0x000000008b800000| Untracked 
| 185|0x000000008b900000, 0x000000008b900000, 0x000000008ba00000|  0%| F|  |TAMS 0x000000008b900000| PB 0x000000008b900000| Untracked 
| 186|0x000000008ba00000, 0x000000008bb00000, 0x000000008bb00000|100%| O|  |TAMS 0x000000008ba00000| PB 0x000000008ba00000| Untracked 
| 187|0x000000008bb00000, 0x000000008bc00000, 0x000000008bc00000|100%| O|  |TAMS 0x000000008bb00000| PB 0x000000008bb00000| Untracked 
| 188|0x000000008bc00000, 0x000000008bd00000, 0x000000008bd00000|100%| O|  |TAMS 0x000000008bc00000| PB 0x000000008bc00000| Untracked 
| 189|0x000000008bd00000, 0x000000008be00000, 0x000000008be00000|100%| O|  |TAMS 0x000000008bd00000| PB 0x000000008bd00000| Untracked 
| 190|0x000000008be00000, 0x000000008bf00000, 0x000000008bf00000|100%| O|  |TAMS 0x000000008be00000| PB 0x000000008be00000| Untracked 
| 191|0x000000008bf00000, 0x000000008c000000, 0x000000008c000000|100%| O|  |TAMS 0x000000008bf00000| PB 0x000000008bf00000| Untracked 
| 192|0x000000008c000000, 0x000000008c100000, 0x000000008c100000|100%| O|  |TAMS 0x000000008c000000| PB 0x000000008c000000| Untracked 
| 193|0x000000008c100000, 0x000000008c200000, 0x000000008c200000|100%| O|  |TAMS 0x000000008c100000| PB 0x000000008c100000| Untracked 
| 194|0x000000008c200000, 0x000000008c300000, 0x000000008c300000|100%| O|  |TAMS 0x000000008c200000| PB 0x000000008c200000| Untracked 
| 195|0x000000008c300000, 0x000000008c400000, 0x000000008c400000|100%| O|  |TAMS 0x000000008c300000| PB 0x000000008c300000| Untracked 
| 196|0x000000008c400000, 0x000000008c500000, 0x000000008c500000|100%| O|  |TAMS 0x000000008c400000| PB 0x000000008c400000| Untracked 
| 197|0x000000008c500000, 0x000000008c600000, 0x000000008c600000|100%| O|  |TAMS 0x000000008c500000| PB 0x000000008c500000| Untracked 
| 198|0x000000008c600000, 0x000000008c700000, 0x000000008c700000|100%| O|  |TAMS 0x000000008c600000| PB 0x000000008c600000| Untracked 
| 199|0x000000008c700000, 0x000000008c800000, 0x000000008c800000|100%| O|  |TAMS 0x000000008c700000| PB 0x000000008c700000| Untracked 
| 200|0x000000008c800000, 0x000000008c900000, 0x000000008c900000|100%| O|  |TAMS 0x000000008c800000| PB 0x000000008c800000| Untracked 
| 201|0x000000008c900000, 0x000000008ca00000, 0x000000008ca00000|100%| O|  |TAMS 0x000000008c900000| PB 0x000000008c900000| Untracked 
| 202|0x000000008ca00000, 0x000000008cb00000, 0x000000008cb00000|100%| O|  |TAMS 0x000000008ca00000| PB 0x000000008ca00000| Untracked 
| 203|0x000000008cb00000, 0x000000008cc00000, 0x000000008cc00000|100%| O|  |TAMS 0x000000008cb00000| PB 0x000000008cb00000| Untracked 
| 204|0x000000008cc00000, 0x000000008cc00000, 0x000000008cd00000|  0%| F|  |TAMS 0x000000008cc00000| PB 0x000000008cc00000| Untracked 
| 205|0x000000008cd00000, 0x000000008cd00000, 0x000000008ce00000|  0%| F|  |TAMS 0x000000008cd00000| PB 0x000000008cd00000| Untracked 
| 206|0x000000008ce00000, 0x000000008ce00000, 0x000000008cf00000|  0%| F|  |TAMS 0x000000008ce00000| PB 0x000000008ce00000| Untracked 
| 207|0x000000008cf00000, 0x000000008cf00000, 0x000000008d000000|  0%| F|  |TAMS 0x000000008cf00000| PB 0x000000008cf00000| Untracked 
| 208|0x000000008d000000, 0x000000008d100000, 0x000000008d100000|100%| O|  |TAMS 0x000000008d000000| PB 0x000000008d000000| Untracked 
| 209|0x000000008d100000, 0x000000008d200000, 0x000000008d200000|100%| O|  |TAMS 0x000000008d100000| PB 0x000000008d100000| Untracked 
| 210|0x000000008d200000, 0x000000008d200000, 0x000000008d300000|  0%| F|  |TAMS 0x000000008d200000| PB 0x000000008d200000| Untracked 
| 211|0x000000008d300000, 0x000000008d400000, 0x000000008d400000|100%| O|  |TAMS 0x000000008d300000| PB 0x000000008d300000| Untracked 
| 212|0x000000008d400000, 0x000000008d500000, 0x000000008d500000|100%| O|  |TAMS 0x000000008d400000| PB 0x000000008d400000| Untracked 
| 213|0x000000008d500000, 0x000000008d600000, 0x000000008d600000|100%| O|  |TAMS 0x000000008d500000| PB 0x000000008d500000| Untracked 
| 214|0x000000008d600000, 0x000000008d700000, 0x000000008d700000|100%| O|  |TAMS 0x000000008d600000| PB 0x000000008d600000| Untracked 
| 215|0x000000008d700000, 0x000000008d800000, 0x000000008d800000|100%| O|  |TAMS 0x000000008d700000| PB 0x000000008d700000| Untracked 
| 216|0x000000008d800000, 0x000000008d900000, 0x000000008d900000|100%| O|  |TAMS 0x000000008d800000| PB 0x000000008d800000| Untracked 
| 217|0x000000008d900000, 0x000000008da00000, 0x000000008da00000|100%| O|  |TAMS 0x000000008d900000| PB 0x000000008d900000| Untracked 
| 218|0x000000008da00000, 0x000000008db00000, 0x000000008db00000|100%| O|  |TAMS 0x000000008da00000| PB 0x000000008da00000| Untracked 
| 219|0x000000008db00000, 0x000000008dc00000, 0x000000008dc00000|100%| O|  |TAMS 0x000000008db00000| PB 0x000000008db00000| Untracked 
| 220|0x000000008dc00000, 0x000000008dd00000, 0x000000008dd00000|100%| O|  |TAMS 0x000000008dc00000| PB 0x000000008dc00000| Untracked 
| 221|0x000000008dd00000, 0x000000008de00000, 0x000000008de00000|100%| O|  |TAMS 0x000000008dd00000| PB 0x000000008dd00000| Untracked 
| 222|0x000000008de00000, 0x000000008df00000, 0x000000008df00000|100%| O|  |TAMS 0x000000008de00000| PB 0x000000008de00000| Untracked 
| 223|0x000000008df00000, 0x000000008e000000, 0x000000008e000000|100%| O|  |TAMS 0x000000008df00000| PB 0x000000008df00000| Untracked 
| 224|0x000000008e000000, 0x000000008e100000, 0x000000008e100000|100%| O|  |TAMS 0x000000008e000000| PB 0x000000008e000000| Untracked 
| 225|0x000000008e100000, 0x000000008e200000, 0x000000008e200000|100%| O|  |TAMS 0x000000008e100000| PB 0x000000008e100000| Untracked 
| 226|0x000000008e200000, 0x000000008e300000, 0x000000008e300000|100%| O|  |TAMS 0x000000008e200000| PB 0x000000008e200000| Untracked 
| 227|0x000000008e300000, 0x000000008e400000, 0x000000008e400000|100%| O|  |TAMS 0x000000008e300000| PB 0x000000008e300000| Untracked 
| 228|0x000000008e400000, 0x000000008e500000, 0x000000008e500000|100%| O|  |TAMS 0x000000008e400000| PB 0x000000008e400000| Untracked 
| 229|0x000000008e500000, 0x000000008e600000, 0x000000008e600000|100%| O|  |TAMS 0x000000008e500000| PB 0x000000008e500000| Untracked 
| 230|0x000000008e600000, 0x000000008e700000, 0x000000008e700000|100%| O|  |TAMS 0x000000008e600000| PB 0x000000008e600000| Untracked 
| 231|0x000000008e700000, 0x000000008e800000, 0x000000008e800000|100%| O|  |TAMS 0x000000008e700000| PB 0x000000008e700000| Untracked 
| 232|0x000000008e800000, 0x000000008e900000, 0x000000008e900000|100%| O|  |TAMS 0x000000008e800000| PB 0x000000008e800000| Untracked 
| 233|0x000000008e900000, 0x000000008ea00000, 0x000000008ea00000|100%| O|  |TAMS 0x000000008e900000| PB 0x000000008e900000| Untracked 
| 234|0x000000008ea00000, 0x000000008eb00000, 0x000000008eb00000|100%| O|  |TAMS 0x000000008ea00000| PB 0x000000008ea00000| Untracked 
| 235|0x000000008eb00000, 0x000000008ec00000, 0x000000008ec00000|100%| O|  |TAMS 0x000000008eb00000| PB 0x000000008eb00000| Untracked 
| 236|0x000000008ec00000, 0x000000008ed00000, 0x000000008ed00000|100%| O|  |TAMS 0x000000008ec00000| PB 0x000000008ec00000| Untracked 
| 237|0x000000008ed00000, 0x000000008ee00000, 0x000000008ee00000|100%| O|  |TAMS 0x000000008ed00000| PB 0x000000008ed00000| Untracked 
| 238|0x000000008ee00000, 0x000000008ef00000, 0x000000008ef00000|100%| O|  |TAMS 0x000000008ee00000| PB 0x000000008ee00000| Untracked 
| 239|0x000000008ef00000, 0x000000008f000000, 0x000000008f000000|100%| O|  |TAMS 0x000000008ef00000| PB 0x000000008ef00000| Untracked 
| 240|0x000000008f000000, 0x000000008f100000, 0x000000008f100000|100%| O|  |TAMS 0x000000008f000000| PB 0x000000008f000000| Untracked 
| 241|0x000000008f100000, 0x000000008f200000, 0x000000008f200000|100%| O|  |TAMS 0x000000008f100000| PB 0x000000008f100000| Untracked 
| 242|0x000000008f200000, 0x000000008f300000, 0x000000008f300000|100%| O|  |TAMS 0x000000008f200000| PB 0x000000008f200000| Untracked 
| 243|0x000000008f300000, 0x000000008f400000, 0x000000008f400000|100%| O|  |TAMS 0x000000008f300000| PB 0x000000008f300000| Untracked 
| 244|0x000000008f400000, 0x000000008f500000, 0x000000008f500000|100%| O|  |TAMS 0x000000008f400000| PB 0x000000008f400000| Untracked 
| 245|0x000000008f500000, 0x000000008f600000, 0x000000008f600000|100%| O|  |TAMS 0x000000008f500000| PB 0x000000008f500000| Untracked 
| 246|0x000000008f600000, 0x000000008f700000, 0x000000008f700000|100%| O|  |TAMS 0x000000008f600000| PB 0x000000008f600000| Untracked 
| 247|0x000000008f700000, 0x000000008f800000, 0x000000008f800000|100%| O|  |TAMS 0x000000008f700000| PB 0x000000008f700000| Untracked 
| 248|0x000000008f800000, 0x000000008f900000, 0x000000008f900000|100%| O|  |TAMS 0x000000008f800000| PB 0x000000008f800000| Untracked 
| 249|0x000000008f900000, 0x000000008fa00000, 0x000000008fa00000|100%| O|  |TAMS 0x000000008f900000| PB 0x000000008f900000| Untracked 
| 250|0x000000008fa00000, 0x000000008fb00000, 0x000000008fb00000|100%| O|  |TAMS 0x000000008fa00000| PB 0x000000008fa00000| Untracked 
| 251|0x000000008fb00000, 0x000000008fc00000, 0x000000008fc00000|100%| O|  |TAMS 0x000000008fb00000| PB 0x000000008fb00000| Untracked 
| 252|0x000000008fc00000, 0x000000008fd00000, 0x000000008fd00000|100%| O|  |TAMS 0x000000008fc00000| PB 0x000000008fc00000| Untracked 
| 253|0x000000008fd00000, 0x000000008fe00000, 0x000000008fe00000|100%| O|  |TAMS 0x000000008fd00000| PB 0x000000008fd00000| Untracked 
| 254|0x000000008fe00000, 0x000000008ff00000, 0x000000008ff00000|100%| O|  |TAMS 0x000000008fe00000| PB 0x000000008fe00000| Untracked 
| 255|0x000000008ff00000, 0x0000000090000000, 0x0000000090000000|100%| O|  |TAMS 0x000000008ff00000| PB 0x000000008ff00000| Untracked 
| 256|0x0000000090000000, 0x0000000090100000, 0x0000000090100000|100%| O|  |TAMS 0x0000000090000000| PB 0x0000000090000000| Untracked 
| 257|0x0000000090100000, 0x0000000090200000, 0x0000000090200000|100%| O|  |TAMS 0x0000000090100000| PB 0x0000000090100000| Untracked 
| 258|0x0000000090200000, 0x0000000090300000, 0x0000000090300000|100%| O|  |TAMS 0x0000000090200000| PB 0x0000000090200000| Untracked 
| 259|0x0000000090300000, 0x0000000090400000, 0x0000000090400000|100%| O|  |TAMS 0x0000000090300000| PB 0x0000000090300000| Untracked 
| 260|0x0000000090400000, 0x0000000090500000, 0x0000000090500000|100%| O|  |TAMS 0x0000000090400000| PB 0x0000000090400000| Untracked 
| 261|0x0000000090500000, 0x0000000090600000, 0x0000000090600000|100%| O|  |TAMS 0x0000000090500000| PB 0x0000000090500000| Untracked 
| 262|0x0000000090600000, 0x0000000090700000, 0x0000000090700000|100%| O|  |TAMS 0x0000000090600000| PB 0x0000000090600000| Untracked 
| 263|0x0000000090700000, 0x0000000090800000, 0x0000000090800000|100%| O|  |TAMS 0x0000000090700000| PB 0x0000000090700000| Untracked 
| 264|0x0000000090800000, 0x0000000090900000, 0x0000000090900000|100%|HS|  |TAMS 0x0000000090800000| PB 0x0000000090800000| Complete 
| 265|0x0000000090900000, 0x0000000090900000, 0x0000000090a00000|  0%| F|  |TAMS 0x0000000090900000| PB 0x0000000090900000| Untracked 
| 266|0x0000000090a00000, 0x0000000090a00000, 0x0000000090b00000|  0%| F|  |TAMS 0x0000000090a00000| PB 0x0000000090a00000| Untracked 
| 267|0x0000000090b00000, 0x0000000090b00000, 0x0000000090c00000|  0%| F|  |TAMS 0x0000000090b00000| PB 0x0000000090b00000| Untracked 
| 268|0x0000000090c00000, 0x0000000090c00000, 0x0000000090d00000|  0%| F|  |TAMS 0x0000000090c00000| PB 0x0000000090c00000| Untracked 
| 269|0x0000000090d00000, 0x0000000090d00000, 0x0000000090e00000|  0%| F|  |TAMS 0x0000000090d00000| PB 0x0000000090d00000| Untracked 
| 270|0x0000000090e00000, 0x0000000090e00000, 0x0000000090f00000|  0%| F|  |TAMS 0x0000000090e00000| PB 0x0000000090e00000| Untracked 
| 271|0x0000000090f00000, 0x0000000090f00000, 0x0000000091000000|  0%| F|  |TAMS 0x0000000090f00000| PB 0x0000000090f00000| Untracked 
| 272|0x0000000091000000, 0x0000000091000000, 0x0000000091100000|  0%| F|  |TAMS 0x0000000091000000| PB 0x0000000091000000| Untracked 
| 273|0x0000000091100000, 0x0000000091100000, 0x0000000091200000|  0%| F|  |TAMS 0x0000000091100000| PB 0x0000000091100000| Untracked 
| 274|0x0000000091200000, 0x0000000091200000, 0x0000000091300000|  0%| F|  |TAMS 0x0000000091200000| PB 0x0000000091200000| Untracked 
| 275|0x0000000091300000, 0x0000000091300000, 0x0000000091400000|  0%| F|  |TAMS 0x0000000091300000| PB 0x0000000091300000| Untracked 
| 276|0x0000000091400000, 0x0000000091400000, 0x0000000091500000|  0%| F|  |TAMS 0x0000000091400000| PB 0x0000000091400000| Untracked 
| 277|0x0000000091500000, 0x0000000091500000, 0x0000000091600000|  0%| F|  |TAMS 0x0000000091500000| PB 0x0000000091500000| Untracked 
| 278|0x0000000091600000, 0x0000000091600000, 0x0000000091700000|  0%| F|  |TAMS 0x0000000091600000| PB 0x0000000091600000| Untracked 
| 279|0x0000000091700000, 0x0000000091700000, 0x0000000091800000|  0%| F|  |TAMS 0x0000000091700000| PB 0x0000000091700000| Untracked 
| 280|0x0000000091800000, 0x0000000091800000, 0x0000000091900000|  0%| F|  |TAMS 0x0000000091800000| PB 0x0000000091800000| Untracked 
| 281|0x0000000091900000, 0x0000000091900000, 0x0000000091a00000|  0%| F|  |TAMS 0x0000000091900000| PB 0x0000000091900000| Untracked 
| 282|0x0000000091a00000, 0x0000000091a00000, 0x0000000091b00000|  0%| F|  |TAMS 0x0000000091a00000| PB 0x0000000091a00000| Untracked 
| 283|0x0000000091b00000, 0x0000000091b00000, 0x0000000091c00000|  0%| F|  |TAMS 0x0000000091b00000| PB 0x0000000091b00000| Untracked 
| 284|0x0000000091c00000, 0x0000000091c00000, 0x0000000091d00000|  0%| F|  |TAMS 0x0000000091c00000| PB 0x0000000091c00000| Untracked 
| 285|0x0000000091d00000, 0x0000000091d00000, 0x0000000091e00000|  0%| F|  |TAMS 0x0000000091d00000| PB 0x0000000091d00000| Untracked 
| 286|0x0000000091e00000, 0x0000000091e00000, 0x0000000091f00000|  0%| F|  |TAMS 0x0000000091e00000| PB 0x0000000091e00000| Untracked 
| 287|0x0000000091f00000, 0x0000000091f00000, 0x0000000092000000|  0%| F|  |TAMS 0x0000000091f00000| PB 0x0000000091f00000| Untracked 
| 288|0x0000000092000000, 0x0000000092000000, 0x0000000092100000|  0%| F|  |TAMS 0x0000000092000000| PB 0x0000000092000000| Untracked 
| 289|0x0000000092100000, 0x0000000092100000, 0x0000000092200000|  0%| F|  |TAMS 0x0000000092100000| PB 0x0000000092100000| Untracked 
| 290|0x0000000092200000, 0x0000000092200000, 0x0000000092300000|  0%| F|  |TAMS 0x0000000092200000| PB 0x0000000092200000| Untracked 
| 291|0x0000000092300000, 0x0000000092300000, 0x0000000092400000|  0%| F|  |TAMS 0x0000000092300000| PB 0x0000000092300000| Untracked 
| 292|0x0000000092400000, 0x0000000092400000, 0x0000000092500000|  0%| F|  |TAMS 0x0000000092400000| PB 0x0000000092400000| Untracked 
| 293|0x0000000092500000, 0x0000000092500000, 0x0000000092600000|  0%| F|  |TAMS 0x0000000092500000| PB 0x0000000092500000| Untracked 
| 294|0x0000000092600000, 0x0000000092600000, 0x0000000092700000|  0%| F|  |TAMS 0x0000000092600000| PB 0x0000000092600000| Untracked 
| 295|0x0000000092700000, 0x0000000092700000, 0x0000000092800000|  0%| F|  |TAMS 0x0000000092700000| PB 0x0000000092700000| Untracked 
| 296|0x0000000092800000, 0x0000000092800000, 0x0000000092900000|  0%| F|  |TAMS 0x0000000092800000| PB 0x0000000092800000| Untracked 
| 297|0x0000000092900000, 0x0000000092900000, 0x0000000092a00000|  0%| F|  |TAMS 0x0000000092900000| PB 0x0000000092900000| Untracked 
| 298|0x0000000092a00000, 0x0000000092a00000, 0x0000000092b00000|  0%| F|  |TAMS 0x0000000092a00000| PB 0x0000000092a00000| Untracked 
| 299|0x0000000092b00000, 0x0000000092b00000, 0x0000000092c00000|  0%| F|  |TAMS 0x0000000092b00000| PB 0x0000000092b00000| Untracked 
| 300|0x0000000092c00000, 0x0000000092c00000, 0x0000000092d00000|  0%| F|  |TAMS 0x0000000092c00000| PB 0x0000000092c00000| Untracked 
| 301|0x0000000092d00000, 0x0000000092d00000, 0x0000000092e00000|  0%| F|  |TAMS 0x0000000092d00000| PB 0x0000000092d00000| Untracked 
| 302|0x0000000092e00000, 0x0000000092e00000, 0x0000000092f00000|  0%| F|  |TAMS 0x0000000092e00000| PB 0x0000000092e00000| Untracked 
| 303|0x0000000092f00000, 0x0000000092f00000, 0x0000000093000000|  0%| F|  |TAMS 0x0000000092f00000| PB 0x0000000092f00000| Untracked 
| 304|0x0000000093000000, 0x0000000093000000, 0x0000000093100000|  0%| F|  |TAMS 0x0000000093000000| PB 0x0000000093000000| Untracked 
| 305|0x0000000093100000, 0x0000000093100000, 0x0000000093200000|  0%| F|  |TAMS 0x0000000093100000| PB 0x0000000093100000| Untracked 
| 306|0x0000000093200000, 0x0000000093200000, 0x0000000093300000|  0%| F|  |TAMS 0x0000000093200000| PB 0x0000000093200000| Untracked 
| 307|0x0000000093300000, 0x0000000093300000, 0x0000000093400000|  0%| F|  |TAMS 0x0000000093300000| PB 0x0000000093300000| Untracked 
| 308|0x0000000093400000, 0x0000000093400000, 0x0000000093500000|  0%| F|  |TAMS 0x0000000093400000| PB 0x0000000093400000| Untracked 
| 309|0x0000000093500000, 0x0000000093500000, 0x0000000093600000|  0%| F|  |TAMS 0x0000000093500000| PB 0x0000000093500000| Untracked 
| 310|0x0000000093600000, 0x0000000093600000, 0x0000000093700000|  0%| F|  |TAMS 0x0000000093600000| PB 0x0000000093600000| Untracked 
| 311|0x0000000093700000, 0x0000000093700000, 0x0000000093800000|  0%| F|  |TAMS 0x0000000093700000| PB 0x0000000093700000| Untracked 
| 312|0x0000000093800000, 0x0000000093800000, 0x0000000093900000|  0%| F|  |TAMS 0x0000000093800000| PB 0x0000000093800000| Untracked 
| 313|0x0000000093900000, 0x0000000093900000, 0x0000000093a00000|  0%| F|  |TAMS 0x0000000093900000| PB 0x0000000093900000| Untracked 
| 314|0x0000000093a00000, 0x0000000093a00000, 0x0000000093b00000|  0%| F|  |TAMS 0x0000000093a00000| PB 0x0000000093a00000| Untracked 
| 315|0x0000000093b00000, 0x0000000093b00000, 0x0000000093c00000|  0%| F|  |TAMS 0x0000000093b00000| PB 0x0000000093b00000| Untracked 
| 316|0x0000000093c00000, 0x0000000093c00000, 0x0000000093d00000|  0%| F|  |TAMS 0x0000000093c00000| PB 0x0000000093c00000| Untracked 
| 317|0x0000000093d00000, 0x0000000093d00000, 0x0000000093e00000|  0%| F|  |TAMS 0x0000000093d00000| PB 0x0000000093d00000| Untracked 
| 318|0x0000000093e00000, 0x0000000093e00000, 0x0000000093f00000|  0%| F|  |TAMS 0x0000000093e00000| PB 0x0000000093e00000| Untracked 
| 319|0x0000000093f00000, 0x0000000093f00000, 0x0000000094000000|  0%| F|  |TAMS 0x0000000093f00000| PB 0x0000000093f00000| Untracked 
| 320|0x0000000094000000, 0x0000000094000000, 0x0000000094100000|  0%| F|  |TAMS 0x0000000094000000| PB 0x0000000094000000| Untracked 
| 321|0x0000000094100000, 0x0000000094100000, 0x0000000094200000|  0%| F|  |TAMS 0x0000000094100000| PB 0x0000000094100000| Untracked 
| 322|0x0000000094200000, 0x0000000094200000, 0x0000000094300000|  0%| F|  |TAMS 0x0000000094200000| PB 0x0000000094200000| Untracked 
| 323|0x0000000094300000, 0x0000000094300000, 0x0000000094400000|  0%| F|  |TAMS 0x0000000094300000| PB 0x0000000094300000| Untracked 
| 324|0x0000000094400000, 0x0000000094400000, 0x0000000094500000|  0%| F|  |TAMS 0x0000000094400000| PB 0x0000000094400000| Untracked 
| 325|0x0000000094500000, 0x0000000094500000, 0x0000000094600000|  0%| F|  |TAMS 0x0000000094500000| PB 0x0000000094500000| Untracked 
| 326|0x0000000094600000, 0x0000000094600000, 0x0000000094700000|  0%| F|  |TAMS 0x0000000094600000| PB 0x0000000094600000| Untracked 
| 327|0x0000000094700000, 0x0000000094700000, 0x0000000094800000|  0%| F|  |TAMS 0x0000000094700000| PB 0x0000000094700000| Untracked 
| 328|0x0000000094800000, 0x0000000094800000, 0x0000000094900000|  0%| F|  |TAMS 0x0000000094800000| PB 0x0000000094800000| Untracked 
| 329|0x0000000094900000, 0x0000000094900000, 0x0000000094a00000|  0%| F|  |TAMS 0x0000000094900000| PB 0x0000000094900000| Untracked 
| 330|0x0000000094a00000, 0x0000000094a00000, 0x0000000094b00000|  0%| F|  |TAMS 0x0000000094a00000| PB 0x0000000094a00000| Untracked 
| 331|0x0000000094b00000, 0x0000000094b00000, 0x0000000094c00000|  0%| F|  |TAMS 0x0000000094b00000| PB 0x0000000094b00000| Untracked 
| 332|0x0000000094c00000, 0x0000000094c00000, 0x0000000094d00000|  0%| F|  |TAMS 0x0000000094c00000| PB 0x0000000094c00000| Untracked 
| 333|0x0000000094d00000, 0x0000000094d00000, 0x0000000094e00000|  0%| F|  |TAMS 0x0000000094d00000| PB 0x0000000094d00000| Untracked 
| 334|0x0000000094e00000, 0x0000000094e00000, 0x0000000094f00000|  0%| F|  |TAMS 0x0000000094e00000| PB 0x0000000094e00000| Untracked 
| 335|0x0000000094f00000, 0x0000000094f00000, 0x0000000095000000|  0%| F|  |TAMS 0x0000000094f00000| PB 0x0000000094f00000| Untracked 
| 336|0x0000000095000000, 0x0000000095000000, 0x0000000095100000|  0%| F|  |TAMS 0x0000000095000000| PB 0x0000000095000000| Untracked 
| 337|0x0000000095100000, 0x0000000095100000, 0x0000000095200000|  0%| F|  |TAMS 0x0000000095100000| PB 0x0000000095100000| Untracked 
| 338|0x0000000095200000, 0x0000000095200000, 0x0000000095300000|  0%| F|  |TAMS 0x0000000095200000| PB 0x0000000095200000| Untracked 
| 339|0x0000000095300000, 0x0000000095300000, 0x0000000095400000|  0%| F|  |TAMS 0x0000000095300000| PB 0x0000000095300000| Untracked 
| 340|0x0000000095400000, 0x0000000095400000, 0x0000000095500000|  0%| F|  |TAMS 0x0000000095400000| PB 0x0000000095400000| Untracked 
| 341|0x0000000095500000, 0x0000000095500000, 0x0000000095600000|  0%| F|  |TAMS 0x0000000095500000| PB 0x0000000095500000| Untracked 
| 342|0x0000000095600000, 0x0000000095600000, 0x0000000095700000|  0%| F|  |TAMS 0x0000000095600000| PB 0x0000000095600000| Untracked 
| 343|0x0000000095700000, 0x0000000095700000, 0x0000000095800000|  0%| F|  |TAMS 0x0000000095700000| PB 0x0000000095700000| Untracked 
| 344|0x0000000095800000, 0x0000000095800000, 0x0000000095900000|  0%| F|  |TAMS 0x0000000095800000| PB 0x0000000095800000| Untracked 
| 345|0x0000000095900000, 0x0000000095a00000, 0x0000000095a00000|100%| S|CS|TAMS 0x0000000095900000| PB 0x0000000095900000| Complete 
| 346|0x0000000095a00000, 0x0000000095b00000, 0x0000000095b00000|100%| S|CS|TAMS 0x0000000095a00000| PB 0x0000000095a00000| Complete 
| 347|0x0000000095b00000, 0x0000000095c00000, 0x0000000095c00000|100%| S|CS|TAMS 0x0000000095b00000| PB 0x0000000095b00000| Complete 
| 348|0x0000000095c00000, 0x0000000095d00000, 0x0000000095d00000|100%| S|CS|TAMS 0x0000000095c00000| PB 0x0000000095c00000| Complete 
| 349|0x0000000095d00000, 0x0000000095e00000, 0x0000000095e00000|100%| S|CS|TAMS 0x0000000095d00000| PB 0x0000000095d00000| Complete 
| 350|0x0000000095e00000, 0x0000000095e00000, 0x0000000095f00000|  0%| F|  |TAMS 0x0000000095e00000| PB 0x0000000095e00000| Untracked 
| 351|0x0000000095f00000, 0x0000000095f00000, 0x0000000096000000|  0%| F|  |TAMS 0x0000000095f00000| PB 0x0000000095f00000| Untracked 
| 352|0x0000000096000000, 0x0000000096000000, 0x0000000096100000|  0%| F|  |TAMS 0x0000000096000000| PB 0x0000000096000000| Untracked 
| 353|0x0000000096100000, 0x0000000096100000, 0x0000000096200000|  0%| F|  |TAMS 0x0000000096100000| PB 0x0000000096100000| Untracked 
| 354|0x0000000096200000, 0x0000000096200000, 0x0000000096300000|  0%| F|  |TAMS 0x0000000096200000| PB 0x0000000096200000| Untracked 
| 355|0x0000000096300000, 0x0000000096300000, 0x0000000096400000|  0%| F|  |TAMS 0x0000000096300000| PB 0x0000000096300000| Untracked 
| 356|0x0000000096400000, 0x0000000096400000, 0x0000000096500000|  0%| F|  |TAMS 0x0000000096400000| PB 0x0000000096400000| Untracked 
| 357|0x0000000096500000, 0x0000000096500000, 0x0000000096600000|  0%| F|  |TAMS 0x0000000096500000| PB 0x0000000096500000| Untracked 
| 358|0x0000000096600000, 0x0000000096600000, 0x0000000096700000|  0%| F|  |TAMS 0x0000000096600000| PB 0x0000000096600000| Untracked 
| 359|0x0000000096700000, 0x0000000096700000, 0x0000000096800000|  0%| F|  |TAMS 0x0000000096700000| PB 0x0000000096700000| Untracked 
| 360|0x0000000096800000, 0x0000000096800000, 0x0000000096900000|  0%| F|  |TAMS 0x0000000096800000| PB 0x0000000096800000| Untracked 
| 361|0x0000000096900000, 0x0000000096900000, 0x0000000096a00000|  0%| F|  |TAMS 0x0000000096900000| PB 0x0000000096900000| Untracked 
| 362|0x0000000096a00000, 0x0000000096a00000, 0x0000000096b00000|  0%| F|  |TAMS 0x0000000096a00000| PB 0x0000000096a00000| Untracked 
| 363|0x0000000096b00000, 0x0000000096b00000, 0x0000000096c00000|  0%| F|  |TAMS 0x0000000096b00000| PB 0x0000000096b00000| Untracked 
| 364|0x0000000096c00000, 0x0000000096d00000, 0x0000000096d00000|100%| S|CS|TAMS 0x0000000096c00000| PB 0x0000000096c00000| Complete 
| 365|0x0000000096d00000, 0x0000000096e00000, 0x0000000096e00000|100%| S|CS|TAMS 0x0000000096d00000| PB 0x0000000096d00000| Complete 
| 366|0x0000000096e00000, 0x0000000096f00000, 0x0000000096f00000|100%| S|CS|TAMS 0x0000000096e00000| PB 0x0000000096e00000| Complete 
| 367|0x0000000096f00000, 0x0000000097000000, 0x0000000097000000|100%| S|CS|TAMS 0x0000000096f00000| PB 0x0000000096f00000| Complete 
| 368|0x0000000097000000, 0x0000000097100000, 0x0000000097100000|100%| S|CS|TAMS 0x0000000097000000| PB 0x0000000097000000| Complete 
| 369|0x0000000097100000, 0x0000000097200000, 0x0000000097200000|100%| S|CS|TAMS 0x0000000097100000| PB 0x0000000097100000| Complete 
| 370|0x0000000097200000, 0x0000000097300000, 0x0000000097300000|100%| S|CS|TAMS 0x0000000097200000| PB 0x0000000097200000| Complete 
| 371|0x0000000097300000, 0x0000000097400000, 0x0000000097400000|100%| S|CS|TAMS 0x0000000097300000| PB 0x0000000097300000| Complete 
| 372|0x0000000097400000, 0x0000000097500000, 0x0000000097500000|100%| S|CS|TAMS 0x0000000097400000| PB 0x0000000097400000| Complete 
| 373|0x0000000097500000, 0x0000000097600000, 0x0000000097600000|100%| S|CS|TAMS 0x0000000097500000| PB 0x0000000097500000| Complete 
| 374|0x0000000097600000, 0x0000000097700000, 0x0000000097700000|100%| S|CS|TAMS 0x0000000097600000| PB 0x0000000097600000| Complete 
| 375|0x0000000097700000, 0x0000000097800000, 0x0000000097800000|100%| S|CS|TAMS 0x0000000097700000| PB 0x0000000097700000| Complete 
| 376|0x0000000097800000, 0x0000000097900000, 0x0000000097900000|100%| S|CS|TAMS 0x0000000097800000| PB 0x0000000097800000| Complete 
| 377|0x0000000097900000, 0x0000000097a00000, 0x0000000097a00000|100%| S|CS|TAMS 0x0000000097900000| PB 0x0000000097900000| Complete 
| 378|0x0000000097a00000, 0x0000000097a00000, 0x0000000097b00000|  0%| F|  |TAMS 0x0000000097a00000| PB 0x0000000097a00000| Untracked 
| 379|0x0000000097b00000, 0x0000000097b00000, 0x0000000097c00000|  0%| F|  |TAMS 0x0000000097b00000| PB 0x0000000097b00000| Untracked 
| 380|0x0000000097c00000, 0x0000000097c00000, 0x0000000097d00000|  0%| F|  |TAMS 0x0000000097c00000| PB 0x0000000097c00000| Untracked 
| 381|0x0000000097d00000, 0x0000000097d00000, 0x0000000097e00000|  0%| F|  |TAMS 0x0000000097d00000| PB 0x0000000097d00000| Untracked 
| 382|0x0000000097e00000, 0x0000000097e00000, 0x0000000097f00000|  0%| F|  |TAMS 0x0000000097e00000| PB 0x0000000097e00000| Untracked 
| 383|0x0000000097f00000, 0x0000000097f00000, 0x0000000098000000|  0%| F|  |TAMS 0x0000000097f00000| PB 0x0000000097f00000| Untracked 
| 384|0x0000000098000000, 0x0000000098000000, 0x0000000098100000|  0%| F|  |TAMS 0x0000000098000000| PB 0x0000000098000000| Untracked 
| 385|0x0000000098100000, 0x0000000098100000, 0x0000000098200000|  0%| F|  |TAMS 0x0000000098100000| PB 0x0000000098100000| Untracked 
| 386|0x0000000098200000, 0x0000000098200000, 0x0000000098300000|  0%| F|  |TAMS 0x0000000098200000| PB 0x0000000098200000| Untracked 
| 387|0x0000000098300000, 0x0000000098300000, 0x0000000098400000|  0%| F|  |TAMS 0x0000000098300000| PB 0x0000000098300000| Untracked 
| 388|0x0000000098400000, 0x0000000098400000, 0x0000000098500000|  0%| F|  |TAMS 0x0000000098400000| PB 0x0000000098400000| Untracked 
| 389|0x0000000098500000, 0x0000000098500000, 0x0000000098600000|  0%| F|  |TAMS 0x0000000098500000| PB 0x0000000098500000| Untracked 
| 390|0x0000000098600000, 0x0000000098600000, 0x0000000098700000|  0%| F|  |TAMS 0x0000000098600000| PB 0x0000000098600000| Untracked 
| 391|0x0000000098700000, 0x0000000098700000, 0x0000000098800000|  0%| F|  |TAMS 0x0000000098700000| PB 0x0000000098700000| Untracked 
| 392|0x0000000098800000, 0x0000000098800000, 0x0000000098900000|  0%| F|  |TAMS 0x0000000098800000| PB 0x0000000098800000| Untracked 
| 393|0x0000000098900000, 0x0000000098900000, 0x0000000098a00000|  0%| F|  |TAMS 0x0000000098900000| PB 0x0000000098900000| Untracked 
| 394|0x0000000098a00000, 0x0000000098a00000, 0x0000000098b00000|  0%| F|  |TAMS 0x0000000098a00000| PB 0x0000000098a00000| Untracked 
| 395|0x0000000098b00000, 0x0000000098b00000, 0x0000000098c00000|  0%| F|  |TAMS 0x0000000098b00000| PB 0x0000000098b00000| Untracked 
| 396|0x0000000098c00000, 0x0000000098c00000, 0x0000000098d00000|  0%| F|  |TAMS 0x0000000098c00000| PB 0x0000000098c00000| Untracked 
| 397|0x0000000098d00000, 0x0000000098d00000, 0x0000000098e00000|  0%| F|  |TAMS 0x0000000098d00000| PB 0x0000000098d00000| Untracked 
| 398|0x0000000098e00000, 0x0000000098e00000, 0x0000000098f00000|  0%| F|  |TAMS 0x0000000098e00000| PB 0x0000000098e00000| Untracked 
| 399|0x0000000098f00000, 0x0000000098f00000, 0x0000000099000000|  0%| F|  |TAMS 0x0000000098f00000| PB 0x0000000098f00000| Untracked 
| 400|0x0000000099000000, 0x0000000099000000, 0x0000000099100000|  0%| F|  |TAMS 0x0000000099000000| PB 0x0000000099000000| Untracked 
| 401|0x0000000099100000, 0x0000000099100000, 0x0000000099200000|  0%| F|  |TAMS 0x0000000099100000| PB 0x0000000099100000| Untracked 
| 402|0x0000000099200000, 0x0000000099200000, 0x0000000099300000|  0%| F|  |TAMS 0x0000000099200000| PB 0x0000000099200000| Untracked 
| 403|0x0000000099300000, 0x0000000099300000, 0x0000000099400000|  0%| F|  |TAMS 0x0000000099300000| PB 0x0000000099300000| Untracked 
| 404|0x0000000099400000, 0x0000000099400000, 0x0000000099500000|  0%| F|  |TAMS 0x0000000099400000| PB 0x0000000099400000| Untracked 
| 405|0x0000000099500000, 0x0000000099500000, 0x0000000099600000|  0%| F|  |TAMS 0x0000000099500000| PB 0x0000000099500000| Untracked 
| 406|0x0000000099600000, 0x0000000099600000, 0x0000000099700000|  0%| F|  |TAMS 0x0000000099600000| PB 0x0000000099600000| Untracked 
| 407|0x0000000099700000, 0x0000000099700000, 0x0000000099800000|  0%| F|  |TAMS 0x0000000099700000| PB 0x0000000099700000| Untracked 
| 408|0x0000000099800000, 0x0000000099800000, 0x0000000099900000|  0%| F|  |TAMS 0x0000000099800000| PB 0x0000000099800000| Untracked 
| 409|0x0000000099900000, 0x0000000099900000, 0x0000000099a00000|  0%| F|  |TAMS 0x0000000099900000| PB 0x0000000099900000| Untracked 
| 410|0x0000000099a00000, 0x0000000099a00000, 0x0000000099b00000|  0%| F|  |TAMS 0x0000000099a00000| PB 0x0000000099a00000| Untracked 
| 411|0x0000000099b00000, 0x0000000099b00000, 0x0000000099c00000|  0%| F|  |TAMS 0x0000000099b00000| PB 0x0000000099b00000| Untracked 
| 412|0x0000000099c00000, 0x0000000099c00000, 0x0000000099d00000|  0%| F|  |TAMS 0x0000000099c00000| PB 0x0000000099c00000| Untracked 
| 413|0x0000000099d00000, 0x0000000099d00000, 0x0000000099e00000|  0%| F|  |TAMS 0x0000000099d00000| PB 0x0000000099d00000| Untracked 
| 414|0x0000000099e00000, 0x0000000099e00000, 0x0000000099f00000|  0%| F|  |TAMS 0x0000000099e00000| PB 0x0000000099e00000| Untracked 
| 415|0x0000000099f00000, 0x0000000099f00000, 0x000000009a000000|  0%| F|  |TAMS 0x0000000099f00000| PB 0x0000000099f00000| Untracked 
| 416|0x000000009a000000, 0x000000009a000000, 0x000000009a100000|  0%| F|  |TAMS 0x000000009a000000| PB 0x000000009a000000| Untracked 
| 417|0x000000009a100000, 0x000000009a100000, 0x000000009a200000|  0%| F|  |TAMS 0x000000009a100000| PB 0x000000009a100000| Untracked 
| 418|0x000000009a200000, 0x000000009a200000, 0x000000009a300000|  0%| F|  |TAMS 0x000000009a200000| PB 0x000000009a200000| Untracked 
| 419|0x000000009a300000, 0x000000009a300000, 0x000000009a400000|  0%| F|  |TAMS 0x000000009a300000| PB 0x000000009a300000| Untracked 
| 420|0x000000009a400000, 0x000000009a400000, 0x000000009a500000|  0%| F|  |TAMS 0x000000009a400000| PB 0x000000009a400000| Untracked 
| 421|0x000000009a500000, 0x000000009a500000, 0x000000009a600000|  0%| F|  |TAMS 0x000000009a500000| PB 0x000000009a500000| Untracked 
| 422|0x000000009a600000, 0x000000009a600000, 0x000000009a700000|  0%| F|  |TAMS 0x000000009a600000| PB 0x000000009a600000| Untracked 
| 423|0x000000009a700000, 0x000000009a700000, 0x000000009a800000|  0%| F|  |TAMS 0x000000009a700000| PB 0x000000009a700000| Untracked 
| 424|0x000000009a800000, 0x000000009a800000, 0x000000009a900000|  0%| F|  |TAMS 0x000000009a800000| PB 0x000000009a800000| Untracked 
| 425|0x000000009a900000, 0x000000009a900000, 0x000000009aa00000|  0%| F|  |TAMS 0x000000009a900000| PB 0x000000009a900000| Untracked 
| 426|0x000000009aa00000, 0x000000009aa00000, 0x000000009ab00000|  0%| F|  |TAMS 0x000000009aa00000| PB 0x000000009aa00000| Untracked 
| 427|0x000000009ab00000, 0x000000009ab00000, 0x000000009ac00000|  0%| F|  |TAMS 0x000000009ab00000| PB 0x000000009ab00000| Untracked 
| 428|0x000000009ac00000, 0x000000009ac00000, 0x000000009ad00000|  0%| F|  |TAMS 0x000000009ac00000| PB 0x000000009ac00000| Untracked 
| 429|0x000000009ad00000, 0x000000009ad00000, 0x000000009ae00000|  0%| F|  |TAMS 0x000000009ad00000| PB 0x000000009ad00000| Untracked 
| 430|0x000000009ae00000, 0x000000009ae00000, 0x000000009af00000|  0%| F|  |TAMS 0x000000009ae00000| PB 0x000000009ae00000| Untracked 
| 431|0x000000009af00000, 0x000000009af00000, 0x000000009b000000|  0%| F|  |TAMS 0x000000009af00000| PB 0x000000009af00000| Untracked 
| 432|0x000000009b000000, 0x000000009b000000, 0x000000009b100000|  0%| F|  |TAMS 0x000000009b000000| PB 0x000000009b000000| Untracked 
| 433|0x000000009b100000, 0x000000009b100000, 0x000000009b200000|  0%| F|  |TAMS 0x000000009b100000| PB 0x000000009b100000| Untracked 
| 434|0x000000009b200000, 0x000000009b200000, 0x000000009b300000|  0%| F|  |TAMS 0x000000009b200000| PB 0x000000009b200000| Untracked 
| 435|0x000000009b300000, 0x000000009b300000, 0x000000009b400000|  0%| F|  |TAMS 0x000000009b300000| PB 0x000000009b300000| Untracked 
| 436|0x000000009b400000, 0x000000009b400000, 0x000000009b500000|  0%| F|  |TAMS 0x000000009b400000| PB 0x000000009b400000| Untracked 
| 437|0x000000009b500000, 0x000000009b500000, 0x000000009b600000|  0%| F|  |TAMS 0x000000009b500000| PB 0x000000009b500000| Untracked 
| 438|0x000000009b600000, 0x000000009b600000, 0x000000009b700000|  0%| F|  |TAMS 0x000000009b600000| PB 0x000000009b600000| Untracked 
| 439|0x000000009b700000, 0x000000009b700000, 0x000000009b800000|  0%| F|  |TAMS 0x000000009b700000| PB 0x000000009b700000| Untracked 
| 440|0x000000009b800000, 0x000000009b800000, 0x000000009b900000|  0%| F|  |TAMS 0x000000009b800000| PB 0x000000009b800000| Untracked 
| 441|0x000000009b900000, 0x000000009b900000, 0x000000009ba00000|  0%| F|  |TAMS 0x000000009b900000| PB 0x000000009b900000| Untracked 
| 442|0x000000009ba00000, 0x000000009ba00000, 0x000000009bb00000|  0%| F|  |TAMS 0x000000009ba00000| PB 0x000000009ba00000| Untracked 
| 443|0x000000009bb00000, 0x000000009bb00000, 0x000000009bc00000|  0%| F|  |TAMS 0x000000009bb00000| PB 0x000000009bb00000| Untracked 
| 444|0x000000009bc00000, 0x000000009bc00000, 0x000000009bd00000|  0%| F|  |TAMS 0x000000009bc00000| PB 0x000000009bc00000| Untracked 
| 445|0x000000009bd00000, 0x000000009bd00000, 0x000000009be00000|  0%| F|  |TAMS 0x000000009bd00000| PB 0x000000009bd00000| Untracked 
| 446|0x000000009be00000, 0x000000009be00000, 0x000000009bf00000|  0%| F|  |TAMS 0x000000009be00000| PB 0x000000009be00000| Untracked 
| 447|0x000000009bf00000, 0x000000009bf00000, 0x000000009c000000|  0%| F|  |TAMS 0x000000009bf00000| PB 0x000000009bf00000| Untracked 
| 448|0x000000009c000000, 0x000000009c000000, 0x000000009c100000|  0%| F|  |TAMS 0x000000009c000000| PB 0x000000009c000000| Untracked 
| 449|0x000000009c100000, 0x000000009c100000, 0x000000009c200000|  0%| F|  |TAMS 0x000000009c100000| PB 0x000000009c100000| Untracked 
| 450|0x000000009c200000, 0x000000009c200000, 0x000000009c300000|  0%| F|  |TAMS 0x000000009c200000| PB 0x000000009c200000| Untracked 
| 451|0x000000009c300000, 0x000000009c300000, 0x000000009c400000|  0%| F|  |TAMS 0x000000009c300000| PB 0x000000009c300000| Untracked 
| 452|0x000000009c400000, 0x000000009c400000, 0x000000009c500000|  0%| F|  |TAMS 0x000000009c400000| PB 0x000000009c400000| Untracked 
| 453|0x000000009c500000, 0x000000009c500000, 0x000000009c600000|  0%| F|  |TAMS 0x000000009c500000| PB 0x000000009c500000| Untracked 
| 454|0x000000009c600000, 0x000000009c600000, 0x000000009c700000|  0%| F|  |TAMS 0x000000009c600000| PB 0x000000009c600000| Untracked 
| 455|0x000000009c700000, 0x000000009c700000, 0x000000009c800000|  0%| F|  |TAMS 0x000000009c700000| PB 0x000000009c700000| Untracked 
| 456|0x000000009c800000, 0x000000009c800000, 0x000000009c900000|  0%| F|  |TAMS 0x000000009c800000| PB 0x000000009c800000| Untracked 
| 457|0x000000009c900000, 0x000000009c900000, 0x000000009ca00000|  0%| F|  |TAMS 0x000000009c900000| PB 0x000000009c900000| Untracked 
| 458|0x000000009ca00000, 0x000000009ca00000, 0x000000009cb00000|  0%| F|  |TAMS 0x000000009ca00000| PB 0x000000009ca00000| Untracked 
| 459|0x000000009cb00000, 0x000000009cb00000, 0x000000009cc00000|  0%| F|  |TAMS 0x000000009cb00000| PB 0x000000009cb00000| Untracked 
| 460|0x000000009cc00000, 0x000000009cc00000, 0x000000009cd00000|  0%| F|  |TAMS 0x000000009cc00000| PB 0x000000009cc00000| Untracked 
| 461|0x000000009cd00000, 0x000000009cd00000, 0x000000009ce00000|  0%| F|  |TAMS 0x000000009cd00000| PB 0x000000009cd00000| Untracked 
| 462|0x000000009ce00000, 0x000000009ce00000, 0x000000009cf00000|  0%| F|  |TAMS 0x000000009ce00000| PB 0x000000009ce00000| Untracked 
| 463|0x000000009cf00000, 0x000000009cf00000, 0x000000009d000000|  0%| F|  |TAMS 0x000000009cf00000| PB 0x000000009cf00000| Untracked 
| 464|0x000000009d000000, 0x000000009d000000, 0x000000009d100000|  0%| F|  |TAMS 0x000000009d000000| PB 0x000000009d000000| Untracked 
| 465|0x000000009d100000, 0x000000009d100000, 0x000000009d200000|  0%| F|  |TAMS 0x000000009d100000| PB 0x000000009d100000| Untracked 
| 466|0x000000009d200000, 0x000000009d200000, 0x000000009d300000|  0%| F|  |TAMS 0x000000009d200000| PB 0x000000009d200000| Untracked 
| 467|0x000000009d300000, 0x000000009d300000, 0x000000009d400000|  0%| F|  |TAMS 0x000000009d300000| PB 0x000000009d300000| Untracked 
| 468|0x000000009d400000, 0x000000009d400000, 0x000000009d500000|  0%| F|  |TAMS 0x000000009d400000| PB 0x000000009d400000| Untracked 
| 469|0x000000009d500000, 0x000000009d500000, 0x000000009d600000|  0%| F|  |TAMS 0x000000009d500000| PB 0x000000009d500000| Untracked 
| 470|0x000000009d600000, 0x000000009d600000, 0x000000009d700000|  0%| F|  |TAMS 0x000000009d600000| PB 0x000000009d600000| Untracked 
| 471|0x000000009d700000, 0x000000009d700000, 0x000000009d800000|  0%| F|  |TAMS 0x000000009d700000| PB 0x000000009d700000| Untracked 
| 472|0x000000009d800000, 0x000000009d800000, 0x000000009d900000|  0%| F|  |TAMS 0x000000009d800000| PB 0x000000009d800000| Untracked 
| 473|0x000000009d900000, 0x000000009d900000, 0x000000009da00000|  0%| F|  |TAMS 0x000000009d900000| PB 0x000000009d900000| Untracked 
| 474|0x000000009da00000, 0x000000009da00000, 0x000000009db00000|  0%| F|  |TAMS 0x000000009da00000| PB 0x000000009da00000| Untracked 
| 475|0x000000009db00000, 0x000000009db00000, 0x000000009dc00000|  0%| F|  |TAMS 0x000000009db00000| PB 0x000000009db00000| Untracked 
| 476|0x000000009dc00000, 0x000000009dc00000, 0x000000009dd00000|  0%| F|  |TAMS 0x000000009dc00000| PB 0x000000009dc00000| Untracked 
| 477|0x000000009dd00000, 0x000000009dd00000, 0x000000009de00000|  0%| F|  |TAMS 0x000000009dd00000| PB 0x000000009dd00000| Untracked 
| 478|0x000000009de00000, 0x000000009de00000, 0x000000009df00000|  0%| F|  |TAMS 0x000000009de00000| PB 0x000000009de00000| Untracked 
| 479|0x000000009df00000, 0x000000009df00000, 0x000000009e000000|  0%| F|  |TAMS 0x000000009df00000| PB 0x000000009df00000| Untracked 
| 480|0x000000009e000000, 0x000000009e000000, 0x000000009e100000|  0%| F|  |TAMS 0x000000009e000000| PB 0x000000009e000000| Untracked 
| 481|0x000000009e100000, 0x000000009e100000, 0x000000009e200000|  0%| F|  |TAMS 0x000000009e100000| PB 0x000000009e100000| Untracked 
| 482|0x000000009e200000, 0x000000009e200000, 0x000000009e300000|  0%| F|  |TAMS 0x000000009e200000| PB 0x000000009e200000| Untracked 
| 483|0x000000009e300000, 0x000000009e300000, 0x000000009e400000|  0%| F|  |TAMS 0x000000009e300000| PB 0x000000009e300000| Untracked 
| 484|0x000000009e400000, 0x000000009e400000, 0x000000009e500000|  0%| F|  |TAMS 0x000000009e400000| PB 0x000000009e400000| Untracked 
| 485|0x000000009e500000, 0x000000009e500000, 0x000000009e600000|  0%| F|  |TAMS 0x000000009e500000| PB 0x000000009e500000| Untracked 
| 486|0x000000009e600000, 0x000000009e600000, 0x000000009e700000|  0%| F|  |TAMS 0x000000009e600000| PB 0x000000009e600000| Untracked 
| 487|0x000000009e700000, 0x000000009e700000, 0x000000009e800000|  0%| F|  |TAMS 0x000000009e700000| PB 0x000000009e700000| Untracked 
| 488|0x000000009e800000, 0x000000009e800000, 0x000000009e900000|  0%| F|  |TAMS 0x000000009e800000| PB 0x000000009e800000| Untracked 
| 489|0x000000009e900000, 0x000000009e900000, 0x000000009ea00000|  0%| F|  |TAMS 0x000000009e900000| PB 0x000000009e900000| Untracked 
| 490|0x000000009ea00000, 0x000000009ea00000, 0x000000009eb00000|  0%| F|  |TAMS 0x000000009ea00000| PB 0x000000009ea00000| Untracked 
| 491|0x000000009eb00000, 0x000000009eb00000, 0x000000009ec00000|  0%| F|  |TAMS 0x000000009eb00000| PB 0x000000009eb00000| Untracked 
| 492|0x000000009ec00000, 0x000000009ec00000, 0x000000009ed00000|  0%| F|  |TAMS 0x000000009ec00000| PB 0x000000009ec00000| Untracked 
| 493|0x000000009ed00000, 0x000000009ed00000, 0x000000009ee00000|  0%| F|  |TAMS 0x000000009ed00000| PB 0x000000009ed00000| Untracked 
| 494|0x000000009ee00000, 0x000000009ee00000, 0x000000009ef00000|  0%| F|  |TAMS 0x000000009ee00000| PB 0x000000009ee00000| Untracked 
| 495|0x000000009ef00000, 0x000000009ef00000, 0x000000009f000000|  0%| F|  |TAMS 0x000000009ef00000| PB 0x000000009ef00000| Untracked 
| 496|0x000000009f000000, 0x000000009f000000, 0x000000009f100000|  0%| F|  |TAMS 0x000000009f000000| PB 0x000000009f000000| Untracked 
| 497|0x000000009f100000, 0x000000009f100000, 0x000000009f200000|  0%| F|  |TAMS 0x000000009f100000| PB 0x000000009f100000| Untracked 
| 498|0x000000009f200000, 0x000000009f200000, 0x000000009f300000|  0%| F|  |TAMS 0x000000009f200000| PB 0x000000009f200000| Untracked 
| 499|0x000000009f300000, 0x000000009f300000, 0x000000009f400000|  0%| F|  |TAMS 0x000000009f300000| PB 0x000000009f300000| Untracked 
| 500|0x000000009f400000, 0x000000009f400000, 0x000000009f500000|  0%| F|  |TAMS 0x000000009f400000| PB 0x000000009f400000| Untracked 
| 501|0x000000009f500000, 0x000000009f500000, 0x000000009f600000|  0%| F|  |TAMS 0x000000009f500000| PB 0x000000009f500000| Untracked 
| 502|0x000000009f600000, 0x000000009f600000, 0x000000009f700000|  0%| F|  |TAMS 0x000000009f600000| PB 0x000000009f600000| Untracked 
| 503|0x000000009f700000, 0x000000009f700000, 0x000000009f800000|  0%| F|  |TAMS 0x000000009f700000| PB 0x000000009f700000| Untracked 
| 504|0x000000009f800000, 0x000000009f800000, 0x000000009f900000|  0%| F|  |TAMS 0x000000009f800000| PB 0x000000009f800000| Untracked 
| 505|0x000000009f900000, 0x000000009f900000, 0x000000009fa00000|  0%| F|  |TAMS 0x000000009f900000| PB 0x000000009f900000| Untracked 
| 506|0x000000009fa00000, 0x000000009fa00000, 0x000000009fb00000|  0%| F|  |TAMS 0x000000009fa00000| PB 0x000000009fa00000| Untracked 
| 507|0x000000009fb00000, 0x000000009fb00000, 0x000000009fc00000|  0%| F|  |TAMS 0x000000009fb00000| PB 0x000000009fb00000| Untracked 
| 508|0x000000009fc00000, 0x000000009fc00000, 0x000000009fd00000|  0%| F|  |TAMS 0x000000009fc00000| PB 0x000000009fc00000| Untracked 
| 509|0x000000009fd00000, 0x000000009fd00000, 0x000000009fe00000|  0%| F|  |TAMS 0x000000009fd00000| PB 0x000000009fd00000| Untracked 
| 510|0x000000009fe00000, 0x000000009fe00000, 0x000000009ff00000|  0%| F|  |TAMS 0x000000009fe00000| PB 0x000000009fe00000| Untracked 
| 511|0x000000009ff00000, 0x000000009ff00000, 0x00000000a0000000|  0%| F|  |TAMS 0x000000009ff00000| PB 0x000000009ff00000| Untracked 
| 512|0x00000000a0000000, 0x00000000a0000000, 0x00000000a0100000|  0%| F|  |TAMS 0x00000000a0000000| PB 0x00000000a0000000| Untracked 
| 513|0x00000000a0100000, 0x00000000a0100000, 0x00000000a0200000|  0%| F|  |TAMS 0x00000000a0100000| PB 0x00000000a0100000| Untracked 
| 514|0x00000000a0200000, 0x00000000a0200000, 0x00000000a0300000|  0%| F|  |TAMS 0x00000000a0200000| PB 0x00000000a0200000| Untracked 
| 515|0x00000000a0300000, 0x00000000a0300000, 0x00000000a0400000|  0%| F|  |TAMS 0x00000000a0300000| PB 0x00000000a0300000| Untracked 
| 516|0x00000000a0400000, 0x00000000a0400000, 0x00000000a0500000|  0%| F|  |TAMS 0x00000000a0400000| PB 0x00000000a0400000| Untracked 
| 517|0x00000000a0500000, 0x00000000a0500000, 0x00000000a0600000|  0%| F|  |TAMS 0x00000000a0500000| PB 0x00000000a0500000| Untracked 
| 518|0x00000000a0600000, 0x00000000a0600000, 0x00000000a0700000|  0%| F|  |TAMS 0x00000000a0600000| PB 0x00000000a0600000| Untracked 
| 519|0x00000000a0700000, 0x00000000a0700000, 0x00000000a0800000|  0%| F|  |TAMS 0x00000000a0700000| PB 0x00000000a0700000| Untracked 
| 520|0x00000000a0800000, 0x00000000a0800000, 0x00000000a0900000|  0%| F|  |TAMS 0x00000000a0800000| PB 0x00000000a0800000| Untracked 
| 521|0x00000000a0900000, 0x00000000a0900000, 0x00000000a0a00000|  0%| F|  |TAMS 0x00000000a0900000| PB 0x00000000a0900000| Untracked 
| 522|0x00000000a0a00000, 0x00000000a0a00000, 0x00000000a0b00000|  0%| F|  |TAMS 0x00000000a0a00000| PB 0x00000000a0a00000| Untracked 
| 523|0x00000000a0b00000, 0x00000000a0b00000, 0x00000000a0c00000|  0%| F|  |TAMS 0x00000000a0b00000| PB 0x00000000a0b00000| Untracked 
| 524|0x00000000a0c00000, 0x00000000a0c00000, 0x00000000a0d00000|  0%| F|  |TAMS 0x00000000a0c00000| PB 0x00000000a0c00000| Untracked 
| 525|0x00000000a0d00000, 0x00000000a0d00000, 0x00000000a0e00000|  0%| F|  |TAMS 0x00000000a0d00000| PB 0x00000000a0d00000| Untracked 
| 526|0x00000000a0e00000, 0x00000000a0e00000, 0x00000000a0f00000|  0%| F|  |TAMS 0x00000000a0e00000| PB 0x00000000a0e00000| Untracked 
| 527|0x00000000a0f00000, 0x00000000a0f00000, 0x00000000a1000000|  0%| F|  |TAMS 0x00000000a0f00000| PB 0x00000000a0f00000| Untracked 
| 528|0x00000000a1000000, 0x00000000a1000000, 0x00000000a1100000|  0%| F|  |TAMS 0x00000000a1000000| PB 0x00000000a1000000| Untracked 
| 529|0x00000000a1100000, 0x00000000a1100000, 0x00000000a1200000|  0%| F|  |TAMS 0x00000000a1100000| PB 0x00000000a1100000| Untracked 
| 530|0x00000000a1200000, 0x00000000a1200000, 0x00000000a1300000|  0%| F|  |TAMS 0x00000000a1200000| PB 0x00000000a1200000| Untracked 
| 531|0x00000000a1300000, 0x00000000a1300000, 0x00000000a1400000|  0%| F|  |TAMS 0x00000000a1300000| PB 0x00000000a1300000| Untracked 
| 532|0x00000000a1400000, 0x00000000a1400000, 0x00000000a1500000|  0%| F|  |TAMS 0x00000000a1400000| PB 0x00000000a1400000| Untracked 
| 533|0x00000000a1500000, 0x00000000a1500000, 0x00000000a1600000|  0%| F|  |TAMS 0x00000000a1500000| PB 0x00000000a1500000| Untracked 
| 534|0x00000000a1600000, 0x00000000a1600000, 0x00000000a1700000|  0%| F|  |TAMS 0x00000000a1600000| PB 0x00000000a1600000| Untracked 
| 535|0x00000000a1700000, 0x00000000a1700000, 0x00000000a1800000|  0%| F|  |TAMS 0x00000000a1700000| PB 0x00000000a1700000| Untracked 
| 536|0x00000000a1800000, 0x00000000a1800000, 0x00000000a1900000|  0%| F|  |TAMS 0x00000000a1800000| PB 0x00000000a1800000| Untracked 
| 537|0x00000000a1900000, 0x00000000a1900000, 0x00000000a1a00000|  0%| F|  |TAMS 0x00000000a1900000| PB 0x00000000a1900000| Untracked 
| 538|0x00000000a1a00000, 0x00000000a1a00000, 0x00000000a1b00000|  0%| F|  |TAMS 0x00000000a1a00000| PB 0x00000000a1a00000| Untracked 
| 539|0x00000000a1b00000, 0x00000000a1b00000, 0x00000000a1c00000|  0%| F|  |TAMS 0x00000000a1b00000| PB 0x00000000a1b00000| Untracked 
| 540|0x00000000a1c00000, 0x00000000a1c00000, 0x00000000a1d00000|  0%| F|  |TAMS 0x00000000a1c00000| PB 0x00000000a1c00000| Untracked 
| 541|0x00000000a1d00000, 0x00000000a1d00000, 0x00000000a1e00000|  0%| F|  |TAMS 0x00000000a1d00000| PB 0x00000000a1d00000| Untracked 
| 542|0x00000000a1e00000, 0x00000000a1e00000, 0x00000000a1f00000|  0%| F|  |TAMS 0x00000000a1e00000| PB 0x00000000a1e00000| Untracked 
| 543|0x00000000a1f00000, 0x00000000a1f00000, 0x00000000a2000000|  0%| F|  |TAMS 0x00000000a1f00000| PB 0x00000000a1f00000| Untracked 
| 544|0x00000000a2000000, 0x00000000a2000000, 0x00000000a2100000|  0%| F|  |TAMS 0x00000000a2000000| PB 0x00000000a2000000| Untracked 
| 545|0x00000000a2100000, 0x00000000a2100000, 0x00000000a2200000|  0%| F|  |TAMS 0x00000000a2100000| PB 0x00000000a2100000| Untracked 
| 546|0x00000000a2200000, 0x00000000a2200000, 0x00000000a2300000|  0%| F|  |TAMS 0x00000000a2200000| PB 0x00000000a2200000| Untracked 
| 547|0x00000000a2300000, 0x00000000a2300000, 0x00000000a2400000|  0%| F|  |TAMS 0x00000000a2300000| PB 0x00000000a2300000| Untracked 
| 548|0x00000000a2400000, 0x00000000a2400000, 0x00000000a2500000|  0%| F|  |TAMS 0x00000000a2400000| PB 0x00000000a2400000| Untracked 
| 549|0x00000000a2500000, 0x00000000a2500000, 0x00000000a2600000|  0%| F|  |TAMS 0x00000000a2500000| PB 0x00000000a2500000| Untracked 
| 550|0x00000000a2600000, 0x00000000a2600000, 0x00000000a2700000|  0%| F|  |TAMS 0x00000000a2600000| PB 0x00000000a2600000| Untracked 
| 551|0x00000000a2700000, 0x00000000a2700000, 0x00000000a2800000|  0%| F|  |TAMS 0x00000000a2700000| PB 0x00000000a2700000| Untracked 
| 552|0x00000000a2800000, 0x00000000a2800000, 0x00000000a2900000|  0%| F|  |TAMS 0x00000000a2800000| PB 0x00000000a2800000| Untracked 
| 553|0x00000000a2900000, 0x00000000a2900000, 0x00000000a2a00000|  0%| F|  |TAMS 0x00000000a2900000| PB 0x00000000a2900000| Untracked 
| 554|0x00000000a2a00000, 0x00000000a2a00000, 0x00000000a2b00000|  0%| F|  |TAMS 0x00000000a2a00000| PB 0x00000000a2a00000| Untracked 
| 555|0x00000000a2b00000, 0x00000000a2b00000, 0x00000000a2c00000|  0%| F|  |TAMS 0x00000000a2b00000| PB 0x00000000a2b00000| Untracked 
| 556|0x00000000a2c00000, 0x00000000a2c00000, 0x00000000a2d00000|  0%| F|  |TAMS 0x00000000a2c00000| PB 0x00000000a2c00000| Untracked 
| 557|0x00000000a2d00000, 0x00000000a2d00000, 0x00000000a2e00000|  0%| F|  |TAMS 0x00000000a2d00000| PB 0x00000000a2d00000| Untracked 
| 558|0x00000000a2e00000, 0x00000000a2e00000, 0x00000000a2f00000|  0%| F|  |TAMS 0x00000000a2e00000| PB 0x00000000a2e00000| Untracked 
| 559|0x00000000a2f00000, 0x00000000a2f00000, 0x00000000a3000000|  0%| F|  |TAMS 0x00000000a2f00000| PB 0x00000000a2f00000| Untracked 
| 560|0x00000000a3000000, 0x00000000a3000000, 0x00000000a3100000|  0%| F|  |TAMS 0x00000000a3000000| PB 0x00000000a3000000| Untracked 
| 561|0x00000000a3100000, 0x00000000a3100000, 0x00000000a3200000|  0%| F|  |TAMS 0x00000000a3100000| PB 0x00000000a3100000| Untracked 
| 562|0x00000000a3200000, 0x00000000a3200000, 0x00000000a3300000|  0%| F|  |TAMS 0x00000000a3200000| PB 0x00000000a3200000| Untracked 
| 563|0x00000000a3300000, 0x00000000a3300000, 0x00000000a3400000|  0%| F|  |TAMS 0x00000000a3300000| PB 0x00000000a3300000| Untracked 
| 564|0x00000000a3400000, 0x00000000a3400000, 0x00000000a3500000|  0%| F|  |TAMS 0x00000000a3400000| PB 0x00000000a3400000| Untracked 
| 565|0x00000000a3500000, 0x00000000a3500000, 0x00000000a3600000|  0%| F|  |TAMS 0x00000000a3500000| PB 0x00000000a3500000| Untracked 
| 566|0x00000000a3600000, 0x00000000a3600000, 0x00000000a3700000|  0%| F|  |TAMS 0x00000000a3600000| PB 0x00000000a3600000| Untracked 
| 567|0x00000000a3700000, 0x00000000a3700000, 0x00000000a3800000|  0%| F|  |TAMS 0x00000000a3700000| PB 0x00000000a3700000| Untracked 
| 568|0x00000000a3800000, 0x00000000a3800000, 0x00000000a3900000|  0%| F|  |TAMS 0x00000000a3800000| PB 0x00000000a3800000| Untracked 
| 569|0x00000000a3900000, 0x00000000a3900000, 0x00000000a3a00000|  0%| F|  |TAMS 0x00000000a3900000| PB 0x00000000a3900000| Untracked 
| 570|0x00000000a3a00000, 0x00000000a3a00000, 0x00000000a3b00000|  0%| F|  |TAMS 0x00000000a3a00000| PB 0x00000000a3a00000| Untracked 
| 571|0x00000000a3b00000, 0x00000000a3b00000, 0x00000000a3c00000|  0%| F|  |TAMS 0x00000000a3b00000| PB 0x00000000a3b00000| Untracked 
| 572|0x00000000a3c00000, 0x00000000a3c00000, 0x00000000a3d00000|  0%| F|  |TAMS 0x00000000a3c00000| PB 0x00000000a3c00000| Untracked 
| 573|0x00000000a3d00000, 0x00000000a3d00000, 0x00000000a3e00000|  0%| F|  |TAMS 0x00000000a3d00000| PB 0x00000000a3d00000| Untracked 
| 574|0x00000000a3e00000, 0x00000000a3e00000, 0x00000000a3f00000|  0%| F|  |TAMS 0x00000000a3e00000| PB 0x00000000a3e00000| Untracked 
| 575|0x00000000a3f00000, 0x00000000a3f00000, 0x00000000a4000000|  0%| F|  |TAMS 0x00000000a3f00000| PB 0x00000000a3f00000| Untracked 
| 576|0x00000000a4000000, 0x00000000a4000000, 0x00000000a4100000|  0%| F|  |TAMS 0x00000000a4000000| PB 0x00000000a4000000| Untracked 
| 577|0x00000000a4100000, 0x00000000a4183f28, 0x00000000a4200000| 51%| E|  |TAMS 0x00000000a4100000| PB 0x00000000a4100000| Complete 
| 578|0x00000000a4200000, 0x00000000a4300000, 0x00000000a4300000|100%| E|CS|TAMS 0x00000000a4200000| PB 0x00000000a4200000| Complete 
| 579|0x00000000a4300000, 0x00000000a4400000, 0x00000000a4400000|100%| E|CS|TAMS 0x00000000a4300000| PB 0x00000000a4300000| Complete 
| 580|0x00000000a4400000, 0x00000000a4500000, 0x00000000a4500000|100%| E|CS|TAMS 0x00000000a4400000| PB 0x00000000a4400000| Complete 
| 581|0x00000000a4500000, 0x00000000a4600000, 0x00000000a4600000|100%| E|CS|TAMS 0x00000000a4500000| PB 0x00000000a4500000| Complete 
| 582|0x00000000a4600000, 0x00000000a4700000, 0x00000000a4700000|100%| E|CS|TAMS 0x00000000a4600000| PB 0x00000000a4600000| Complete 
| 583|0x00000000a4700000, 0x00000000a4800000, 0x00000000a4800000|100%| E|CS|TAMS 0x00000000a4700000| PB 0x00000000a4700000| Complete 
| 584|0x00000000a4800000, 0x00000000a4900000, 0x00000000a4900000|100%| E|CS|TAMS 0x00000000a4800000| PB 0x00000000a4800000| Complete 
| 585|0x00000000a4900000, 0x00000000a4a00000, 0x00000000a4a00000|100%| E|CS|TAMS 0x00000000a4900000| PB 0x00000000a4900000| Complete 
| 586|0x00000000a4a00000, 0x00000000a4b00000, 0x00000000a4b00000|100%| E|CS|TAMS 0x00000000a4a00000| PB 0x00000000a4a00000| Complete 
| 587|0x00000000a4b00000, 0x00000000a4c00000, 0x00000000a4c00000|100%| E|CS|TAMS 0x00000000a4b00000| PB 0x00000000a4b00000| Complete 
| 588|0x00000000a4c00000, 0x00000000a4d00000, 0x00000000a4d00000|100%| E|CS|TAMS 0x00000000a4c00000| PB 0x00000000a4c00000| Complete 
| 589|0x00000000a4d00000, 0x00000000a4e00000, 0x00000000a4e00000|100%| E|CS|TAMS 0x00000000a4d00000| PB 0x00000000a4d00000| Complete 
| 590|0x00000000a4e00000, 0x00000000a4f00000, 0x00000000a4f00000|100%| E|CS|TAMS 0x00000000a4e00000| PB 0x00000000a4e00000| Complete 
| 591|0x00000000a4f00000, 0x00000000a5000000, 0x00000000a5000000|100%| E|CS|TAMS 0x00000000a4f00000| PB 0x00000000a4f00000| Complete 
| 592|0x00000000a5000000, 0x00000000a5100000, 0x00000000a5100000|100%| E|CS|TAMS 0x00000000a5000000| PB 0x00000000a5000000| Complete 
| 593|0x00000000a5100000, 0x00000000a5200000, 0x00000000a5200000|100%| E|CS|TAMS 0x00000000a5100000| PB 0x00000000a5100000| Complete 
| 594|0x00000000a5200000, 0x00000000a5300000, 0x00000000a5300000|100%| E|CS|TAMS 0x00000000a5200000| PB 0x00000000a5200000| Complete 
| 595|0x00000000a5300000, 0x00000000a5400000, 0x00000000a5400000|100%| E|CS|TAMS 0x00000000a5300000| PB 0x00000000a5300000| Complete 
| 596|0x00000000a5400000, 0x00000000a5500000, 0x00000000a5500000|100%| E|CS|TAMS 0x00000000a5400000| PB 0x00000000a5400000| Complete 
| 597|0x00000000a5500000, 0x00000000a5600000, 0x00000000a5600000|100%| E|CS|TAMS 0x00000000a5500000| PB 0x00000000a5500000| Complete 
| 598|0x00000000a5600000, 0x00000000a5700000, 0x00000000a5700000|100%| E|CS|TAMS 0x00000000a5600000| PB 0x00000000a5600000| Complete 
| 599|0x00000000a5700000, 0x00000000a5800000, 0x00000000a5800000|100%| E|CS|TAMS 0x00000000a5700000| PB 0x00000000a5700000| Complete 
| 600|0x00000000a5800000, 0x00000000a5900000, 0x00000000a5900000|100%| E|CS|TAMS 0x00000000a5800000| PB 0x00000000a5800000| Complete 
| 601|0x00000000a5900000, 0x00000000a5a00000, 0x00000000a5a00000|100%| E|CS|TAMS 0x00000000a5900000| PB 0x00000000a5900000| Complete 
| 602|0x00000000a5a00000, 0x00000000a5b00000, 0x00000000a5b00000|100%| E|CS|TAMS 0x00000000a5a00000| PB 0x00000000a5a00000| Complete 
| 603|0x00000000a5b00000, 0x00000000a5c00000, 0x00000000a5c00000|100%| E|CS|TAMS 0x00000000a5b00000| PB 0x00000000a5b00000| Complete 
| 604|0x00000000a5c00000, 0x00000000a5d00000, 0x00000000a5d00000|100%| E|CS|TAMS 0x00000000a5c00000| PB 0x00000000a5c00000| Complete 
| 605|0x00000000a5d00000, 0x00000000a5e00000, 0x00000000a5e00000|100%| E|CS|TAMS 0x00000000a5d00000| PB 0x00000000a5d00000| Complete 
| 606|0x00000000a5e00000, 0x00000000a5f00000, 0x00000000a5f00000|100%| E|CS|TAMS 0x00000000a5e00000| PB 0x00000000a5e00000| Complete 
| 607|0x00000000a5f00000, 0x00000000a6000000, 0x00000000a6000000|100%| E|CS|TAMS 0x00000000a5f00000| PB 0x00000000a5f00000| Complete 
| 608|0x00000000a6000000, 0x00000000a6100000, 0x00000000a6100000|100%| E|CS|TAMS 0x00000000a6000000| PB 0x00000000a6000000| Complete 
| 609|0x00000000a6100000, 0x00000000a6200000, 0x00000000a6200000|100%| E|CS|TAMS 0x00000000a6100000| PB 0x00000000a6100000| Complete 
| 610|0x00000000a6200000, 0x00000000a6300000, 0x00000000a6300000|100%| E|CS|TAMS 0x00000000a6200000| PB 0x00000000a6200000| Complete 
| 611|0x00000000a6300000, 0x00000000a6400000, 0x00000000a6400000|100%| E|CS|TAMS 0x00000000a6300000| PB 0x00000000a6300000| Complete 
| 612|0x00000000a6400000, 0x00000000a6500000, 0x00000000a6500000|100%| E|CS|TAMS 0x00000000a6400000| PB 0x00000000a6400000| Complete 
| 613|0x00000000a6500000, 0x00000000a6600000, 0x00000000a6600000|100%| E|CS|TAMS 0x00000000a6500000| PB 0x00000000a6500000| Complete 
| 614|0x00000000a6600000, 0x00000000a6700000, 0x00000000a6700000|100%| E|CS|TAMS 0x00000000a6600000| PB 0x00000000a6600000| Complete 
| 615|0x00000000a6700000, 0x00000000a6800000, 0x00000000a6800000|100%| E|CS|TAMS 0x00000000a6700000| PB 0x00000000a6700000| Complete 
| 616|0x00000000a6800000, 0x00000000a6900000, 0x00000000a6900000|100%| E|CS|TAMS 0x00000000a6800000| PB 0x00000000a6800000| Complete 
| 617|0x00000000a6900000, 0x00000000a6a00000, 0x00000000a6a00000|100%| E|CS|TAMS 0x00000000a6900000| PB 0x00000000a6900000| Complete 
| 618|0x00000000a6a00000, 0x00000000a6b00000, 0x00000000a6b00000|100%| E|CS|TAMS 0x00000000a6a00000| PB 0x00000000a6a00000| Complete 
| 619|0x00000000a6b00000, 0x00000000a6c00000, 0x00000000a6c00000|100%| E|CS|TAMS 0x00000000a6b00000| PB 0x00000000a6b00000| Complete 
| 620|0x00000000a6c00000, 0x00000000a6d00000, 0x00000000a6d00000|100%| E|CS|TAMS 0x00000000a6c00000| PB 0x00000000a6c00000| Complete 
| 621|0x00000000a6d00000, 0x00000000a6e00000, 0x00000000a6e00000|100%| E|CS|TAMS 0x00000000a6d00000| PB 0x00000000a6d00000| Complete 
| 622|0x00000000a6e00000, 0x00000000a6f00000, 0x00000000a6f00000|100%| E|CS|TAMS 0x00000000a6e00000| PB 0x00000000a6e00000| Complete 
| 623|0x00000000a6f00000, 0x00000000a7000000, 0x00000000a7000000|100%| E|CS|TAMS 0x00000000a6f00000| PB 0x00000000a6f00000| Complete 
| 624|0x00000000a7000000, 0x00000000a7100000, 0x00000000a7100000|100%| E|CS|TAMS 0x00000000a7000000| PB 0x00000000a7000000| Complete 
| 625|0x00000000a7100000, 0x00000000a7200000, 0x00000000a7200000|100%| E|CS|TAMS 0x00000000a7100000| PB 0x00000000a7100000| Complete 
| 626|0x00000000a7200000, 0x00000000a7300000, 0x00000000a7300000|100%| E|CS|TAMS 0x00000000a7200000| PB 0x00000000a7200000| Complete 
| 627|0x00000000a7300000, 0x00000000a7400000, 0x00000000a7400000|100%| E|CS|TAMS 0x00000000a7300000| PB 0x00000000a7300000| Complete 
| 628|0x00000000a7400000, 0x00000000a7500000, 0x00000000a7500000|100%| E|CS|TAMS 0x00000000a7400000| PB 0x00000000a7400000| Complete 
| 629|0x00000000a7500000, 0x00000000a7600000, 0x00000000a7600000|100%| E|CS|TAMS 0x00000000a7500000| PB 0x00000000a7500000| Complete 
| 630|0x00000000a7600000, 0x00000000a7700000, 0x00000000a7700000|100%| E|CS|TAMS 0x00000000a7600000| PB 0x00000000a7600000| Complete 
| 631|0x00000000a7700000, 0x00000000a7800000, 0x00000000a7800000|100%| E|CS|TAMS 0x00000000a7700000| PB 0x00000000a7700000| Complete 
| 632|0x00000000a7800000, 0x00000000a7900000, 0x00000000a7900000|100%| E|CS|TAMS 0x00000000a7800000| PB 0x00000000a7800000| Complete 
| 633|0x00000000a7900000, 0x00000000a7a00000, 0x00000000a7a00000|100%| E|CS|TAMS 0x00000000a7900000| PB 0x00000000a7900000| Complete 
| 634|0x00000000a7a00000, 0x00000000a7b00000, 0x00000000a7b00000|100%| E|CS|TAMS 0x00000000a7a00000| PB 0x00000000a7a00000| Complete 
| 635|0x00000000a7b00000, 0x00000000a7c00000, 0x00000000a7c00000|100%| E|CS|TAMS 0x00000000a7b00000| PB 0x00000000a7b00000| Complete 
| 636|0x00000000a7c00000, 0x00000000a7d00000, 0x00000000a7d00000|100%| E|CS|TAMS 0x00000000a7c00000| PB 0x00000000a7c00000| Complete 
| 637|0x00000000a7d00000, 0x00000000a7e00000, 0x00000000a7e00000|100%| E|CS|TAMS 0x00000000a7d00000| PB 0x00000000a7d00000| Complete 
| 638|0x00000000a7e00000, 0x00000000a7f00000, 0x00000000a7f00000|100%| E|CS|TAMS 0x00000000a7e00000| PB 0x00000000a7e00000| Complete 
| 639|0x00000000a7f00000, 0x00000000a8000000, 0x00000000a8000000|100%| E|CS|TAMS 0x00000000a7f00000| PB 0x00000000a7f00000| Complete 
| 640|0x00000000a8000000, 0x00000000a8100000, 0x00000000a8100000|100%| E|CS|TAMS 0x00000000a8000000| PB 0x00000000a8000000| Complete 
| 641|0x00000000a8100000, 0x00000000a8200000, 0x00000000a8200000|100%| E|CS|TAMS 0x00000000a8100000| PB 0x00000000a8100000| Complete 
| 642|0x00000000a8200000, 0x00000000a8300000, 0x00000000a8300000|100%| E|CS|TAMS 0x00000000a8200000| PB 0x00000000a8200000| Complete 
| 643|0x00000000a8300000, 0x00000000a8400000, 0x00000000a8400000|100%| E|CS|TAMS 0x00000000a8300000| PB 0x00000000a8300000| Complete 
| 644|0x00000000a8400000, 0x00000000a8500000, 0x00000000a8500000|100%| E|CS|TAMS 0x00000000a8400000| PB 0x00000000a8400000| Complete 
| 645|0x00000000a8500000, 0x00000000a8600000, 0x00000000a8600000|100%| E|CS|TAMS 0x00000000a8500000| PB 0x00000000a8500000| Complete 
| 646|0x00000000a8600000, 0x00000000a8700000, 0x00000000a8700000|100%| E|CS|TAMS 0x00000000a8600000| PB 0x00000000a8600000| Complete 
| 647|0x00000000a8700000, 0x00000000a8800000, 0x00000000a8800000|100%| E|CS|TAMS 0x00000000a8700000| PB 0x00000000a8700000| Complete 
| 648|0x00000000a8800000, 0x00000000a8900000, 0x00000000a8900000|100%| E|CS|TAMS 0x00000000a8800000| PB 0x00000000a8800000| Complete 
| 649|0x00000000a8900000, 0x00000000a8a00000, 0x00000000a8a00000|100%| E|CS|TAMS 0x00000000a8900000| PB 0x00000000a8900000| Complete 
| 650|0x00000000a8a00000, 0x00000000a8b00000, 0x00000000a8b00000|100%| E|CS|TAMS 0x00000000a8a00000| PB 0x00000000a8a00000| Complete 
| 651|0x00000000a8b00000, 0x00000000a8c00000, 0x00000000a8c00000|100%| E|CS|TAMS 0x00000000a8b00000| PB 0x00000000a8b00000| Complete 
| 652|0x00000000a8c00000, 0x00000000a8d00000, 0x00000000a8d00000|100%| E|CS|TAMS 0x00000000a8c00000| PB 0x00000000a8c00000| Complete 
| 653|0x00000000a8d00000, 0x00000000a8e00000, 0x00000000a8e00000|100%| E|CS|TAMS 0x00000000a8d00000| PB 0x00000000a8d00000| Complete 
| 654|0x00000000a8e00000, 0x00000000a8f00000, 0x00000000a8f00000|100%| E|CS|TAMS 0x00000000a8e00000| PB 0x00000000a8e00000| Complete 
| 655|0x00000000a8f00000, 0x00000000a9000000, 0x00000000a9000000|100%| E|CS|TAMS 0x00000000a8f00000| PB 0x00000000a8f00000| Complete 
| 656|0x00000000a9000000, 0x00000000a9100000, 0x00000000a9100000|100%| E|CS|TAMS 0x00000000a9000000| PB 0x00000000a9000000| Complete 
| 657|0x00000000a9100000, 0x00000000a9200000, 0x00000000a9200000|100%| E|CS|TAMS 0x00000000a9100000| PB 0x00000000a9100000| Complete 
| 658|0x00000000a9200000, 0x00000000a9300000, 0x00000000a9300000|100%| E|CS|TAMS 0x00000000a9200000| PB 0x00000000a9200000| Complete 
| 659|0x00000000a9300000, 0x00000000a9400000, 0x00000000a9400000|100%| E|CS|TAMS 0x00000000a9300000| PB 0x00000000a9300000| Complete 
| 660|0x00000000a9400000, 0x00000000a9500000, 0x00000000a9500000|100%| E|CS|TAMS 0x00000000a9400000| PB 0x00000000a9400000| Complete 
| 661|0x00000000a9500000, 0x00000000a9600000, 0x00000000a9600000|100%| E|CS|TAMS 0x00000000a9500000| PB 0x00000000a9500000| Complete 
| 662|0x00000000a9600000, 0x00000000a9700000, 0x00000000a9700000|100%| E|CS|TAMS 0x00000000a9600000| PB 0x00000000a9600000| Complete 
| 663|0x00000000a9700000, 0x00000000a9800000, 0x00000000a9800000|100%| E|CS|TAMS 0x00000000a9700000| PB 0x00000000a9700000| Complete 
| 664|0x00000000a9800000, 0x00000000a9900000, 0x00000000a9900000|100%| E|CS|TAMS 0x00000000a9800000| PB 0x00000000a9800000| Complete 
| 665|0x00000000a9900000, 0x00000000a9a00000, 0x00000000a9a00000|100%| E|CS|TAMS 0x00000000a9900000| PB 0x00000000a9900000| Complete 
| 666|0x00000000a9a00000, 0x00000000a9b00000, 0x00000000a9b00000|100%| E|CS|TAMS 0x00000000a9a00000| PB 0x00000000a9a00000| Complete 
| 667|0x00000000a9b00000, 0x00000000a9c00000, 0x00000000a9c00000|100%| E|CS|TAMS 0x00000000a9b00000| PB 0x00000000a9b00000| Complete 
| 668|0x00000000a9c00000, 0x00000000a9d00000, 0x00000000a9d00000|100%| E|CS|TAMS 0x00000000a9c00000| PB 0x00000000a9c00000| Complete 
| 669|0x00000000a9d00000, 0x00000000a9e00000, 0x00000000a9e00000|100%| E|CS|TAMS 0x00000000a9d00000| PB 0x00000000a9d00000| Complete 
| 670|0x00000000a9e00000, 0x00000000a9f00000, 0x00000000a9f00000|100%| E|CS|TAMS 0x00000000a9e00000| PB 0x00000000a9e00000| Complete 
| 671|0x00000000a9f00000, 0x00000000aa000000, 0x00000000aa000000|100%| E|CS|TAMS 0x00000000a9f00000| PB 0x00000000a9f00000| Complete 
| 672|0x00000000aa000000, 0x00000000aa100000, 0x00000000aa100000|100%| E|CS|TAMS 0x00000000aa000000| PB 0x00000000aa000000| Complete 
| 673|0x00000000aa100000, 0x00000000aa200000, 0x00000000aa200000|100%| E|CS|TAMS 0x00000000aa100000| PB 0x00000000aa100000| Complete 
| 674|0x00000000aa200000, 0x00000000aa300000, 0x00000000aa300000|100%| E|CS|TAMS 0x00000000aa200000| PB 0x00000000aa200000| Complete 
| 675|0x00000000aa300000, 0x00000000aa400000, 0x00000000aa400000|100%| E|CS|TAMS 0x00000000aa300000| PB 0x00000000aa300000| Complete 
| 676|0x00000000aa400000, 0x00000000aa500000, 0x00000000aa500000|100%| E|CS|TAMS 0x00000000aa400000| PB 0x00000000aa400000| Complete 
| 677|0x00000000aa500000, 0x00000000aa600000, 0x00000000aa600000|100%| E|CS|TAMS 0x00000000aa500000| PB 0x00000000aa500000| Complete 
| 678|0x00000000aa600000, 0x00000000aa700000, 0x00000000aa700000|100%| E|CS|TAMS 0x00000000aa600000| PB 0x00000000aa600000| Complete 
| 679|0x00000000aa700000, 0x00000000aa800000, 0x00000000aa800000|100%| E|CS|TAMS 0x00000000aa700000| PB 0x00000000aa700000| Complete 
| 680|0x00000000aa800000, 0x00000000aa900000, 0x00000000aa900000|100%| E|CS|TAMS 0x00000000aa800000| PB 0x00000000aa800000| Complete 
| 681|0x00000000aa900000, 0x00000000aaa00000, 0x00000000aaa00000|100%| E|CS|TAMS 0x00000000aa900000| PB 0x00000000aa900000| Complete 
| 682|0x00000000aaa00000, 0x00000000aab00000, 0x00000000aab00000|100%| E|CS|TAMS 0x00000000aaa00000| PB 0x00000000aaa00000| Complete 
| 683|0x00000000aab00000, 0x00000000aac00000, 0x00000000aac00000|100%| E|CS|TAMS 0x00000000aab00000| PB 0x00000000aab00000| Complete 
| 684|0x00000000aac00000, 0x00000000aad00000, 0x00000000aad00000|100%| E|CS|TAMS 0x00000000aac00000| PB 0x00000000aac00000| Complete 
| 685|0x00000000aad00000, 0x00000000aae00000, 0x00000000aae00000|100%| E|CS|TAMS 0x00000000aad00000| PB 0x00000000aad00000| Complete 
| 686|0x00000000aae00000, 0x00000000aaf00000, 0x00000000aaf00000|100%| E|CS|TAMS 0x00000000aae00000| PB 0x00000000aae00000| Complete 
| 687|0x00000000aaf00000, 0x00000000ab000000, 0x00000000ab000000|100%| E|CS|TAMS 0x00000000aaf00000| PB 0x00000000aaf00000| Complete 
| 688|0x00000000ab000000, 0x00000000ab100000, 0x00000000ab100000|100%| E|CS|TAMS 0x00000000ab000000| PB 0x00000000ab000000| Complete 
| 689|0x00000000ab100000, 0x00000000ab200000, 0x00000000ab200000|100%| E|CS|TAMS 0x00000000ab100000| PB 0x00000000ab100000| Complete 
| 690|0x00000000ab200000, 0x00000000ab300000, 0x00000000ab300000|100%| E|CS|TAMS 0x00000000ab200000| PB 0x00000000ab200000| Complete 
| 691|0x00000000ab300000, 0x00000000ab400000, 0x00000000ab400000|100%| E|CS|TAMS 0x00000000ab300000| PB 0x00000000ab300000| Complete 
| 692|0x00000000ab400000, 0x00000000ab500000, 0x00000000ab500000|100%| E|CS|TAMS 0x00000000ab400000| PB 0x00000000ab400000| Complete 
| 693|0x00000000ab500000, 0x00000000ab600000, 0x00000000ab600000|100%| E|CS|TAMS 0x00000000ab500000| PB 0x00000000ab500000| Complete 
| 694|0x00000000ab600000, 0x00000000ab700000, 0x00000000ab700000|100%| E|CS|TAMS 0x00000000ab600000| PB 0x00000000ab600000| Complete 
| 695|0x00000000ab700000, 0x00000000ab800000, 0x00000000ab800000|100%| E|CS|TAMS 0x00000000ab700000| PB 0x00000000ab700000| Complete 
| 696|0x00000000ab800000, 0x00000000ab900000, 0x00000000ab900000|100%| E|CS|TAMS 0x00000000ab800000| PB 0x00000000ab800000| Complete 
| 697|0x00000000ab900000, 0x00000000aba00000, 0x00000000aba00000|100%| E|CS|TAMS 0x00000000ab900000| PB 0x00000000ab900000| Complete 
| 698|0x00000000aba00000, 0x00000000abb00000, 0x00000000abb00000|100%| E|CS|TAMS 0x00000000aba00000| PB 0x00000000aba00000| Complete 
| 699|0x00000000abb00000, 0x00000000abc00000, 0x00000000abc00000|100%| E|CS|TAMS 0x00000000abb00000| PB 0x00000000abb00000| Complete 
| 700|0x00000000abc00000, 0x00000000abd00000, 0x00000000abd00000|100%| E|CS|TAMS 0x00000000abc00000| PB 0x00000000abc00000| Complete 
| 701|0x00000000abd00000, 0x00000000abe00000, 0x00000000abe00000|100%| E|CS|TAMS 0x00000000abd00000| PB 0x00000000abd00000| Complete 
| 702|0x00000000abe00000, 0x00000000abf00000, 0x00000000abf00000|100%| E|CS|TAMS 0x00000000abe00000| PB 0x00000000abe00000| Complete 
| 703|0x00000000abf00000, 0x00000000ac000000, 0x00000000ac000000|100%| E|CS|TAMS 0x00000000abf00000| PB 0x00000000abf00000| Complete 
| 704|0x00000000ac000000, 0x00000000ac100000, 0x00000000ac100000|100%| E|CS|TAMS 0x00000000ac000000| PB 0x00000000ac000000| Complete 
| 705|0x00000000ac100000, 0x00000000ac200000, 0x00000000ac200000|100%| E|CS|TAMS 0x00000000ac100000| PB 0x00000000ac100000| Complete 
| 706|0x00000000ac200000, 0x00000000ac300000, 0x00000000ac300000|100%| E|CS|TAMS 0x00000000ac200000| PB 0x00000000ac200000| Complete 
| 707|0x00000000ac300000, 0x00000000ac400000, 0x00000000ac400000|100%| E|CS|TAMS 0x00000000ac300000| PB 0x00000000ac300000| Complete 
| 708|0x00000000ac400000, 0x00000000ac500000, 0x00000000ac500000|100%| E|CS|TAMS 0x00000000ac400000| PB 0x00000000ac400000| Complete 
| 709|0x00000000ac500000, 0x00000000ac600000, 0x00000000ac600000|100%| E|CS|TAMS 0x00000000ac500000| PB 0x00000000ac500000| Complete 
| 710|0x00000000ac600000, 0x00000000ac700000, 0x00000000ac700000|100%| E|CS|TAMS 0x00000000ac600000| PB 0x00000000ac600000| Complete 
| 711|0x00000000ac700000, 0x00000000ac800000, 0x00000000ac800000|100%| E|CS|TAMS 0x00000000ac700000| PB 0x00000000ac700000| Complete 
| 712|0x00000000ac800000, 0x00000000ac900000, 0x00000000ac900000|100%| E|CS|TAMS 0x00000000ac800000| PB 0x00000000ac800000| Complete 
| 713|0x00000000ac900000, 0x00000000aca00000, 0x00000000aca00000|100%| E|CS|TAMS 0x00000000ac900000| PB 0x00000000ac900000| Complete 
| 714|0x00000000aca00000, 0x00000000acb00000, 0x00000000acb00000|100%| E|CS|TAMS 0x00000000aca00000| PB 0x00000000aca00000| Complete 
| 715|0x00000000acb00000, 0x00000000acc00000, 0x00000000acc00000|100%| E|CS|TAMS 0x00000000acb00000| PB 0x00000000acb00000| Complete 
| 716|0x00000000acc00000, 0x00000000acd00000, 0x00000000acd00000|100%| E|CS|TAMS 0x00000000acc00000| PB 0x00000000acc00000| Complete 
| 717|0x00000000acd00000, 0x00000000ace00000, 0x00000000ace00000|100%| E|CS|TAMS 0x00000000acd00000| PB 0x00000000acd00000| Complete 
| 718|0x00000000ace00000, 0x00000000acf00000, 0x00000000acf00000|100%| E|CS|TAMS 0x00000000ace00000| PB 0x00000000ace00000| Complete 
| 719|0x00000000acf00000, 0x00000000ad000000, 0x00000000ad000000|100%| E|CS|TAMS 0x00000000acf00000| PB 0x00000000acf00000| Complete 
| 720|0x00000000ad000000, 0x00000000ad100000, 0x00000000ad100000|100%| E|CS|TAMS 0x00000000ad000000| PB 0x00000000ad000000| Complete 
| 721|0x00000000ad100000, 0x00000000ad200000, 0x00000000ad200000|100%| E|CS|TAMS 0x00000000ad100000| PB 0x00000000ad100000| Complete 
| 722|0x00000000ad200000, 0x00000000ad300000, 0x00000000ad300000|100%| E|CS|TAMS 0x00000000ad200000| PB 0x00000000ad200000| Complete 
| 723|0x00000000ad300000, 0x00000000ad400000, 0x00000000ad400000|100%| E|CS|TAMS 0x00000000ad300000| PB 0x00000000ad300000| Complete 
| 724|0x00000000ad400000, 0x00000000ad500000, 0x00000000ad500000|100%| E|CS|TAMS 0x00000000ad400000| PB 0x00000000ad400000| Complete 
| 725|0x00000000ad500000, 0x00000000ad600000, 0x00000000ad600000|100%| E|CS|TAMS 0x00000000ad500000| PB 0x00000000ad500000| Complete 
| 726|0x00000000ad600000, 0x00000000ad700000, 0x00000000ad700000|100%| E|CS|TAMS 0x00000000ad600000| PB 0x00000000ad600000| Complete 
| 727|0x00000000ad700000, 0x00000000ad800000, 0x00000000ad800000|100%| E|CS|TAMS 0x00000000ad700000| PB 0x00000000ad700000| Complete 
| 728|0x00000000ad800000, 0x00000000ad900000, 0x00000000ad900000|100%| E|CS|TAMS 0x00000000ad800000| PB 0x00000000ad800000| Complete 
| 729|0x00000000ad900000, 0x00000000ada00000, 0x00000000ada00000|100%| E|CS|TAMS 0x00000000ad900000| PB 0x00000000ad900000| Complete 
| 730|0x00000000ada00000, 0x00000000adb00000, 0x00000000adb00000|100%| E|CS|TAMS 0x00000000ada00000| PB 0x00000000ada00000| Complete 
| 731|0x00000000adb00000, 0x00000000adc00000, 0x00000000adc00000|100%| E|CS|TAMS 0x00000000adb00000| PB 0x00000000adb00000| Complete 
| 732|0x00000000adc00000, 0x00000000add00000, 0x00000000add00000|100%| E|CS|TAMS 0x00000000adc00000| PB 0x00000000adc00000| Complete 
| 733|0x00000000add00000, 0x00000000ade00000, 0x00000000ade00000|100%| E|CS|TAMS 0x00000000add00000| PB 0x00000000add00000| Complete 
| 734|0x00000000ade00000, 0x00000000adf00000, 0x00000000adf00000|100%| E|CS|TAMS 0x00000000ade00000| PB 0x00000000ade00000| Complete 
| 735|0x00000000adf00000, 0x00000000ae000000, 0x00000000ae000000|100%| E|CS|TAMS 0x00000000adf00000| PB 0x00000000adf00000| Complete 
| 736|0x00000000ae000000, 0x00000000ae100000, 0x00000000ae100000|100%| E|CS|TAMS 0x00000000ae000000| PB 0x00000000ae000000| Complete 
| 737|0x00000000ae100000, 0x00000000ae200000, 0x00000000ae200000|100%| E|CS|TAMS 0x00000000ae100000| PB 0x00000000ae100000| Complete 
| 738|0x00000000ae200000, 0x00000000ae300000, 0x00000000ae300000|100%| E|CS|TAMS 0x00000000ae200000| PB 0x00000000ae200000| Complete 
| 739|0x00000000ae300000, 0x00000000ae400000, 0x00000000ae400000|100%| E|CS|TAMS 0x00000000ae300000| PB 0x00000000ae300000| Complete 
| 740|0x00000000ae400000, 0x00000000ae500000, 0x00000000ae500000|100%| E|CS|TAMS 0x00000000ae400000| PB 0x00000000ae400000| Complete 
| 741|0x00000000ae500000, 0x00000000ae600000, 0x00000000ae600000|100%| E|CS|TAMS 0x00000000ae500000| PB 0x00000000ae500000| Complete 
| 742|0x00000000ae600000, 0x00000000ae700000, 0x00000000ae700000|100%| E|CS|TAMS 0x00000000ae600000| PB 0x00000000ae600000| Complete 
| 743|0x00000000ae700000, 0x00000000ae800000, 0x00000000ae800000|100%| E|CS|TAMS 0x00000000ae700000| PB 0x00000000ae700000| Complete 
| 744|0x00000000ae800000, 0x00000000ae900000, 0x00000000ae900000|100%| E|CS|TAMS 0x00000000ae800000| PB 0x00000000ae800000| Complete 
| 745|0x00000000ae900000, 0x00000000aea00000, 0x00000000aea00000|100%| E|CS|TAMS 0x00000000ae900000| PB 0x00000000ae900000| Complete 
| 746|0x00000000aea00000, 0x00000000aeb00000, 0x00000000aeb00000|100%| E|CS|TAMS 0x00000000aea00000| PB 0x00000000aea00000| Complete 
| 747|0x00000000aeb00000, 0x00000000aec00000, 0x00000000aec00000|100%| E|CS|TAMS 0x00000000aeb00000| PB 0x00000000aeb00000| Complete 
| 748|0x00000000aec00000, 0x00000000aed00000, 0x00000000aed00000|100%| E|CS|TAMS 0x00000000aec00000| PB 0x00000000aec00000| Complete 
| 749|0x00000000aed00000, 0x00000000aee00000, 0x00000000aee00000|100%| E|CS|TAMS 0x00000000aed00000| PB 0x00000000aed00000| Complete 
| 750|0x00000000aee00000, 0x00000000aef00000, 0x00000000aef00000|100%| E|CS|TAMS 0x00000000aee00000| PB 0x00000000aee00000| Complete 
| 751|0x00000000aef00000, 0x00000000af000000, 0x00000000af000000|100%| E|CS|TAMS 0x00000000aef00000| PB 0x00000000aef00000| Complete 
| 752|0x00000000af000000, 0x00000000af100000, 0x00000000af100000|100%| E|CS|TAMS 0x00000000af000000| PB 0x00000000af000000| Complete 
| 753|0x00000000af100000, 0x00000000af200000, 0x00000000af200000|100%| E|CS|TAMS 0x00000000af100000| PB 0x00000000af100000| Complete 
| 754|0x00000000af200000, 0x00000000af300000, 0x00000000af300000|100%| E|CS|TAMS 0x00000000af200000| PB 0x00000000af200000| Complete 
| 755|0x00000000af300000, 0x00000000af400000, 0x00000000af400000|100%| E|CS|TAMS 0x00000000af300000| PB 0x00000000af300000| Complete 
| 756|0x00000000af400000, 0x00000000af500000, 0x00000000af500000|100%| E|CS|TAMS 0x00000000af400000| PB 0x00000000af400000| Complete 
| 757|0x00000000af500000, 0x00000000af600000, 0x00000000af600000|100%| E|CS|TAMS 0x00000000af500000| PB 0x00000000af500000| Complete 
| 758|0x00000000af600000, 0x00000000af700000, 0x00000000af700000|100%| E|CS|TAMS 0x00000000af600000| PB 0x00000000af600000| Complete 
| 759|0x00000000af700000, 0x00000000af800000, 0x00000000af800000|100%| E|CS|TAMS 0x00000000af700000| PB 0x00000000af700000| Complete 
| 760|0x00000000af800000, 0x00000000af900000, 0x00000000af900000|100%| E|CS|TAMS 0x00000000af800000| PB 0x00000000af800000| Complete 
| 761|0x00000000af900000, 0x00000000afa00000, 0x00000000afa00000|100%| E|CS|TAMS 0x00000000af900000| PB 0x00000000af900000| Complete 
| 762|0x00000000afa00000, 0x00000000afb00000, 0x00000000afb00000|100%| E|CS|TAMS 0x00000000afa00000| PB 0x00000000afa00000| Complete 
| 763|0x00000000afb00000, 0x00000000afc00000, 0x00000000afc00000|100%| E|CS|TAMS 0x00000000afb00000| PB 0x00000000afb00000| Complete 
| 764|0x00000000afc00000, 0x00000000afd00000, 0x00000000afd00000|100%| E|CS|TAMS 0x00000000afc00000| PB 0x00000000afc00000| Complete 
| 765|0x00000000afd00000, 0x00000000afe00000, 0x00000000afe00000|100%| E|CS|TAMS 0x00000000afd00000| PB 0x00000000afd00000| Complete 
| 766|0x00000000afe00000, 0x00000000aff00000, 0x00000000aff00000|100%| E|CS|TAMS 0x00000000afe00000| PB 0x00000000afe00000| Complete 
| 767|0x00000000aff00000, 0x00000000b0000000, 0x00000000b0000000|100%| E|CS|TAMS 0x00000000aff00000| PB 0x00000000aff00000| Complete 
| 768|0x00000000b0000000, 0x00000000b0100000, 0x00000000b0100000|100%| E|CS|TAMS 0x00000000b0000000| PB 0x00000000b0000000| Complete 
| 769|0x00000000b0100000, 0x00000000b0200000, 0x00000000b0200000|100%| E|CS|TAMS 0x00000000b0100000| PB 0x00000000b0100000| Complete 
| 770|0x00000000b0200000, 0x00000000b0300000, 0x00000000b0300000|100%| E|CS|TAMS 0x00000000b0200000| PB 0x00000000b0200000| Complete 
| 771|0x00000000b0300000, 0x00000000b0400000, 0x00000000b0400000|100%| E|CS|TAMS 0x00000000b0300000| PB 0x00000000b0300000| Complete 
| 772|0x00000000b0400000, 0x00000000b0500000, 0x00000000b0500000|100%| E|CS|TAMS 0x00000000b0400000| PB 0x00000000b0400000| Complete 
| 773|0x00000000b0500000, 0x00000000b0600000, 0x00000000b0600000|100%| E|CS|TAMS 0x00000000b0500000| PB 0x00000000b0500000| Complete 
| 774|0x00000000b0600000, 0x00000000b0700000, 0x00000000b0700000|100%| E|CS|TAMS 0x00000000b0600000| PB 0x00000000b0600000| Complete 
| 775|0x00000000b0700000, 0x00000000b0800000, 0x00000000b0800000|100%| E|CS|TAMS 0x00000000b0700000| PB 0x00000000b0700000| Complete 
| 776|0x00000000b0800000, 0x00000000b0900000, 0x00000000b0900000|100%| E|CS|TAMS 0x00000000b0800000| PB 0x00000000b0800000| Complete 
| 777|0x00000000b0900000, 0x00000000b0a00000, 0x00000000b0a00000|100%| E|CS|TAMS 0x00000000b0900000| PB 0x00000000b0900000| Complete 
| 778|0x00000000b0a00000, 0x00000000b0b00000, 0x00000000b0b00000|100%| E|CS|TAMS 0x00000000b0a00000| PB 0x00000000b0a00000| Complete 
| 779|0x00000000b0b00000, 0x00000000b0c00000, 0x00000000b0c00000|100%| E|CS|TAMS 0x00000000b0b00000| PB 0x00000000b0b00000| Complete 
| 780|0x00000000b0c00000, 0x00000000b0d00000, 0x00000000b0d00000|100%| E|CS|TAMS 0x00000000b0c00000| PB 0x00000000b0c00000| Complete 
| 781|0x00000000b0d00000, 0x00000000b0e00000, 0x00000000b0e00000|100%| E|CS|TAMS 0x00000000b0d00000| PB 0x00000000b0d00000| Complete 
| 782|0x00000000b0e00000, 0x00000000b0f00000, 0x00000000b0f00000|100%| E|CS|TAMS 0x00000000b0e00000| PB 0x00000000b0e00000| Complete 
| 783|0x00000000b0f00000, 0x00000000b1000000, 0x00000000b1000000|100%| E|CS|TAMS 0x00000000b0f00000| PB 0x00000000b0f00000| Complete 
| 784|0x00000000b1000000, 0x00000000b1100000, 0x00000000b1100000|100%| E|CS|TAMS 0x00000000b1000000| PB 0x00000000b1000000| Complete 
| 785|0x00000000b1100000, 0x00000000b1200000, 0x00000000b1200000|100%| E|CS|TAMS 0x00000000b1100000| PB 0x00000000b1100000| Complete 
| 786|0x00000000b1200000, 0x00000000b1300000, 0x00000000b1300000|100%| E|CS|TAMS 0x00000000b1200000| PB 0x00000000b1200000| Complete 
| 787|0x00000000b1300000, 0x00000000b1400000, 0x00000000b1400000|100%| E|CS|TAMS 0x00000000b1300000| PB 0x00000000b1300000| Complete 
| 788|0x00000000b1400000, 0x00000000b1500000, 0x00000000b1500000|100%| E|CS|TAMS 0x00000000b1400000| PB 0x00000000b1400000| Complete 
| 789|0x00000000b1500000, 0x00000000b1600000, 0x00000000b1600000|100%| E|CS|TAMS 0x00000000b1500000| PB 0x00000000b1500000| Complete 
| 790|0x00000000b1600000, 0x00000000b1700000, 0x00000000b1700000|100%| E|CS|TAMS 0x00000000b1600000| PB 0x00000000b1600000| Complete 
| 791|0x00000000b1700000, 0x00000000b1800000, 0x00000000b1800000|100%| E|CS|TAMS 0x00000000b1700000| PB 0x00000000b1700000| Complete 
| 792|0x00000000b1800000, 0x00000000b1900000, 0x00000000b1900000|100%| E|CS|TAMS 0x00000000b1800000| PB 0x00000000b1800000| Complete 
| 793|0x00000000b1900000, 0x00000000b1a00000, 0x00000000b1a00000|100%| E|CS|TAMS 0x00000000b1900000| PB 0x00000000b1900000| Complete 
| 794|0x00000000b1a00000, 0x00000000b1b00000, 0x00000000b1b00000|100%| E|CS|TAMS 0x00000000b1a00000| PB 0x00000000b1a00000| Complete 
| 795|0x00000000b1b00000, 0x00000000b1c00000, 0x00000000b1c00000|100%| E|CS|TAMS 0x00000000b1b00000| PB 0x00000000b1b00000| Complete 
| 796|0x00000000b1c00000, 0x00000000b1d00000, 0x00000000b1d00000|100%| E|CS|TAMS 0x00000000b1c00000| PB 0x00000000b1c00000| Complete 
| 797|0x00000000b1d00000, 0x00000000b1e00000, 0x00000000b1e00000|100%| E|CS|TAMS 0x00000000b1d00000| PB 0x00000000b1d00000| Complete 
| 798|0x00000000b1e00000, 0x00000000b1f00000, 0x00000000b1f00000|100%| E|CS|TAMS 0x00000000b1e00000| PB 0x00000000b1e00000| Complete 
| 799|0x00000000b1f00000, 0x00000000b2000000, 0x00000000b2000000|100%| E|CS|TAMS 0x00000000b1f00000| PB 0x00000000b1f00000| Complete 
| 800|0x00000000b2000000, 0x00000000b2100000, 0x00000000b2100000|100%| E|CS|TAMS 0x00000000b2000000| PB 0x00000000b2000000| Complete 
| 801|0x00000000b2100000, 0x00000000b2200000, 0x00000000b2200000|100%| E|CS|TAMS 0x00000000b2100000| PB 0x00000000b2100000| Complete 
| 802|0x00000000b2200000, 0x00000000b2300000, 0x00000000b2300000|100%| E|CS|TAMS 0x00000000b2200000| PB 0x00000000b2200000| Complete 
| 803|0x00000000b2300000, 0x00000000b2400000, 0x00000000b2400000|100%| E|CS|TAMS 0x00000000b2300000| PB 0x00000000b2300000| Complete 
| 804|0x00000000b2400000, 0x00000000b2500000, 0x00000000b2500000|100%| E|CS|TAMS 0x00000000b2400000| PB 0x00000000b2400000| Complete 
| 805|0x00000000b2500000, 0x00000000b2600000, 0x00000000b2600000|100%| E|CS|TAMS 0x00000000b2500000| PB 0x00000000b2500000| Complete 
| 806|0x00000000b2600000, 0x00000000b2700000, 0x00000000b2700000|100%| E|CS|TAMS 0x00000000b2600000| PB 0x00000000b2600000| Complete 
| 807|0x00000000b2700000, 0x00000000b2800000, 0x00000000b2800000|100%| E|CS|TAMS 0x00000000b2700000| PB 0x00000000b2700000| Complete 
| 808|0x00000000b2800000, 0x00000000b2900000, 0x00000000b2900000|100%| E|CS|TAMS 0x00000000b2800000| PB 0x00000000b2800000| Complete 
| 809|0x00000000b2900000, 0x00000000b2a00000, 0x00000000b2a00000|100%| E|CS|TAMS 0x00000000b2900000| PB 0x00000000b2900000| Complete 
| 810|0x00000000b2a00000, 0x00000000b2b00000, 0x00000000b2b00000|100%| E|CS|TAMS 0x00000000b2a00000| PB 0x00000000b2a00000| Complete 
| 811|0x00000000b2b00000, 0x00000000b2c00000, 0x00000000b2c00000|100%| E|CS|TAMS 0x00000000b2b00000| PB 0x00000000b2b00000| Complete 
| 812|0x00000000b2c00000, 0x00000000b2d00000, 0x00000000b2d00000|100%| E|CS|TAMS 0x00000000b2c00000| PB 0x00000000b2c00000| Complete 
| 813|0x00000000b2d00000, 0x00000000b2e00000, 0x00000000b2e00000|100%| E|CS|TAMS 0x00000000b2d00000| PB 0x00000000b2d00000| Complete 
| 814|0x00000000b2e00000, 0x00000000b2f00000, 0x00000000b2f00000|100%| E|CS|TAMS 0x00000000b2e00000| PB 0x00000000b2e00000| Complete 
| 815|0x00000000b2f00000, 0x00000000b3000000, 0x00000000b3000000|100%| E|CS|TAMS 0x00000000b2f00000| PB 0x00000000b2f00000| Complete 
| 816|0x00000000b3000000, 0x00000000b3100000, 0x00000000b3100000|100%| E|CS|TAMS 0x00000000b3000000| PB 0x00000000b3000000| Complete 
| 817|0x00000000b3100000, 0x00000000b3200000, 0x00000000b3200000|100%| E|CS|TAMS 0x00000000b3100000| PB 0x00000000b3100000| Complete 
| 818|0x00000000b3200000, 0x00000000b3300000, 0x00000000b3300000|100%| E|CS|TAMS 0x00000000b3200000| PB 0x00000000b3200000| Complete 
| 819|0x00000000b3300000, 0x00000000b3400000, 0x00000000b3400000|100%| E|CS|TAMS 0x00000000b3300000| PB 0x00000000b3300000| Complete 
| 820|0x00000000b3400000, 0x00000000b3500000, 0x00000000b3500000|100%| E|CS|TAMS 0x00000000b3400000| PB 0x00000000b3400000| Complete 
| 821|0x00000000b3500000, 0x00000000b3600000, 0x00000000b3600000|100%| E|CS|TAMS 0x00000000b3500000| PB 0x00000000b3500000| Complete 
| 822|0x00000000b3600000, 0x00000000b3700000, 0x00000000b3700000|100%| E|CS|TAMS 0x00000000b3600000| PB 0x00000000b3600000| Complete 
| 823|0x00000000b3700000, 0x00000000b3800000, 0x00000000b3800000|100%| E|CS|TAMS 0x00000000b3700000| PB 0x00000000b3700000| Complete 
| 824|0x00000000b3800000, 0x00000000b3900000, 0x00000000b3900000|100%| E|CS|TAMS 0x00000000b3800000| PB 0x00000000b3800000| Complete 
| 825|0x00000000b3900000, 0x00000000b3a00000, 0x00000000b3a00000|100%| E|CS|TAMS 0x00000000b3900000| PB 0x00000000b3900000| Complete 
| 826|0x00000000b3a00000, 0x00000000b3b00000, 0x00000000b3b00000|100%| E|CS|TAMS 0x00000000b3a00000| PB 0x00000000b3a00000| Complete 
| 827|0x00000000b3b00000, 0x00000000b3c00000, 0x00000000b3c00000|100%| E|CS|TAMS 0x00000000b3b00000| PB 0x00000000b3b00000| Complete 
| 828|0x00000000b3c00000, 0x00000000b3d00000, 0x00000000b3d00000|100%| E|CS|TAMS 0x00000000b3c00000| PB 0x00000000b3c00000| Complete 
| 829|0x00000000b3d00000, 0x00000000b3e00000, 0x00000000b3e00000|100%| E|CS|TAMS 0x00000000b3d00000| PB 0x00000000b3d00000| Complete 
| 830|0x00000000b3e00000, 0x00000000b3f00000, 0x00000000b3f00000|100%| E|CS|TAMS 0x00000000b3e00000| PB 0x00000000b3e00000| Complete 
| 831|0x00000000b3f00000, 0x00000000b4000000, 0x00000000b4000000|100%| E|CS|TAMS 0x00000000b3f00000| PB 0x00000000b3f00000| Complete 
| 832|0x00000000b4000000, 0x00000000b4100000, 0x00000000b4100000|100%| E|CS|TAMS 0x00000000b4000000| PB 0x00000000b4000000| Complete 
| 833|0x00000000b4100000, 0x00000000b4200000, 0x00000000b4200000|100%| E|CS|TAMS 0x00000000b4100000| PB 0x00000000b4100000| Complete 
| 834|0x00000000b4200000, 0x00000000b4300000, 0x00000000b4300000|100%| E|CS|TAMS 0x00000000b4200000| PB 0x00000000b4200000| Complete 
| 835|0x00000000b4300000, 0x00000000b4400000, 0x00000000b4400000|100%| E|CS|TAMS 0x00000000b4300000| PB 0x00000000b4300000| Complete 
| 836|0x00000000b4400000, 0x00000000b4500000, 0x00000000b4500000|100%| E|CS|TAMS 0x00000000b4400000| PB 0x00000000b4400000| Complete 
| 837|0x00000000b4500000, 0x00000000b4600000, 0x00000000b4600000|100%| E|CS|TAMS 0x00000000b4500000| PB 0x00000000b4500000| Complete 
| 838|0x00000000b4600000, 0x00000000b4700000, 0x00000000b4700000|100%| E|CS|TAMS 0x00000000b4600000| PB 0x00000000b4600000| Complete 
| 839|0x00000000b4700000, 0x00000000b4800000, 0x00000000b4800000|100%| E|CS|TAMS 0x00000000b4700000| PB 0x00000000b4700000| Complete 
| 840|0x00000000b4800000, 0x00000000b4900000, 0x00000000b4900000|100%| E|CS|TAMS 0x00000000b4800000| PB 0x00000000b4800000| Complete 
| 841|0x00000000b4900000, 0x00000000b4a00000, 0x00000000b4a00000|100%| E|CS|TAMS 0x00000000b4900000| PB 0x00000000b4900000| Complete 
| 842|0x00000000b4a00000, 0x00000000b4b00000, 0x00000000b4b00000|100%| E|CS|TAMS 0x00000000b4a00000| PB 0x00000000b4a00000| Complete 
| 843|0x00000000b4b00000, 0x00000000b4c00000, 0x00000000b4c00000|100%| E|CS|TAMS 0x00000000b4b00000| PB 0x00000000b4b00000| Complete 
| 844|0x00000000b4c00000, 0x00000000b4d00000, 0x00000000b4d00000|100%| E|CS|TAMS 0x00000000b4c00000| PB 0x00000000b4c00000| Complete 
| 845|0x00000000b4d00000, 0x00000000b4e00000, 0x00000000b4e00000|100%| E|CS|TAMS 0x00000000b4d00000| PB 0x00000000b4d00000| Complete 
| 846|0x00000000b4e00000, 0x00000000b4f00000, 0x00000000b4f00000|100%| E|CS|TAMS 0x00000000b4e00000| PB 0x00000000b4e00000| Complete 
| 847|0x00000000b4f00000, 0x00000000b5000000, 0x00000000b5000000|100%| E|CS|TAMS 0x00000000b4f00000| PB 0x00000000b4f00000| Complete 
| 848|0x00000000b5000000, 0x00000000b5100000, 0x00000000b5100000|100%| E|CS|TAMS 0x00000000b5000000| PB 0x00000000b5000000| Complete 
| 849|0x00000000b5100000, 0x00000000b5200000, 0x00000000b5200000|100%| E|CS|TAMS 0x00000000b5100000| PB 0x00000000b5100000| Complete 
| 850|0x00000000b5200000, 0x00000000b5300000, 0x00000000b5300000|100%| E|CS|TAMS 0x00000000b5200000| PB 0x00000000b5200000| Complete 
| 851|0x00000000b5300000, 0x00000000b5400000, 0x00000000b5400000|100%| E|CS|TAMS 0x00000000b5300000| PB 0x00000000b5300000| Complete 
| 852|0x00000000b5400000, 0x00000000b5500000, 0x00000000b5500000|100%| E|CS|TAMS 0x00000000b5400000| PB 0x00000000b5400000| Complete 
| 853|0x00000000b5500000, 0x00000000b5600000, 0x00000000b5600000|100%| E|CS|TAMS 0x00000000b5500000| PB 0x00000000b5500000| Complete 
| 854|0x00000000b5600000, 0x00000000b5700000, 0x00000000b5700000|100%| E|CS|TAMS 0x00000000b5600000| PB 0x00000000b5600000| Complete 
| 855|0x00000000b5700000, 0x00000000b5800000, 0x00000000b5800000|100%| E|CS|TAMS 0x00000000b5700000| PB 0x00000000b5700000| Complete 
| 856|0x00000000b5800000, 0x00000000b5900000, 0x00000000b5900000|100%| E|CS|TAMS 0x00000000b5800000| PB 0x00000000b5800000| Complete 
| 857|0x00000000b5900000, 0x00000000b5a00000, 0x00000000b5a00000|100%| E|CS|TAMS 0x00000000b5900000| PB 0x00000000b5900000| Complete 
| 858|0x00000000b5a00000, 0x00000000b5b00000, 0x00000000b5b00000|100%| E|CS|TAMS 0x00000000b5a00000| PB 0x00000000b5a00000| Complete 
| 859|0x00000000b5b00000, 0x00000000b5c00000, 0x00000000b5c00000|100%| E|CS|TAMS 0x00000000b5b00000| PB 0x00000000b5b00000| Complete 
| 860|0x00000000b5c00000, 0x00000000b5d00000, 0x00000000b5d00000|100%| E|CS|TAMS 0x00000000b5c00000| PB 0x00000000b5c00000| Complete 
| 861|0x00000000b5d00000, 0x00000000b5e00000, 0x00000000b5e00000|100%| E|CS|TAMS 0x00000000b5d00000| PB 0x00000000b5d00000| Complete 
| 862|0x00000000b5e00000, 0x00000000b5f00000, 0x00000000b5f00000|100%| E|CS|TAMS 0x00000000b5e00000| PB 0x00000000b5e00000| Complete 
| 863|0x00000000b5f00000, 0x00000000b6000000, 0x00000000b6000000|100%| E|CS|TAMS 0x00000000b5f00000| PB 0x00000000b5f00000| Complete 
| 864|0x00000000b6000000, 0x00000000b6100000, 0x00000000b6100000|100%| E|CS|TAMS 0x00000000b6000000| PB 0x00000000b6000000| Complete 
| 865|0x00000000b6100000, 0x00000000b6200000, 0x00000000b6200000|100%| E|CS|TAMS 0x00000000b6100000| PB 0x00000000b6100000| Complete 
| 866|0x00000000b6200000, 0x00000000b6300000, 0x00000000b6300000|100%| E|CS|TAMS 0x00000000b6200000| PB 0x00000000b6200000| Complete 
| 867|0x00000000b6300000, 0x00000000b6400000, 0x00000000b6400000|100%| E|CS|TAMS 0x00000000b6300000| PB 0x00000000b6300000| Complete 
| 868|0x00000000b6400000, 0x00000000b6500000, 0x00000000b6500000|100%| E|CS|TAMS 0x00000000b6400000| PB 0x00000000b6400000| Complete 
| 869|0x00000000b6500000, 0x00000000b6600000, 0x00000000b6600000|100%| E|CS|TAMS 0x00000000b6500000| PB 0x00000000b6500000| Complete 
| 870|0x00000000b6600000, 0x00000000b6700000, 0x00000000b6700000|100%| E|CS|TAMS 0x00000000b6600000| PB 0x00000000b6600000| Complete 
| 871|0x00000000b6700000, 0x00000000b6800000, 0x00000000b6800000|100%| E|CS|TAMS 0x00000000b6700000| PB 0x00000000b6700000| Complete 
| 872|0x00000000b6800000, 0x00000000b6900000, 0x00000000b6900000|100%| E|CS|TAMS 0x00000000b6800000| PB 0x00000000b6800000| Complete 
| 873|0x00000000b6900000, 0x00000000b6a00000, 0x00000000b6a00000|100%| E|CS|TAMS 0x00000000b6900000| PB 0x00000000b6900000| Complete 
| 874|0x00000000b6a00000, 0x00000000b6b00000, 0x00000000b6b00000|100%| E|CS|TAMS 0x00000000b6a00000| PB 0x00000000b6a00000| Complete 
| 875|0x00000000b6b00000, 0x00000000b6c00000, 0x00000000b6c00000|100%| E|CS|TAMS 0x00000000b6b00000| PB 0x00000000b6b00000| Complete 
| 876|0x00000000b6c00000, 0x00000000b6d00000, 0x00000000b6d00000|100%| E|CS|TAMS 0x00000000b6c00000| PB 0x00000000b6c00000| Complete 
| 877|0x00000000b6d00000, 0x00000000b6e00000, 0x00000000b6e00000|100%| E|CS|TAMS 0x00000000b6d00000| PB 0x00000000b6d00000| Complete 
| 878|0x00000000b6e00000, 0x00000000b6f00000, 0x00000000b6f00000|100%| E|CS|TAMS 0x00000000b6e00000| PB 0x00000000b6e00000| Complete 
| 879|0x00000000b6f00000, 0x00000000b7000000, 0x00000000b7000000|100%| E|CS|TAMS 0x00000000b6f00000| PB 0x00000000b6f00000| Complete 
| 880|0x00000000b7000000, 0x00000000b7100000, 0x00000000b7100000|100%| E|CS|TAMS 0x00000000b7000000| PB 0x00000000b7000000| Complete 
| 881|0x00000000b7100000, 0x00000000b7200000, 0x00000000b7200000|100%| E|CS|TAMS 0x00000000b7100000| PB 0x00000000b7100000| Complete 
| 882|0x00000000b7200000, 0x00000000b7300000, 0x00000000b7300000|100%| E|CS|TAMS 0x00000000b7200000| PB 0x00000000b7200000| Complete 
| 883|0x00000000b7300000, 0x00000000b7400000, 0x00000000b7400000|100%| E|CS|TAMS 0x00000000b7300000| PB 0x00000000b7300000| Complete 
| 884|0x00000000b7400000, 0x00000000b7500000, 0x00000000b7500000|100%| E|CS|TAMS 0x00000000b7400000| PB 0x00000000b7400000| Complete 
| 885|0x00000000b7500000, 0x00000000b7600000, 0x00000000b7600000|100%| E|CS|TAMS 0x00000000b7500000| PB 0x00000000b7500000| Complete 
| 886|0x00000000b7600000, 0x00000000b7700000, 0x00000000b7700000|100%| E|CS|TAMS 0x00000000b7600000| PB 0x00000000b7600000| Complete 
| 887|0x00000000b7700000, 0x00000000b7800000, 0x00000000b7800000|100%| E|CS|TAMS 0x00000000b7700000| PB 0x00000000b7700000| Complete 
| 888|0x00000000b7800000, 0x00000000b7900000, 0x00000000b7900000|100%| E|CS|TAMS 0x00000000b7800000| PB 0x00000000b7800000| Complete 
| 889|0x00000000b7900000, 0x00000000b7a00000, 0x00000000b7a00000|100%| E|CS|TAMS 0x00000000b7900000| PB 0x00000000b7900000| Complete 
| 890|0x00000000b7a00000, 0x00000000b7b00000, 0x00000000b7b00000|100%| E|CS|TAMS 0x00000000b7a00000| PB 0x00000000b7a00000| Complete 
| 891|0x00000000b7b00000, 0x00000000b7c00000, 0x00000000b7c00000|100%| E|CS|TAMS 0x00000000b7b00000| PB 0x00000000b7b00000| Complete 
| 892|0x00000000b7c00000, 0x00000000b7d00000, 0x00000000b7d00000|100%| E|CS|TAMS 0x00000000b7c00000| PB 0x00000000b7c00000| Complete 
| 893|0x00000000b7d00000, 0x00000000b7e00000, 0x00000000b7e00000|100%| E|CS|TAMS 0x00000000b7d00000| PB 0x00000000b7d00000| Complete 
| 894|0x00000000b7e00000, 0x00000000b7f00000, 0x00000000b7f00000|100%| E|CS|TAMS 0x00000000b7e00000| PB 0x00000000b7e00000| Complete 
| 895|0x00000000b7f00000, 0x00000000b8000000, 0x00000000b8000000|100%| E|CS|TAMS 0x00000000b7f00000| PB 0x00000000b7f00000| Complete 
| 896|0x00000000b8000000, 0x00000000b8100000, 0x00000000b8100000|100%| E|CS|TAMS 0x00000000b8000000| PB 0x00000000b8000000| Complete 
| 897|0x00000000b8100000, 0x00000000b8200000, 0x00000000b8200000|100%| E|CS|TAMS 0x00000000b8100000| PB 0x00000000b8100000| Complete 
| 898|0x00000000b8200000, 0x00000000b8300000, 0x00000000b8300000|100%| E|CS|TAMS 0x00000000b8200000| PB 0x00000000b8200000| Complete 
| 899|0x00000000b8300000, 0x00000000b8400000, 0x00000000b8400000|100%| E|CS|TAMS 0x00000000b8300000| PB 0x00000000b8300000| Complete 
| 900|0x00000000b8400000, 0x00000000b8500000, 0x00000000b8500000|100%| E|CS|TAMS 0x00000000b8400000| PB 0x00000000b8400000| Complete 
| 901|0x00000000b8500000, 0x00000000b8600000, 0x00000000b8600000|100%| E|CS|TAMS 0x00000000b8500000| PB 0x00000000b8500000| Complete 
| 902|0x00000000b8600000, 0x00000000b8700000, 0x00000000b8700000|100%| E|CS|TAMS 0x00000000b8600000| PB 0x00000000b8600000| Complete 
| 903|0x00000000b8700000, 0x00000000b8800000, 0x00000000b8800000|100%| E|CS|TAMS 0x00000000b8700000| PB 0x00000000b8700000| Complete 
| 904|0x00000000b8800000, 0x00000000b8900000, 0x00000000b8900000|100%| E|CS|TAMS 0x00000000b8800000| PB 0x00000000b8800000| Complete 
| 905|0x00000000b8900000, 0x00000000b8a00000, 0x00000000b8a00000|100%| E|CS|TAMS 0x00000000b8900000| PB 0x00000000b8900000| Complete 
| 906|0x00000000b8a00000, 0x00000000b8b00000, 0x00000000b8b00000|100%| E|CS|TAMS 0x00000000b8a00000| PB 0x00000000b8a00000| Complete 
| 907|0x00000000b8b00000, 0x00000000b8c00000, 0x00000000b8c00000|100%| E|CS|TAMS 0x00000000b8b00000| PB 0x00000000b8b00000| Complete 
| 908|0x00000000b8c00000, 0x00000000b8d00000, 0x00000000b8d00000|100%| E|CS|TAMS 0x00000000b8c00000| PB 0x00000000b8c00000| Complete 
| 909|0x00000000b8d00000, 0x00000000b8e00000, 0x00000000b8e00000|100%| E|CS|TAMS 0x00000000b8d00000| PB 0x00000000b8d00000| Complete 
|2039|0x00000000ff700000, 0x00000000ff800000, 0x00000000ff800000|100%| E|CS|TAMS 0x00000000ff700000| PB 0x00000000ff700000| Complete 
|2040|0x00000000ff800000, 0x00000000ff900000, 0x00000000ff900000|100%| O|  |TAMS 0x00000000ff800000| PB 0x00000000ff800000| Untracked 
|2041|0x00000000ff900000, 0x00000000ffa00000, 0x00000000ffa00000|100%| E|CS|TAMS 0x00000000ff900000| PB 0x00000000ff900000| Complete 
|2042|0x00000000ffa00000, 0x00000000ffb00000, 0x00000000ffb00000|100%| E|CS|TAMS 0x00000000ffa00000| PB 0x00000000ffa00000| Complete 
|2043|0x00000000ffb00000, 0x00000000ffc00000, 0x00000000ffc00000|100%| E|CS|TAMS 0x00000000ffb00000| PB 0x00000000ffb00000| Complete 
|2044|0x00000000ffc00000, 0x00000000ffd00000, 0x00000000ffd00000|100%| E|CS|TAMS 0x00000000ffc00000| PB 0x00000000ffc00000| Complete 
|2045|0x00000000ffd00000, 0x00000000ffe00000, 0x00000000ffe00000|100%| O|  |TAMS 0x00000000ffd00000| PB 0x00000000ffd00000| Untracked 
|2046|0x00000000ffe00000, 0x00000000fff00000, 0x00000000fff00000|100%| O|  |TAMS 0x00000000ffe00000| PB 0x00000000ffe00000| Untracked 
|2047|0x00000000fff00000, 0x0000000100000000, 0x0000000100000000|100%| O|  |TAMS 0x00000000fff00000| PB 0x00000000fff00000| Untracked 

Card table byte_map: [0x0000015978f80000,0x0000015979380000] _byte_map_base: 0x0000015978b80000

Marking Bits: (CMBitMap*) 0x000001596e175a90
 Bits: [0x0000015979380000, 0x000001597b380000)

Polling page: 0x000001596de80000

Metaspace:

Usage:
  Non-class:    151.25 MB used.
      Class:     20.99 MB used.
       Both:    172.24 MB used.

Virtual space:
  Non-class space:      192.00 MB reserved,     152.69 MB ( 80%) committed,  3 nodes.
      Class space:      416.00 MB reserved,      22.38 MB (  5%) committed,  1 nodes.
             Both:      608.00 MB reserved,     175.06 MB ( 29%) committed. 

Chunk freelists:
   Non-Class:  7.05 MB
       Class:  9.44 MB
        Both:  16.48 MB

MaxMetaspaceSize: 512.00 MB
CompressedClassSpaceSize: 416.00 MB
Initial GC threshold: 21.00 MB
Current GC threshold: 283.69 MB
CDS: on
 - commit_granule_bytes: 65536.
 - commit_granule_words: 8192.
 - virtual_space_node_default_size: 8388608.
 - enlarge_chunks_in_place: 1.
 - use_allocation_guard: 0.


Internal statistics:

num_allocs_failed_limit: 12.
num_arena_births: 5166.
num_arena_deaths: 20.
num_vsnodes_births: 4.
num_vsnodes_deaths: 0.
num_space_committed: 2799.
num_space_uncommitted: 0.
num_chunks_returned_to_freelist: 44.
num_chunks_taken_from_freelist: 12708.
num_chunk_merges: 22.
num_chunk_splits: 8870.
num_chunks_enlarged: 6259.
num_inconsistent_stats: 0.

CodeHeap 'non-profiled nmethods': size=119168Kb used=23433Kb max_used=23433Kb free=95734Kb
 bounds [0x0000015907ba0000, 0x0000015909290000, 0x000001590f000000]
CodeHeap 'profiled nmethods': size=119104Kb used=61025Kb max_used=61025Kb free=58078Kb
 bounds [0x0000015900000000, 0x0000015903ba0000, 0x0000015907450000]
CodeHeap 'non-nmethods': size=7488Kb used=3188Kb max_used=4951Kb free=4299Kb
 bounds [0x0000015907450000, 0x0000015907930000, 0x0000015907ba0000]
 total_blobs=25337 nmethods=24130 adapters=1105
 compilation: enabled
              stopped_count=0, restarted_count=0
 full_count=0

Compilation events (20 events):
Event: 101.474 Thread 0x00000159364b63b0 35399   !   3       java.util.concurrent.ThreadPoolExecutor::runWorker (187 bytes)
Event: 101.475 Thread 0x00000159364b63b0 nmethod 35399 0x0000015903b94790 code [0x0000015903b94ac0, 0x0000015903b95e88]
Event: 101.932 Thread 0x000001597e4990b0 35400       1       org.gradle.cache.internal.filelock.DefaultLockOptions::getMode (5 bytes)
Event: 101.932 Thread 0x000001597e4990b0 nmethod 35400 0x000001590927a010 code [0x000001590927a1a0, 0x000001590927a268]
Event: 101.945 Thread 0x000001597e4990b0 35401       3       org.gradle.internal.instantiation.generator.AsmBackedClassGenerator$ClassBuilderImpl::mixInDynamicAware (73 bytes)
Event: 101.946 Thread 0x000001597e4990b0 nmethod 35401 0x0000015903b96690 code [0x0000015903b96960, 0x0000015903b97780]
Event: 101.983 Thread 0x000001597e475b70 35402       4       java.util.jar.JarFile::getManifest (5 bytes)
Event: 102.031 Thread 0x000001597e475b70 nmethod 35402 0x000001590927a310 code [0x000001590927a6c0, 0x000001590927ccf8]
Event: 102.031 Thread 0x000001597e475b70 35403   !   4       java.util.jar.JarFile::getManifestFromReference (197 bytes)
Event: 102.080 Thread 0x000001597e475b70 nmethod 35403 0x000001590927d990 code [0x000001590927dd40, 0x0000015909280370]
Event: 103.073 Thread 0x000001597e475b70 35404       4       java.lang.ThreadLocal::setInitialValue (64 bytes)
Event: 103.092 Thread 0x000001597e475b70 nmethod 35404 0x0000015909281010 code [0x0000015909281220, 0x0000015909281ab0]
Event: 103.104 Thread 0x000001597e475b70 35405       4       java.util.regex.ASCII::isDigit (18 bytes)
Event: 103.104 Thread 0x000001597e4990b0 35406       3       java.util.regex.Pattern::read (33 bytes)
Event: 103.104 Thread 0x000001597e4990b0 nmethod 35406 0x0000015903b97c10 code [0x0000015903b97dc0, 0x0000015903b98028]
Event: 103.105 Thread 0x000001597e475b70 nmethod 35405 0x0000015909281f10 code [0x0000015909282080, 0x0000015909282100]
Event: 103.109 Thread 0x000001597e4990b0 35407       1       java.lang.invoke.MethodHandleImpl$AsVarargsCollector::getTarget (5 bytes)
Event: 103.109 Thread 0x000001597e4990b0 nmethod 35407 0x0000015909282210 code [0x00000159092823a0, 0x0000015909282468]
Event: 103.131 Thread 0x000001597e4990b0 35408       3       org.gradle.api.internal.project.DefaultProject::getGradle (5 bytes)
Event: 103.131 Thread 0x000001597e4990b0 nmethod 35408 0x0000015903b98190 code [0x0000015903b98360, 0x0000015903b98630]

GC Heap History (20 events):
Event: 87.609 GC heap before
{Heap before GC invocations=143 (full 0):
 garbage-first heap   total 941056K, used 781795K [0x0000000080000000, 0x0000000100000000)
  region size 1024K, 551 young (564224K), 57 survivors (58368K)
 Metaspace       used 171343K, committed 174272K, reserved 622592K
  class space    used 20968K, committed 22400K, reserved 425984K
}
Event: 87.640 GC heap after
{Heap after GC invocations=144 (full 0):
 garbage-first heap   total 941056K, used 288731K [0x0000000080000000, 0x0000000100000000)
  region size 1024K, 14 young (14336K), 14 survivors (14336K)
 Metaspace       used 171343K, committed 174272K, reserved 622592K
  class space    used 20968K, committed 22400K, reserved 425984K
}
Event: 87.704 GC heap before
{Heap before GC invocations=144 (full 0):
 garbage-first heap   total 941056K, used 343003K [0x0000000080000000, 0x0000000100000000)
  region size 1024K, 69 young (70656K), 14 survivors (14336K)
 Metaspace       used 171343K, committed 174272K, reserved 622592K
  class space    used 20968K, committed 22400K, reserved 425984K
}
Event: 87.713 GC heap after
{Heap after GC invocations=145 (full 0):
 garbage-first heap   total 941056K, used 287707K [0x0000000080000000, 0x0000000100000000)
  region size 1024K, 13 young (13312K), 13 survivors (13312K)
 Metaspace       used 171343K, committed 174272K, reserved 622592K
  class space    used 20968K, committed 22400K, reserved 425984K
}
Event: 88.490 GC heap before
{Heap before GC invocations=146 (full 0):
 garbage-first heap   total 941056K, used 800731K [0x0000000080000000, 0x0000000100000000)
  region size 1024K, 551 young (564224K), 13 survivors (13312K)
 Metaspace       used 171344K, committed 174272K, reserved 622592K
  class space    used 20961K, committed 22400K, reserved 425984K
}
Event: 88.500 GC heap after
{Heap after GC invocations=147 (full 0):
 garbage-first heap   total 941056K, used 254528K [0x0000000080000000, 0x0000000100000000)
  region size 1024K, 17 young (17408K), 17 survivors (17408K)
 Metaspace       used 171344K, committed 174272K, reserved 622592K
  class space    used 20961K, committed 22400K, reserved 425984K
}
Event: 89.084 GC heap before
{Heap before GC invocations=147 (full 0):
 garbage-first heap   total 941056K, used 800320K [0x0000000080000000, 0x0000000100000000)
  region size 1024K, 551 young (564224K), 17 survivors (17408K)
 Metaspace       used 171352K, committed 174272K, reserved 622592K
  class space    used 20962K, committed 22400K, reserved 425984K
}
Event: 89.096 GC heap after
{Heap after GC invocations=148 (full 0):
 garbage-first heap   total 941056K, used 249211K [0x0000000080000000, 0x0000000100000000)
  region size 1024K, 23 young (23552K), 23 survivors (23552K)
 Metaspace       used 171352K, committed 174272K, reserved 622592K
  class space    used 20962K, committed 22400K, reserved 425984K
}
Event: 89.486 GC heap before
{Heap before GC invocations=148 (full 0):
 garbage-first heap   total 941056K, used 792955K [0x0000000080000000, 0x0000000100000000)
  region size 1024K, 551 young (564224K), 23 survivors (23552K)
 Metaspace       used 171357K, committed 174272K, reserved 622592K
  class space    used 20962K, committed 22400K, reserved 425984K
}
Event: 89.497 GC heap after
{Heap after GC invocations=149 (full 0):
 garbage-first heap   total 941056K, used 249791K [0x0000000080000000, 0x0000000100000000)
  region size 1024K, 24 young (24576K), 24 survivors (24576K)
 Metaspace       used 171357K, committed 174272K, reserved 622592K
  class space    used 20962K, committed 22400K, reserved 425984K
}
Event: 89.926 GC heap before
{Heap before GC invocations=149 (full 0):
 garbage-first heap   total 941056K, used 788415K [0x0000000080000000, 0x0000000100000000)
  region size 1024K, 551 young (564224K), 24 survivors (24576K)
 Metaspace       used 171362K, committed 174272K, reserved 622592K
  class space    used 20962K, committed 22400K, reserved 425984K
}
Event: 89.939 GC heap after
{Heap after GC invocations=150 (full 0):
 garbage-first heap   total 941056K, used 253951K [0x0000000080000000, 0x0000000100000000)
  region size 1024K, 29 young (29696K), 29 survivors (29696K)
 Metaspace       used 171362K, committed 174272K, reserved 622592K
  class space    used 20962K, committed 22400K, reserved 425984K
}
Event: 90.434 GC heap before
{Heap before GC invocations=150 (full 0):
 garbage-first heap   total 941056K, used 789503K [0x0000000080000000, 0x0000000100000000)
  region size 1024K, 551 young (564224K), 29 survivors (29696K)
 Metaspace       used 171368K, committed 174272K, reserved 622592K
  class space    used 20962K, committed 22400K, reserved 425984K
}
Event: 90.447 GC heap after
{Heap after GC invocations=151 (full 0):
 garbage-first heap   total 941056K, used 251259K [0x0000000080000000, 0x0000000100000000)
  region size 1024K, 26 young (26624K), 26 survivors (26624K)
 Metaspace       used 171368K, committed 174272K, reserved 622592K
  class space    used 20962K, committed 22400K, reserved 425984K
}
Event: 91.043 GC heap before
{Heap before GC invocations=151 (full 0):
 garbage-first heap   total 941056K, used 787835K [0x0000000080000000, 0x0000000100000000)
  region size 1024K, 551 young (564224K), 26 survivors (26624K)
 Metaspace       used 171490K, committed 174400K, reserved 622592K
  class space    used 20977K, committed 22400K, reserved 425984K
}
Event: 91.056 GC heap after
{Heap after GC invocations=152 (full 0):
 garbage-first heap   total 941056K, used 250600K [0x0000000080000000, 0x0000000100000000)
  region size 1024K, 27 young (27648K), 27 survivors (27648K)
 Metaspace       used 171490K, committed 174400K, reserved 622592K
  class space    used 20977K, committed 22400K, reserved 425984K
}
Event: 92.036 GC heap before
{Heap before GC invocations=152 (full 0):
 garbage-first heap   total 941056K, used 787176K [0x0000000080000000, 0x0000000100000000)
  region size 1024K, 551 young (564224K), 27 survivors (27648K)
 Metaspace       used 171492K, committed 174400K, reserved 622592K
  class space    used 20977K, committed 22400K, reserved 425984K
}
Event: 92.050 GC heap after
{Heap after GC invocations=153 (full 0):
 garbage-first heap   total 941056K, used 248699K [0x0000000080000000, 0x0000000100000000)
  region size 1024K, 26 young (26624K), 26 survivors (26624K)
 Metaspace       used 171492K, committed 174400K, reserved 622592K
  class space    used 20977K, committed 22400K, reserved 425984K
}
Event: 94.936 GC heap before
{Heap before GC invocations=153 (full 0):
 garbage-first heap   total 941056K, used 787323K [0x0000000080000000, 0x0000000100000000)
  region size 1024K, 551 young (564224K), 26 survivors (26624K)
 Metaspace       used 171515K, committed 174400K, reserved 622592K
  class space    used 20977K, committed 22400K, reserved 425984K
}
Event: 94.947 GC heap after
{Heap after GC invocations=154 (full 0):
 garbage-first heap   total 941056K, used 242043K [0x0000000080000000, 0x0000000100000000)
  region size 1024K, 19 young (19456K), 19 survivors (19456K)
 Metaspace       used 171515K, committed 174400K, reserved 622592K
  class space    used 20977K, committed 22400K, reserved 425984K
}

Dll operation events (15 events):
Event: 0.058 Loaded shared library D:\Program Files\JDK\JDK21\jdk-21.0.10\bin\java.dll
Event: 0.081 Loaded shared library D:\Program Files\JDK\JDK21\jdk-21.0.10\bin\jsvml.dll
Event: 0.111 Loaded shared library D:\Program Files\JDK\JDK21\jdk-21.0.10\bin\zip.dll
Event: 0.114 Loaded shared library D:\Program Files\JDK\JDK21\jdk-21.0.10\bin\instrument.dll
Event: 0.118 Loaded shared library D:\Program Files\JDK\JDK21\jdk-21.0.10\bin\net.dll
Event: 0.120 Loaded shared library D:\Program Files\JDK\JDK21\jdk-21.0.10\bin\nio.dll
Event: 0.122 Loaded shared library D:\Program Files\JDK\JDK21\jdk-21.0.10\bin\zip.dll
Event: 0.337 Loaded shared library D:\Program Files\JDK\JDK21\jdk-21.0.10\bin\jimage.dll
Event: 0.449 Loaded shared library D:\Program Files\JDK\JDK21\jdk-21.0.10\bin\verify.dll
Event: 0.530 Loaded shared library C:\Users\ngotr\.gradle\native\1def1411415f61bf3af743bc5b6707747c0891f09f0c88961ee8f79bc544acac\windows-amd64\native-platform.dll
Event: 0.541 Loaded shared library C:\Users\ngotr\.gradle\native\0.2.7\x86_64-windows-gnu\gradle-fileevents.dll
Event: 1.440 Loaded shared library D:\Program Files\JDK\JDK21\jdk-21.0.10\bin\management.dll
Event: 1.443 Loaded shared library D:\Program Files\JDK\JDK21\jdk-21.0.10\bin\management_ext.dll
Event: 1.553 Loaded shared library D:\Program Files\JDK\JDK21\jdk-21.0.10\bin\extnet.dll
Event: 1.777 Loaded shared library D:\Program Files\JDK\JDK21\jdk-21.0.10\bin\sunmscapi.dll

Deoptimization events (20 events):
Event: 100.414 Thread 0x000001592f1fc390 Uncommon trap: trap_request=0xffffff45 fr.pc=0x0000015908357f7c relative=0x0000000000006cbc
Event: 100.414 Thread 0x000001592f1fc390 Uncommon trap: reason=unstable_if action=reinterpret pc=0x0000015908357f7c method=sun.reflect.annotation.AnnotationParser.parseAnnotations2([BLjdk/internal/reflect/ConstantPool;Ljava/lang/Class;[Ljava/lang/Class;)Ljava/util/Map; @ 71 c2
Event: 100.414 Thread 0x000001592f1fc390 DEOPT PACKING pc=0x0000015908357f7c sp=0x000000435eaf4b00
Event: 100.414 Thread 0x000001592f1fc390 DEOPT UNPACKING pc=0x00000159074a46a2 sp=0x000000435eaf4ad0 mode 2
Event: 100.545 Thread 0x000001592f1fc390 Uncommon trap: trap_request=0xffffffde fr.pc=0x0000015907d6a038 relative=0x0000000000001f58
Event: 100.545 Thread 0x000001592f1fc390 Uncommon trap: reason=class_check action=maybe_recompile pc=0x0000015907d6a038 method=java.util.jar.JarFile.getManifestFromReference()Ljava/util/jar/Manifest; @ 152 c2
Event: 100.545 Thread 0x000001592f1fc390 DEOPT PACKING pc=0x0000015907d6a038 sp=0x000000435eaf2e20
Event: 100.545 Thread 0x000001592f1fc390 DEOPT UNPACKING pc=0x00000159074a46a2 sp=0x000000435eaf2d80 mode 2
Event: 100.551 Thread 0x000001592f1fc390 Uncommon trap: trap_request=0xffffff45 fr.pc=0x0000015908132fec relative=0x00000000000010ec
Event: 100.551 Thread 0x000001592f1fc390 Uncommon trap: reason=unstable_if action=reinterpret pc=0x0000015908132fec method=java.lang.invoke.LambdaFormBuffer.replaceFunctions(Ljava/util/List;Ljava/util/List;[Ljava/lang/Object;)Ljava/lang/invoke/LambdaFormBuffer; @ 27 c2
Event: 100.551 Thread 0x000001592f1fc390 DEOPT PACKING pc=0x0000015908132fec sp=0x000000435eaf1ea0
Event: 100.551 Thread 0x000001592f1fc390 DEOPT UNPACKING pc=0x00000159074a46a2 sp=0x000000435eaf1ec8 mode 2
Event: 100.551 Thread 0x000001592f1fc390 Uncommon trap: trap_request=0xffffff45 fr.pc=0x0000015907d8d900 relative=0x00000000000001e0
Event: 100.551 Thread 0x000001592f1fc390 Uncommon trap: reason=unstable_if action=reinterpret pc=0x0000015907d8d900 method=java.lang.invoke.LambdaFormBuffer.changeName(ILjava/lang/invoke/LambdaForm$Name;)V @ 140 c2
Event: 100.551 Thread 0x000001592f1fc390 DEOPT PACKING pc=0x0000015907d8d900 sp=0x000000435eaf1e80
Event: 100.551 Thread 0x000001592f1fc390 DEOPT UNPACKING pc=0x00000159074a46a2 sp=0x000000435eaf1e28 mode 2
Event: 100.816 Thread 0x000001592f1fc390 Uncommon trap: trap_request=0xffffffde fr.pc=0x0000015907d6a038 relative=0x0000000000001f58
Event: 100.816 Thread 0x000001592f1fc390 Uncommon trap: reason=class_check action=maybe_recompile pc=0x0000015907d6a038 method=java.util.jar.JarFile.getManifestFromReference()Ljava/util/jar/Manifest; @ 152 c2
Event: 100.816 Thread 0x000001592f1fc390 DEOPT PACKING pc=0x0000015907d6a038 sp=0x000000435eaf3fa0
Event: 100.816 Thread 0x000001592f1fc390 DEOPT UNPACKING pc=0x00000159074a46a2 sp=0x000000435eaf3f00 mode 2

Classes loaded (20 events):
Event: 96.476 Loading class java/net/MYAPP_UPLOAD_KEY_PASSWORD
Event: 96.476 Loading class java/net/MYAPP_UPLOAD_KEY_PASSWORD done
Event: 96.478 Loading class java/util/MYAPP_UPLOAD_KEY_PASSWORD
Event: 96.478 Loading class java/util/MYAPP_UPLOAD_KEY_PASSWORD done
Event: 96.481 Loading class java/time/MYAPP_UPLOAD_KEY_PASSWORD
Event: 96.481 Loading class java/time/MYAPP_UPLOAD_KEY_PASSWORD done
Event: 96.483 Loading class java/lang/_BuildScript_$MYAPP_UPLOAD_KEY_PASSWORD
Event: 96.483 Loading class java/lang/_BuildScript_$MYAPP_UPLOAD_KEY_PASSWORD done
Event: 96.484 Loading class java/io/_BuildScript_$MYAPP_UPLOAD_KEY_PASSWORD
Event: 96.484 Loading class java/io/_BuildScript_$MYAPP_UPLOAD_KEY_PASSWORD done
Event: 96.484 Loading class java/net/_BuildScript_$MYAPP_UPLOAD_KEY_PASSWORD
Event: 96.484 Loading class java/net/_BuildScript_$MYAPP_UPLOAD_KEY_PASSWORD done
Event: 96.486 Loading class java/util/_BuildScript_$MYAPP_UPLOAD_KEY_PASSWORD
Event: 96.486 Loading class java/util/_BuildScript_$MYAPP_UPLOAD_KEY_PASSWORD done
Event: 96.491 Loading class java/time/_BuildScript_$MYAPP_UPLOAD_KEY_PASSWORD
Event: 96.491 Loading class java/time/_BuildScript_$MYAPP_UPLOAD_KEY_PASSWORD done
Event: 100.778 Loading class java/util/Comparators$NullComparator
Event: 100.778 Loading class java/util/Comparators$NullComparator done
Event: 103.110 Loading class java/util/concurrent/Executors$DefaultThreadFactory
Event: 103.110 Loading class java/util/concurrent/Executors$DefaultThreadFactory done

Classes unloaded (17 events):
Event: 18.929 Thread 0x000001597e43e230 Unloading class 0x00000159105b0908 '_BuildScript_$_run_closure2'
Event: 18.929 Thread 0x000001597e43e230 Unloading class 0x00000159105b0528 '_BuildScript_$_run_closure1'
Event: 18.929 Thread 0x000001597e43e230 Unloading class 0x00000159105b0000 '_BuildScript_'
Event: 63.076 Thread 0x000001597e43e230 Unloading class 0x0000015911575400 'java/lang/invoke/LambdaForm$DMH+0x0000015911575400'
Event: 63.076 Thread 0x000001597e43e230 Unloading class 0x0000015911574c00 'java/lang/invoke/LambdaForm$DMH+0x0000015911574c00'
Event: 63.076 Thread 0x000001597e43e230 Unloading class 0x0000015911575000 'java/lang/invoke/LambdaForm$DMH+0x0000015911575000'
Event: 63.076 Thread 0x000001597e43e230 Unloading class 0x0000015911575800 'java/lang/invoke/LambdaForm$DMH+0x0000015911575800'
Event: 63.076 Thread 0x000001597e43e230 Unloading class 0x0000015911574800 'java/lang/invoke/LambdaForm$DMH+0x0000015911574800'
Event: 63.076 Thread 0x000001597e43e230 Unloading class 0x0000015911575c00 'java/lang/invoke/LambdaForm$DMH+0x0000015911575c00'
Event: 63.076 Thread 0x000001597e43e230 Unloading class 0x0000015911574000 'java/lang/invoke/LambdaForm$DMH+0x0000015911574000'
Event: 87.945 Thread 0x000001597e43e230 Unloading class 0x00000159115fe000 '_BuildScript_$_run_closure1$_closure4'
Event: 87.945 Thread 0x000001597e43e230 Unloading class 0x00000159115fcc00 '_BuildScript_$_run_closure1$_closure3'
Event: 87.945 Thread 0x000001597e43e230 Unloading class 0x00000159115fd910 '_BuildScript_$_run_closure1$_closure2'
Event: 87.945 Thread 0x000001597e43e230 Unloading class 0x00000159115fd530 '_BuildScript_$_run_closure1'
Event: 87.945 Thread 0x000001597e43e230 Unloading class 0x00000159115fd000 '_BuildScript_'
Event: 87.945 Thread 0x000001597e43e230 Unloading class 0x00000159115d2528 '_BuildScript_$_run_closure1'
Event: 87.945 Thread 0x000001597e43e230 Unloading class 0x00000159115d2000 '_BuildScript_'

Classes redefined (0 events):
No events

Internal exceptions (20 events):
Event: 95.817 Thread 0x000001592f1fc390 Exception <a 'java/lang/ClassNotFoundException'{0x00000000aee751e8}: build_9hi71ucgqnyu0t44xu2mt22o3Customizer> (0x00000000aee751e8) 
thrown [s\open\src\hotspot\share\classfile\systemDictionary.cpp, line 312]
Event: 95.829 Thread 0x000001592f1fc390 Exception <a 'java/lang/ClassNotFoundException'{0x00000000aed30a38}: org/gradle/api/internal/plugins/DefaultObjectConfigurationActionBeanInfo> (0x00000000aed30a38) 
thrown [s\open\src\hotspot\share\classfile\systemDictionary.cpp, line 312]
Event: 95.831 Thread 0x000001592f1fc390 Exception <a 'java/lang/ClassNotFoundException'{0x00000000aed43a40}: org/gradle/api/internal/plugins/DefaultObjectConfigurationActionCustomizer> (0x00000000aed43a40) 
thrown [s\open\src\hotspot\share\classfile\systemDictionary.cpp, line 312]
Event: 96.226 Thread 0x000001592f1fc390 Exception <a 'sun/nio/fs/WindowsException'{0x00000000aaa35258}> (0x00000000aaa35258) 
thrown [s\open\src\hotspot\share\prims\jni.cpp, line 520]
Event: 96.228 Thread 0x000001592f1fc390 Exception <a 'sun/nio/fs/WindowsException'{0x00000000aaa37420}> (0x00000000aaa37420) 
thrown [s\open\src\hotspot\share\prims\jni.cpp, line 520]
Event: 99.402 Thread 0x000001592f1fc390 Exception <a 'sun/nio/fs/WindowsException'{0x00000000a7a53c00}> (0x00000000a7a53c00) 
thrown [s\open\src\hotspot\share\prims\jni.cpp, line 520]
Event: 99.404 Thread 0x000001592f1fc390 Exception <a 'sun/nio/fs/WindowsException'{0x00000000a7a55db0}> (0x00000000a7a55db0) 
thrown [s\open\src\hotspot\share\prims\jni.cpp, line 520]
Event: 99.409 Thread 0x000001592f1fc390 Exception <a 'sun/nio/fs/WindowsException'{0x00000000a7a69880}> (0x00000000a7a69880) 
thrown [s\open\src\hotspot\share\prims\jni.cpp, line 520]
Event: 99.415 Thread 0x000001592f1fc390 Exception <a 'sun/nio/fs/WindowsException'{0x00000000a7a7d4a8}> (0x00000000a7a7d4a8) 
thrown [s\open\src\hotspot\share\prims\jni.cpp, line 520]
Event: 99.419 Thread 0x000001592f1fc390 Exception <a 'sun/nio/fs/WindowsException'{0x00000000a7a927e0}> (0x00000000a7a927e0) 
thrown [s\open\src\hotspot\share\prims\jni.cpp, line 520]
Event: 99.429 Thread 0x000001592f1fc390 Exception <a 'sun/nio/fs/WindowsException'{0x00000000a7aa5188}> (0x00000000a7aa5188) 
thrown [s\open\src\hotspot\share\prims\jni.cpp, line 520]
Event: 99.448 Thread 0x000001592f1fc390 Exception <a 'sun/nio/fs/WindowsException'{0x00000000a7ab78f0}> (0x00000000a7ab78f0) 
thrown [s\open\src\hotspot\share\prims\jni.cpp, line 520]
Event: 99.512 Thread 0x000001592f1fc390 Exception <a 'sun/nio/fs/WindowsException'{0x00000000a7acbea8}> (0x00000000a7acbea8) 
thrown [s\open\src\hotspot\share\prims\jni.cpp, line 520]
Event: 99.515 Thread 0x000001592f1fc390 Exception <a 'sun/nio/fs/WindowsException'{0x00000000a7ade250}> (0x00000000a7ade250) 
thrown [s\open\src\hotspot\share\prims\jni.cpp, line 520]
Event: 99.517 Thread 0x000001592f1fc390 Exception <a 'sun/nio/fs/WindowsException'{0x00000000a7af1928}> (0x00000000a7af1928) 
thrown [s\open\src\hotspot\share\prims\jni.cpp, line 520]
Event: 99.520 Thread 0x000001592f1fc390 Exception <a 'sun/nio/fs/WindowsException'{0x00000000a790a790}> (0x00000000a790a790) 
thrown [s\open\src\hotspot\share\prims\jni.cpp, line 520]
Event: 99.522 Thread 0x000001592f1fc390 Exception <a 'sun/nio/fs/WindowsException'{0x00000000a791f0a0}> (0x00000000a791f0a0) 
thrown [s\open\src\hotspot\share\prims\jni.cpp, line 520]
Event: 99.524 Thread 0x000001592f1fc390 Exception <a 'sun/nio/fs/WindowsException'{0x00000000a792d3f0}> (0x00000000a792d3f0) 
thrown [s\open\src\hotspot\share\prims\jni.cpp, line 520]
Event: 99.590 Thread 0x000001592f1fc390 Exception <a 'java/lang/ClassNotFoundException'{0x00000000a7842d90}: build_b49dgdx6iza6na4a88rbdahwvBeanInfo> (0x00000000a7842d90) 
thrown [s\open\src\hotspot\share\classfile\systemDictionary.cpp, line 312]
Event: 99.590 Thread 0x000001592f1fc390 Exception <a 'java/lang/ClassNotFoundException'{0x00000000a784fb08}: build_b49dgdx6iza6na4a88rbdahwvCustomizer> (0x00000000a784fb08) 
thrown [s\open\src\hotspot\share\classfile\systemDictionary.cpp, line 312]

ZGC Phase Switch (0 events):
No events

VM Operations (20 events):
Event: 94.947 Executing VM operation: G1CollectForAllocation (G1 Evacuation Pause) done
Event: 95.655 Executing VM operation: HandshakeAllThreads (Deoptimize)
Event: 95.656 Executing VM operation: HandshakeAllThreads (Deoptimize) done
Event: 95.896 Executing VM operation: ICBufferFull
Event: 95.897 Executing VM operation: ICBufferFull done
Event: 96.437 Executing VM operation: ICBufferFull
Event: 96.437 Executing VM operation: ICBufferFull done
Event: 97.441 Executing VM operation: Cleanup
Event: 97.539 Executing VM operation: Cleanup done
Event: 98.541 Executing VM operation: Cleanup
Event: 98.587 Executing VM operation: Cleanup done
Event: 99.596 Executing VM operation: Cleanup
Event: 99.596 Executing VM operation: Cleanup done
Event: 100.597 Executing VM operation: Cleanup
Event: 100.597 Executing VM operation: Cleanup done
Event: 101.600 Executing VM operation: Cleanup
Event: 101.921 Executing VM operation: Cleanup done
Event: 102.926 Executing VM operation: Cleanup
Event: 103.021 Executing VM operation: Cleanup done
Event: 104.033 Executing VM operation: Cleanup

Events (20 events):
Event: 95.278 Thread 0x0000015933351700 Thread exited: 0x0000015933351700
Event: 95.331 Thread 0x0000015931558170 Thread exited: 0x0000015931558170
Event: 95.708 Thread 0x00000159364b63b0 Thread added: 0x00000159364b63b0
Event: 95.757 Thread 0x00000159364b7820 Thread added: 0x00000159364b7820
Event: 95.757 Thread 0x00000159364b7ef0 Thread added: 0x00000159364b7ef0
Event: 95.762 Thread 0x0000015934f1b6d0 Thread added: 0x0000015934f1b6d0
Event: 95.798 Thread 0x0000015936580c30 Thread added: 0x0000015936580c30
Event: 95.869 Thread 0x0000015931558170 Thread added: 0x0000015931558170
Event: 96.249 Thread 0x0000015939dd21f0 Thread added: 0x0000015939dd21f0
Event: 98.590 Thread 0x0000015931558170 Thread exited: 0x0000015931558170
Event: 98.592 Thread 0x0000015934f1b6d0 Thread exited: 0x0000015934f1b6d0
Event: 98.593 Thread 0x00000159315595e0 Thread exited: 0x00000159315595e0
Event: 99.425 Thread 0x00000159364b7ef0 Thread exited: 0x00000159364b7ef0
Event: 99.571 Thread 0x00000159336c5460 Thread added: 0x00000159336c5460
Event: 100.340 Thread 0x00000159364b7820 Thread exited: 0x00000159364b7820
Event: 100.604 Thread 0x0000015930923380 Thread added: 0x0000015930923380
Event: 100.621 Thread 0x000001593473c670 Thread added: 0x000001593473c670
Event: 101.474 Thread 0x0000015930923380 Thread exited: 0x0000015930923380
Event: 101.474 Thread 0x000001593473c670 Thread exited: 0x000001593473c670
Event: 101.983 Thread 0x00000159364b63b0 Thread exited: 0x00000159364b63b0


Dynamic libraries:
0x00007ff69dd60000 - 0x00007ff69dd70000 	D:\Program Files\JDK\JDK21\jdk-21.0.10\bin\java.exe
0x00007ffeeadc0000 - 0x00007ffeeb026000 	C:\Windows\SYSTEM32\ntdll.dll
0x00007ffee9f80000 - 0x00007ffeea049000 	C:\Windows\System32\KERNEL32.DLL
0x00007ffee8190000 - 0x00007ffee858f000 	C:\Windows\System32\KERNELBASE.dll
0x00007ffee7fa0000 - 0x00007ffee80ec000 	C:\Windows\System32\ucrtbase.dll
0x00007ffe8f7b0000 - 0x00007ffe8f7ce000 	D:\Program Files\JDK\JDK21\jdk-21.0.10\bin\VCRUNTIME140.dll
0x00007ffe8f7d0000 - 0x00007ffe8f7e9000 	D:\Program Files\JDK\JDK21\jdk-21.0.10\bin\jli.dll
0x00007ffeea800000 - 0x00007ffeea8bc000 	C:\Windows\System32\ADVAPI32.dll
0x00007ffee8fe0000 - 0x00007ffee9089000 	C:\Windows\System32\msvcrt.dll
0x00007ffeea0e0000 - 0x00007ffeea18a000 	C:\Windows\System32\sechost.dll
0x00007ffee9200000 - 0x00007ffee9318000 	C:\Windows\System32\RPCRT4.dll
0x00007ffeeab80000 - 0x00007ffeead46000 	C:\Windows\System32\USER32.dll
0x00007ffee86d0000 - 0x00007ffee86f7000 	C:\Windows\System32\win32u.dll
0x00007ffed5fe0000 - 0x00007ffed6271000 	C:\Windows\WinSxS\amd64_microsoft.windows.common-controls_6595b64144ccf1df_6.0.26100.8972_none_3e0da176e32f9d4b\COMCTL32.dll
0x00007ffee9520000 - 0x00007ffee954b000 	C:\Windows\System32\GDI32.dll
0x00007ffee85a0000 - 0x00007ffee86c9000 	C:\Windows\System32\gdi32full.dll
0x00007ffee8700000 - 0x00007ffee87a3000 	C:\Windows\System32\msvcp_win.dll
0x00007ffee0660000 - 0x00007ffee066b000 	C:\Windows\SYSTEM32\VERSION.dll
0x00007ffeea700000 - 0x00007ffeea732000 	C:\Windows\System32\IMM32.DLL
0x00007ffe8f7a0000 - 0x00007ffe8f7ac000 	D:\Program Files\JDK\JDK21\jdk-21.0.10\bin\vcruntime140_1.dll
0x00007ffe8f710000 - 0x00007ffe8f79d000 	D:\Program Files\JDK\JDK21\jdk-21.0.10\bin\msvcp140.dll
0x00007ffe76b10000 - 0x00007ffe77837000 	D:\Program Files\JDK\JDK21\jdk-21.0.10\bin\server\jvm.dll
0x00007ffeea910000 - 0x00007ffeea992000 	C:\Windows\System32\WS2_32.dll
0x00007ffee7e00000 - 0x00007ffee7e5e000 	C:\Windows\SYSTEM32\POWRPROF.dll
0x00007ffedaf20000 - 0x00007ffedaf56000 	C:\Windows\SYSTEM32\WINMM.dll
0x00007ffee7de0000 - 0x00007ffee7df5000 	C:\Windows\SYSTEM32\UMPDC.dll
0x00007ffee6c90000 - 0x00007ffee6cab000 	C:\Windows\SYSTEM32\kernel.appcore.dll
0x00007ffe8f6d0000 - 0x00007ffe8f6da000 	D:\Program Files\JDK\JDK21\jdk-21.0.10\bin\jimage.dll
0x00007ffee5540000 - 0x00007ffee5782000 	C:\Windows\SYSTEM32\DBGHELP.DLL
0x00007ffee8b50000 - 0x00007ffee8ed5000 	C:\Windows\System32\combase.dll
0x00007ffee9550000 - 0x00007ffee9629000 	C:\Windows\System32\OLEAUT32.dll
0x00007ffec8ed0000 - 0x00007ffec8f0b000 	C:\Windows\SYSTEM32\dbgcore.DLL
0x00007ffee8940000 - 0x00007ffee89ec000 	C:\Windows\System32\bcryptPrimitives.dll
0x00007ffe8d560000 - 0x00007ffe8d570000 	D:\Program Files\JDK\JDK21\jdk-21.0.10\bin\instrument.dll
0x00007ffe8d860000 - 0x00007ffe8d881000 	D:\Program Files\JDK\JDK21\jdk-21.0.10\bin\java.dll
0x00007ffee9650000 - 0x00007ffee9dd8000 	C:\Windows\System32\SHELL32.dll
0x00007ffee5a20000 - 0x00007ffee62bb000 	C:\Windows\SYSTEM32\windows.storage.dll
0x00007ffeeaa80000 - 0x00007ffeeab79000 	C:\Windows\System32\SHCORE.dll
0x00007ffeea680000 - 0x00007ffeea6e6000 	C:\Windows\System32\shlwapi.dll
0x00007ffee7ec0000 - 0x00007ffee7ee9000 	C:\Windows\SYSTEM32\profapi.dll
0x00007ffe8be10000 - 0x00007ffe8bee7000 	D:\Program Files\JDK\JDK21\jdk-21.0.10\bin\jsvml.dll
0x00007ffe8dc50000 - 0x00007ffe8dc68000 	D:\Program Files\JDK\JDK21\jdk-21.0.10\bin\zip.dll
0x00007ffe8f6b0000 - 0x00007ffe8f6c1000 	D:\Program Files\JDK\JDK21\jdk-21.0.10\bin\net.dll
0x00007ffee06b0000 - 0x00007ffee07d8000 	C:\Windows\SYSTEM32\WINHTTP.dll
0x00007ffee7240000 - 0x00007ffee72ac000 	C:\Windows\system32\mswsock.dll
0x00007ffe8f400000 - 0x00007ffe8f416000 	D:\Program Files\JDK\JDK21\jdk-21.0.10\bin\nio.dll
0x00007ffe8f690000 - 0x00007ffe8f6a0000 	D:\Program Files\JDK\JDK21\jdk-21.0.10\bin\verify.dll
0x00007ffe8d570000 - 0x00007ffe8d597000 	C:\Users\ngotr\.gradle\native\1def1411415f61bf3af743bc5b6707747c0891f09f0c88961ee8f79bc544acac\windows-amd64\native-platform.dll
0x00007ffe8ce10000 - 0x00007ffe8ce88000 	C:\Users\ngotr\.gradle\native\0.2.7\x86_64-windows-gnu\gradle-fileevents.dll
0x00007ffe8d5f0000 - 0x00007ffe8d5fa000 	D:\Program Files\JDK\JDK21\jdk-21.0.10\bin\management.dll
0x00007ffe8d5e0000 - 0x00007ffe8d5ec000 	D:\Program Files\JDK\JDK21\jdk-21.0.10\bin\management_ext.dll
0x00007ffeea900000 - 0x00007ffeea908000 	C:\Windows\System32\PSAPI.DLL
0x00007ffee6660000 - 0x00007ffee6693000 	C:\Windows\SYSTEM32\IPHLPAPI.DLL
0x00007ffeea670000 - 0x00007ffeea67a000 	C:\Windows\System32\NSI.dll
0x00007ffe8d5c0000 - 0x00007ffe8d5c9000 	D:\Program Files\JDK\JDK21\jdk-21.0.10\bin\extnet.dll
0x00007ffee7550000 - 0x00007ffee756b000 	C:\Windows\SYSTEM32\CRYPTSP.dll
0x00007ffee6bf0000 - 0x00007ffee6c29000 	C:\Windows\system32\rsaenh.dll
0x00007ffee72f0000 - 0x00007ffee7322000 	C:\Windows\SYSTEM32\USERENV.dll
0x00007ffee7e90000 - 0x00007ffee7eba000 	C:\Windows\SYSTEM32\bcrypt.dll
0x00007ffee7530000 - 0x00007ffee753c000 	C:\Windows\SYSTEM32\CRYPTBASE.dll
0x00007ffe8d550000 - 0x00007ffe8d55e000 	D:\Program Files\JDK\JDK21\jdk-21.0.10\bin\sunmscapi.dll
0x00007ffee87b0000 - 0x00007ffee892e000 	C:\Windows\System32\CRYPT32.dll
0x00007ffee7770000 - 0x00007ffee77a0000 	C:\Windows\SYSTEM32\ncrypt.dll
0x00007ffee7720000 - 0x00007ffee775f000 	C:\Windows\SYSTEM32\NTASN1.dll
0x00007ffec5b10000 - 0x00007ffec5b18000 	C:\Windows\system32\wshunix.dll
0x00007ffee6dc0000 - 0x00007ffee6df6000 	C:\Windows\SYSTEM32\ntmarta.dll

dbghelp: loaded successfully - version: 4.0.5 - missing functions: none
symbol engine: initialized successfully - sym options: 0x614 - pdb path: .;D:\Program Files\JDK\JDK21\jdk-21.0.10\bin;C:\Windows\SYSTEM32;C:\Windows\WinSxS\amd64_microsoft.windows.common-controls_6595b64144ccf1df_6.0.26100.8972_none_3e0da176e32f9d4b;D:\Program Files\JDK\JDK21\jdk-21.0.10\bin\server;C:\Users\ngotr\.gradle\native\1def1411415f61bf3af743bc5b6707747c0891f09f0c88961ee8f79bc544acac\windows-amd64;C:\Users\ngotr\.gradle\native\0.2.7\x86_64-windows-gnu

VM Arguments:
jvm_args: --add-opens=java.base/java.lang=ALL-UNNAMED --add-opens=java.base/java.lang.invoke=ALL-UNNAMED --add-opens=java.base/java.util=ALL-UNNAMED --add-opens=java.prefs/java.util.prefs=ALL-UNNAMED --add-exports=jdk.compiler/com.sun.tools.javac.api=ALL-UNNAMED --add-exports=jdk.compiler/com.sun.tools.javac.util=ALL-UNNAMED --add-opens=java.base/java.util=ALL-UNNAMED --add-opens=java.prefs/java.util.prefs=ALL-UNNAMED --add-opens=java.base/java.nio.charset=ALL-UNNAMED --add-opens=java.base/java.net=ALL-UNNAMED --add-opens=java.base/java.util.concurrent.atomic=ALL-UNNAMED --add-opens=java.xml/javax.xml.namespace=ALL-UNNAMED -XX:MaxMetaspaceSize=512m -Xmx2048m -Dfile.encoding=UTF-8 -Duser.country=US -Duser.language=en -Duser.variant -javaagent:C:\Users\ngotr\.gradle\wrapper\dists\gradle-8.14.3-bin\cv11ve7ro1n3o1j4so8xd9n66\gradle-8.14.3\lib\agents\gradle-instrumentation-agent-8.14.3.jar 
java_command: org.gradle.launcher.daemon.bootstrap.GradleDaemon 8.14.3
java_class_path (initial): C:\Users\ngotr\.gradle\wrapper\dists\gradle-8.14.3-bin\cv11ve7ro1n3o1j4so8xd9n66\gradle-8.14.3\lib\gradle-daemon-main-8.14.3.jar
Launcher Type: SUN_STANDARD

[Global flags]
     intx CICompilerCount                          = 12                                        {product} {ergonomic}
   size_t CompressedClassSpaceSize                 = 436207616                                 {product} {ergonomic}
     uint ConcGCThreads                            = 3                                         {product} {ergonomic}
     uint G1ConcRefinementThreads                  = 13                                        {product} {ergonomic}
   size_t G1HeapRegionSize                         = 1048576                                   {product} {ergonomic}
    uintx GCDrainStackTargetSize                   = 64                                        {product} {ergonomic}
   size_t InitialHeapSize                          = 224395264                                 {product} {ergonomic}
   size_t MarkStackSize                            = 4194304                                   {product} {ergonomic}
   size_t MaxHeapSize                              = 2147483648                                {product} {command line}
   size_t MaxMetaspaceSize                         = 536870912                                 {product} {command line}
   size_t MaxNewSize                               = 1287651328                                {product} {ergonomic}
   size_t MinHeapDeltaBytes                        = 1048576                                   {product} {ergonomic}
   size_t MinHeapSize                              = 8388608                                   {product} {ergonomic}
    uintx NonNMethodCodeHeapSize                   = 7602480                                {pd product} {ergonomic}
    uintx NonProfiledCodeHeapSize                  = 122027880                              {pd product} {ergonomic}
    uintx ProfiledCodeHeapSize                     = 122027880                              {pd product} {ergonomic}
    uintx ReservedCodeCacheSize                    = 251658240                              {pd product} {ergonomic}
     bool SegmentedCodeCache                       = true                                      {product} {ergonomic}
   size_t SoftMaxHeapSize                          = 2147483648                             {manageable} {ergonomic}
     bool UseCompressedOops                        = true                           {product lp64_product} {ergonomic}
     bool UseG1GC                                  = true                                      {product} {ergonomic}
     bool UseLargePagesIndividualAllocation        = false                                  {pd product} {ergonomic}

Logging:
Log output configuration:
 #0: stdout all=warning uptime,level,tags foldmultilines=false
 #1: stderr all=off uptime,level,tags foldmultilines=false

Environment Variables:
JAVA_HOME=D:\Program Files\JDK\JDK21\jdk-21.0.10
PATH=D:\Code\ppv2app\node_modules\.bin;D:\Code\node_modules\.bin;D:\node_modules\.bin;D:\Program Files\nodejs\node_modules\npm\node_modules\@npmcli\run-script\lib\node-gyp-bin;C:\Python314\Scripts\;C:\Python314\;C:\Windows\system32;C:\Windows;C:\Windows\System32\Wbem;C:\Windows\System32\WindowsPowerShell\v1.0\;C:\Windows\System32\OpenSSH\;D:\Program Files\Git\cmd;D:\Program Files\nodejs\;C:\ProgramData\chocolatey\bin;C:\Users\ngotr\AppData\Local\Android\Sdk\platform-tools;C:\Users\ngotr\AppData\Local\Android\Sdk\emulator;C:\Python314\Scripts\;C:\Python314\;C:\Windows\system32;C:\Windows;C:\Windows\System32\Wbem;C:\Windows\System32\WindowsPowerShell\v1.0\;C:\Windows\System32\OpenSSH\;D:\Program Files\Git\cmd;D:\Program Files\nodejs\;C:\ProgramData\chocolatey\bin;C:\Users\ngotr\AppData\Local\Android\Sdk\platform-tools;C:\Users\ngotr\AppData\Local\Android\Sdk\emulator;C:\Users\ngotr\AppData\Local\Programs\Python\Launcher\;C:\Users\ngotr\AppData\Local\Microsoft\WindowsApps;D:\Program Files\JDK\JDK21\jdk-21.0.10\bin;C:\Users\ngotr\AppData\Roaming\npm;D:\Program Files\Microsoft VS Code\bin;C:\Users\ngotr\AppData\Local\Programs\Ollama;C:\Users\ngotr\.local\bin;
USERNAME=ngotr
OS=Windows_NT
PROCESSOR_IDENTIFIER=AMD64 Family 25 Model 68 Stepping 1, AuthenticAMD
TMP=C:\Users\ngotr\AppData\Local\Temp
TEMP=C:\Users\ngotr\AppData\Local\Temp




Periodic native trim disabled

---------------  S Y S T E M  ---------------

OS:
 Windows 11 , 64 bit Build 26100 (10.0.26100.9168)
OS uptime: 0 days 0:05 hours
Hyper-V role detected

CPU: total 16 (initial active 16) (16 cores per cpu, 2 threads per core) family 25 model 68 stepping 1 microcode 0xa40410a, cx8, cmov, fxsr, ht, mmx, 3dnowpref, sse, sse2, sse3, ssse3, sse4a, sse4.1, sse4.2, popcnt, lzcnt, tsc, tscinvbit, avx, avx2, aes, erms, clmul, bmi1, bmi2, adx, sha, fma, vzeroupper, clflush, clflushopt, hv, rdtscp, rdpid, fsrm, f16c, cet_ss
Processor Information for processor 0
  Max Mhz: 3201, Current Mhz: 2502, Mhz Limit: 3201
Processor Information for processor 1
  Max Mhz: 3201, Current Mhz: 2502, Mhz Limit: 3201
Processor Information for processor 2
  Max Mhz: 3201, Current Mhz: 2502, Mhz Limit: 3201
Processor Information for processor 3
  Max Mhz: 3201, Current Mhz: 3201, Mhz Limit: 3201
Processor Information for processor 4
  Max Mhz: 3201, Current Mhz: 2502, Mhz Limit: 3201
Processor Information for processor 5
  Max Mhz: 3201, Current Mhz: 2502, Mhz Limit: 3201
Processor Information for processor 6
  Max Mhz: 3201, Current Mhz: 2502, Mhz Limit: 3201
Processor Information for processor 7
  Max Mhz: 3201, Current Mhz: 2502, Mhz Limit: 3201
Processor Information for processor 8
  Max Mhz: 3201, Current Mhz: 2502, Mhz Limit: 3201
Processor Information for processor 9
  Max Mhz: 3201, Current Mhz: 2502, Mhz Limit: 3201
Processor Information for processor 10
  Max Mhz: 3201, Current Mhz: 2502, Mhz Limit: 3201
Processor Information for processor 11
  Max Mhz: 3201, Current Mhz: 2502, Mhz Limit: 3201
Processor Information for processor 12
  Max Mhz: 3201, Current Mhz: 2502, Mhz Limit: 3201
Processor Information for processor 13
  Max Mhz: 3201, Current Mhz: 2502, Mhz Limit: 3201
Processor Information for processor 14
  Max Mhz: 3201, Current Mhz: 2502, Mhz Limit: 3201
Processor Information for processor 15
  Max Mhz: 3201, Current Mhz: 2502, Mhz Limit: 3201

Memory: 4k page, system-wide physical 13624M (3163M free)
TotalPageFile size 14648M (AvailPageFile size 6M)
current process WorkingSet (physical memory assigned to process): 1467M, peak: 1481M
current process commit charge ("private bytes"): 1550M, peak: 1555M

vm_info: Java HotSpot(TM) 64-Bit Server VM (21.0.10+8-LTS-217) for windows-amd64 JRE (21.0.10+8-LTS-217), built on 2025-12-18T14:59:28Z by "mach5run" with MS VC++ 17.13 (VS2022)

END.
